-- The C compiler identification is GNU 11.4.0
-- The CXX compiler identification is GNU 11.4.0
-- Detecting C compiler ABI info
-- Detecting C compiler ABI info - done
-- Check for working C compiler: /usr/bin/cc - skipped
-- Detecting C compile features
-- Detecting C compile features - done
-- Detecting CXX compiler ABI info
-- Detecting CXX compiler ABI info - done
-- Check for working CXX compiler: /usr/bin/c++ - skipped
-- Detecting CXX compile features
-- Detecting CXX compile features - done
-- get aimrt ...
-- get libunifex ...
-- Looking for C++ include coroutine
-- Looking for C++ include coroutine - found
-- Performing Test CXX_COROUTINES_NO_AWAIT_NEEDED
-- Performing Test CXX_COROUTINES_NO_AWAIT_NEEDED - Success
-- Looking for C++ include memory_resource
-- Looking for C++ include memory_resource - found
-- Performing Test CXX_MEMORY_RESOURCE_NO_LINK_NEEDED
-- Performing Test CXX_MEMORY_RESOURCE_NO_LINK_NEEDED - Success
-- Could NOT find LibUring (missing: LIBURING_INCLUDE_DIR) 
-- Looking for epoll_create
-- Looking for epoll_create - found
-- get fmt ...
-- Version: 10.2.1
-- Build type: Release
-- get protobuf ...
-- Protocol Buffers Configuring...
-- 
-- 3.21.12.0
-- Configuration script parsing status [
--   Description : Protocol Buffers
--   Version     : 3.21.12.0 (3.21.12)
--   Contact     : protobuf@googlegroups.com
-- ]
-- Performing Test protobuf_HAVE_LD_VERSION_SCRIPT
-- Performing Test protobuf_HAVE_LD_VERSION_SCRIPT - Success
-- Performing Test CMAKE_HAVE_LIBC_PTHREAD
-- Performing Test CMAKE_HAVE_LIBC_PTHREAD - Success
-- Found Threads: TRUE  
-- Performing Test protobuf_HAVE_BUILTIN_ATOMICS
-- Performing Test protobuf_HAVE_BUILTIN_ATOMICS - Success
-- Protocol Buffers Configuring done
-- get jsoncpp ...
-- JsonCpp Version: 1.9.6
-- Looking for C++ include clocale
-- Looking for C++ include clocale - found
-- Looking for localeconv
-- Looking for localeconv - found
-- Looking for C++ include sys/types.h
-- Looking for C++ include sys/types.h - found
-- Looking for C++ include stdint.h
-- Looking for C++ include stdint.h - found
-- Looking for C++ include stddef.h
-- Looking for C++ include stddef.h - found
-- Check size of lconv
-- Check size of lconv - done
-- Performing Test HAVE_DECIMAL_POINT
-- Performing Test HAVE_DECIMAL_POINT - Success
-- get yaml-cpp ...
-- Found rclcpp: 16.0.17 (/opt/ros/humble/share/rclcpp/cmake)
-- Found Python3: /usr/bin/python3 (found version "3.10.12") found components: Interpreter 
-- Found rosidl_generator_c: 3.1.8 (/opt/ros/humble/share/rosidl_generator_c/cmake)
-- Found rosidl_adapter: 3.1.8 (/opt/ros/humble/share/rosidl_adapter/cmake)
-- Found rosidl_generator_cpp: 3.1.8 (/opt/ros/humble/share/rosidl_generator_cpp/cmake)
-- Using all available rosidl_typesupport_c: rosidl_typesupport_fastrtps_c;rosidl_typesupport_introspection_c
-- Using all available rosidl_typesupport_cpp: rosidl_typesupport_fastrtps_cpp;rosidl_typesupport_introspection_cpp
-- Found rmw_implementation_cmake: 6.1.2 (/opt/ros/humble/share/rmw_implementation_cmake/cmake)
-- Found rmw_fastrtps_cpp: 6.2.9 (/opt/ros/humble/share/rmw_fastrtps_cpp/cmake)
-- Found OpenSSL: /usr/lib/x86_64-linux-gnu/libcrypto.so (found version "3.0.2")  
-- Found FastRTPS: /opt/ros/humble/include  
-- Using RMW implementation 'rmw_fastrtps_cpp' as default
-- get asio ...
-- get gflags ...
-- Looking for C++ include unistd.h
-- Looking for C++ include unistd.h - found
-- Looking for C++ include inttypes.h
-- Looking for C++ include inttypes.h - found
-- Looking for C++ include sys/stat.h
-- Looking for C++ include sys/stat.h - found
-- Looking for C++ include fnmatch.h
-- Looking for C++ include fnmatch.h - found
-- Check size of uint32_t
-- Check size of uint32_t - done
-- Looking for strtoll
-- Looking for strtoll - found
-- get yaml-cpp ...
-- get TBB ...
-- Checking for one of the modules 'hwloc'
-- Looking for getcontext
-- Looking for getcontext - found
-- IPO enabled
-- The tbbbind_2_5 target will be configured using the HWLOC 2.7.0
-- get cpptoml...
-- Found Doxygen: /usr/bin/doxygen (found version "1.9.1") found components: doxygen dot 
-- get iceoryx...
-- [i] IOX_REPRODUCIBLE_BUILD: ON
-- [i] <<<<<<<<<<<<< Start iceoryx_platform configuration: >>>>>>>>>>>>>
-- [i] IOX_PLATFORM_TEMP_DIR: /tmp/
-- [i] IOX_PLATFORM_LOCK_FILE_PATH_PREFIX: /tmp/
-- [i] IOX_PLATFORM_UDS_SOCKET_PATH_PREFIX: /tmp/
-- [i] IOX_PLATFORM_DEFAULT_CONFIG_LOCATION: /etc/
-- [i] IOX_PLATFORM_FEATURE_ACL: ON
-- [i] <<<<<<<<<<<<<< End iceoryx_platform configuration: >>>>>>>>>>>>>>
-- The package 'iceoryx_platform' is used in source code version.
-- [i] <<<<<<<<<<<<< Start iceoryx_hoofs configuration: >>>>>>>>>>>>>
-- [i] IOX_MINIMAL_LOG_LEVEL: Trace
-- [i] IOX_MAX_NAMED_PIPE_MESSAGE_SIZE: 4096
-- [i] IOX_MAX_NAMED_PIPE_NUMBER_OF_MESSAGES: 10
-- [i] <<<<<<<<<<<<<< End iceoryx_hoofs configuration: >>>>>>>>>>>>>>
-- The package 'iceoryx_hoofs' is used in source code version.
-- [i] <<<<<<<<<<<<< Start iceoryx_posh configuration: >>>>>>>>>>>>>
-- [i] Using m:n communication!
-- [i] IOX_MAX_PUBLISHERS: 512
-- [i] IOX_MAX_SUBSCRIBERS: 1024
-- [i] IOX_MAX_INTERFACE_NUMBER: 4
-- [i] IOX_MAX_SUBSCRIBERS_PER_PUBLISHER: 256
-- [i] IOX_MAX_CHUNKS_ALLOCATED_PER_PUBLISHER_SIMULTANEOUSLY: 8
-- [i] IOX_MAX_PUBLISHER_HISTORY: 16
-- [i] IOX_MAX_CHUNKS_HELD_PER_SUBSCRIBER_SIMULTANEOUSLY: 256
-- [i] IOX_MAX_PROCESS_NUMBER: 300
-- [i] IOX_MAX_NODE_NUMBER: 300
-- [i] IOX_MAX_NODE_PER_PROCESS: 1
-- [i] IOX_MAX_SHM_SEGMENTS: 100
-- [i] IOX_MAX_NUMBER_OF_MEMPOOLS: 32
-- [i] IOX_MAX_NUMBER_OF_CONDITION_VARIABLES: 1024
-- [i] IOX_MAX_NODE_NAME_LENGTH: 87
-- [i] IOX_MAX_ID_STRING_LENGTH: 100
-- [i] IOX_MAX_RUNTIME_NAME_LENGTH: 87
-- [i] IOX_MAX_SERVERS: 128
-- [i] IOX_MAX_CLIENTS: 512
-- [i] IOX_MAX_RESPONSES_PROCESSED_SIMULTANEOUSLY: 16
-- [i] IOX_MAX_RESPONSE_QUEUE_CAPACITY: 16
-- [i] IOX_MAX_REQUEST_QUEUE_CAPACITY: 1024
-- [i] IOX_MAX_CLIENTS_PER_SERVER: 256
-- [i] IOX_MAX_NUMBER_OF_NOTIFIERS: 256
-- [i] IOX_MAX_REQUESTS_PROCESSED_SIMULTANEOUSLY: 4
-- [i] IOX_DEFAULT_RESOURCE_PREFIX: iox1
-- [i] IOX_EXPERIMENTAL_POSH_FLAG: false
-- [i] IOX_INTERPROCESS_LOCK: mutex
-- [i] IOX_INTERPROCESS_SEMAPHORE: UnnamedSemaphore
-- [i] <<<<<<<<<<<<<< End iceoryx_posh configuration: >>>>>>>>>>>>>>
-- The package 'iceoryx_posh' is used in source code version.
-- Found rosidl_default_generators: 1.2.0 (/opt/ros/humble/share/rosidl_default_generators/cmake)
-- Found ament_cmake_ros: 0.10.0 (/opt/ros/humble/share/ament_cmake_ros/cmake)
-- Using all available rosidl_typesupport_c: rosidl_typesupport_fastrtps_c;rosidl_typesupport_introspection_c
-- Using all available rosidl_typesupport_cpp: rosidl_typesupport_fastrtps_cpp;rosidl_typesupport_introspection_cpp
-- Found PythonInterp: /usr/bin/python3 (found suitable version "3.10.12", minimum required is "3.6") 
-- Found python_cmake_module: 0.10.0 (/opt/ros/humble/share/python_cmake_module/cmake)
-- Found PythonLibs: /usr/lib/x86_64-linux-gnu/libpython3.10.so (found suitable version "3.10.12", minimum required is "3.5") 
-- Using PYTHON_EXECUTABLE: /usr/bin/python3
-- Using PYTHON_INCLUDE_DIRS: /usr/include/python3.10
-- Using PYTHON_LIBRARIES: /usr/lib/x86_64-linux-gnu/libpython3.10.so
-- Found PythonExtra: .so  
-- Found action_msgs: 1.2.2 (/opt/ros/humble/share/action_msgs/cmake)
-- Found ROS 2 message package: action_msgs
-- Found actionlib_msgs: 4.9.0 (/opt/ros/humble/share/actionlib_msgs/cmake)
-- Found ROS 2 message package: actionlib_msgs
-- Found actuator_msgs: 0.0.1 (/opt/ros/humble/share/actuator_msgs/cmake)
-- Found ROS 2 message package: actuator_msgs
-- Found diagnostic_msgs: 4.9.0 (/opt/ros/humble/share/diagnostic_msgs/cmake)
-- Found ROS 2 message package: diagnostic_msgs
-- Found geometry_msgs: 4.9.0 (/opt/ros/humble/share/geometry_msgs/cmake)
-- Found ROS 2 message package: geometry_msgs
-- ROS 2 message package NOT found: grid_map_msgs. Corresponding types will not be included.
-- Found lifecycle_msgs: 1.2.2 (/opt/ros/humble/share/lifecycle_msgs/cmake)
-- Found ROS 2 message package: lifecycle_msgs
-- Found map_msgs: 2.1.0 (/opt/ros/humble/share/map_msgs/cmake)
-- Found ROS 2 message package: map_msgs
-- ROS 2 message package NOT found: nav2_msgs. Corresponding types will not be included.
-- Found ROS 2 message package: nav_msgs
-- ROS 2 message package NOT found: octomap_msgs. Corresponding types will not be included.
-- Found pcl_msgs: 1.0.0 (/opt/ros/humble/share/pcl_msgs/cmake)
-- Found ROS 2 message package: pcl_msgs
-- Found pendulum_msgs: 0.20.7 (/opt/ros/humble/share/pendulum_msgs/cmake)
-- Found ROS 2 message package: pendulum_msgs
-- ROS 2 message package NOT found: plotjuggler_msgs. Corresponding types will not be included.
-- Found ROS 2 message package: std_msgs
-- Found stereo_msgs: 4.9.0 (/opt/ros/humble/share/stereo_msgs/cmake)
-- Found ROS 2 message package: stereo_msgs
-- Found test_msgs: 1.2.2 (/opt/ros/humble/share/test_msgs/cmake)
-- Found ROS 2 message package: test_msgs
-- Found tf2_msgs: 0.25.18 (/opt/ros/humble/share/tf2_msgs/cmake)
-- Found ROS 2 message package: tf2_msgs
-- Found trajectory_msgs: 4.9.0 (/opt/ros/humble/share/trajectory_msgs/cmake)
-- Found ROS 2 message package: trajectory_msgs
-- Found ROS 2 message package: unique_identifier_msgs
-- Found ROS 2 message package: sensor_msgs
-- Found visualization_msgs: 4.9.0 (/opt/ros/humble/share/visualization_msgs/cmake)
-- Found ROS 2 message package: visualization_msgs
-- Found shape_msgs: 4.9.0 (/opt/ros/humble/share/shape_msgs/cmake)
-- Found ROS 2 message package: shape_msgs
-- Found vision_msgs: 4.1.1 (/opt/ros/humble/share/vision_msgs/cmake)
-- Found ROS 2 message package: vision_msgs
-- Found ROS 2 message package: statistics_msgs
-- Found rosidl_default_generators: 1.2.0 (/opt/ros/humble/share/rosidl_default_generators/cmake)
-- Found ament_cmake_ros: 0.10.0 (/opt/ros/humble/share/ament_cmake_ros/cmake)
-- Using all available rosidl_typesupport_c: rosidl_typesupport_fastrtps_c;rosidl_typesupport_introspection_c
-- Using all available rosidl_typesupport_cpp: rosidl_typesupport_fastrtps_cpp;rosidl_typesupport_introspection_cpp
-- Found python_cmake_module: 0.10.0 (/opt/ros/humble/share/python_cmake_module/cmake)
-- Using PYTHON_EXECUTABLE: /usr/bin/python3
-- Using PYTHON_INCLUDE_DIRS: /usr/include/python3.10
-- Using PYTHON_LIBRARIES: /usr/lib/x86_64-linux-gnu/libpython3.10.so
-- Found ament_cmake: 1.3.12 (/opt/ros/humble/share/ament_cmake/cmake)
-- Found hardware_interface: 2.53.0 (/opt/ros/humble/share/hardware_interface/cmake)
-- Found rosidl_generator_c: 3.1.8 (/opt/ros/humble/share/rosidl_generator_c/cmake)
-- Found rosidl_adapter: 3.1.8 (/opt/ros/humble/share/rosidl_adapter/cmake)
-- Found rosidl_generator_cpp: 3.1.8 (/opt/ros/humble/share/rosidl_generator_cpp/cmake)
-- Using all available rosidl_typesupport_c: rosidl_typesupport_fastrtps_c;rosidl_typesupport_introspection_c
-- Using all available rosidl_typesupport_cpp: rosidl_typesupport_fastrtps_cpp;rosidl_typesupport_introspection_cpp
-- Found rmw_implementation_cmake: 6.1.2 (/opt/ros/humble/share/rmw_implementation_cmake/cmake)
-- Found rmw_fastrtps_cpp: 6.2.9 (/opt/ros/humble/share/rmw_fastrtps_cpp/cmake)
-- Found TinyXML2 via Config file: TinyXML2_DIR-NOTFOUND
-- Found TinyXML2 via Config file: TinyXML2_DIR-NOTFOUND
-- Found TinyXML2 via Config file: TinyXML2_DIR-NOTFOUND
-- Found TinyXML2 via Config file: TinyXML2_DIR-NOTFOUND
-- Using RMW implementation 'rmw_fastrtps_cpp' as default
-- Found realtime_tools: 2.15.0 (/opt/ros/humble/share/realtime_tools/cmake)
-- Found tf2_ros: 0.25.18 (/opt/ros/humble/share/tf2_ros/cmake)
-- Found aimdk_msgs: 0.0.0 (/home/suzumiyaharuhi/rl_deploy_v2/lxx2ultra_aimdk/install/aimdk_msgs/share/aimdk_msgs/cmake)
-- Found Boost: /usr/local/lib/cmake/Boost-1.80.0/BoostConfig.cmake (found version "1.80.0")  
-- Found ament_lint_auto: 0.12.14 (/opt/ros/humble/share/ament_lint_auto/cmake)
-- Added test 'cppcheck' to perform static code analysis on C / C++ code
-- Configured cppcheck include dirs: /home/suzumiyaharuhi/rl_deploy_v2/deploy/legged_system/include;/home/suzumiyaharuhi/rl_deploy_v2/deploy/legged_system/include/legged_system;$<BUILD_INTERFACE:/home/suzumiyaharuhi/rl_deploy_v2/deploy/legged_system/include>
-- Configured cppcheck exclude dirs and/or files: 
-- Added test 'lint_cmake' to check CMake code style
-- Added test 'uncrustify' to check C / C++ code style
-- Configured uncrustify additional arguments: 
-- Added test 'xmllint' to check XML markup files
-- Configuring done
-- Generating done
-- Build files have been written to: /home/suzumiyaharuhi/rl_deploy_v2/deploy/build/legged_system
[  0%] [34m[1mGenerating C code for ROS interfaces[0m
[  1%] [32mBuilding CXX object _deps/jsoncpp-build/src/lib_json/CMakeFiles/jsoncpp_static.dir/json_reader.cpp.o[0m
[  1%] [32mBuilding CXX object _deps/jsoncpp-build/src/lib_json/CMakeFiles/jsoncpp_static.dir/json_writer.cpp.o[0m
[  1%] [32mBuilding CXX object _deps/jsoncpp-build/src/lib_json/CMakeFiles/jsoncpp_static.dir/json_value.cpp.o[0m
[  1%] [32mBuilding CXX object _deps/libunifex-build/source/CMakeFiles/unifex.dir/async_mutex.cpp.o[0m
[  2%] [32mBuilding CXX object _deps/libunifex-build/source/CMakeFiles/unifex.dir/exception.cpp.o[0m
[  2%] [32mBuilding CXX object _deps/libunifex-build/source/CMakeFiles/unifex.dir/inplace_stop_token.cpp.o[0m
[  2%] [32mBuilding CXX object _deps/tbb-build/src/tbb/CMakeFiles/tbb.dir/address_waiter.cpp.o[0m
[  2%] [32mBuilding CXX object _deps/tbb-build/src/tbb/CMakeFiles/tbb.dir/allocator.cpp.o[0m
[  2%] [32mBuilding CXX object _deps/libunifex-build/source/CMakeFiles/unifex.dir/static_thread_pool.cpp.o[0m
[  2%] [32mBuilding CXX object _deps/yaml-cpp-build/CMakeFiles/yaml-cpp.dir/src/binary.cpp.o[0m
[  2%] [32mBuilding CXX object _deps/fmt-build/CMakeFiles/fmt.dir/src/format.cc.o[0m
[  2%] [32mBuilding CXX object _deps/libunifex-build/source/CMakeFiles/unifex.dir/manual_event_loop.cpp.o[0m
[  2%] [32mBuilding CXX object _deps/tbb-build/src/tbb/CMakeFiles/tbb.dir/arena.cpp.o[0m
[  3%] [32mBuilding CXX object _deps/yaml-cpp-build/CMakeFiles/yaml-cpp.dir/src/convert.cpp.o[0m
[  3%] [32mBuilding CXX object _deps/gflags-build/CMakeFiles/gflags_nothreads_static.dir/src/gflags.cc.o[0m
[  3%] [32mBuilding CXX object _deps/libunifex-build/source/CMakeFiles/unifex.dir/timed_single_thread_context.cpp.o[0m
[  4%] [32mBuilding CXX object _deps/tbb-build/src/tbb/CMakeFiles/tbb.dir/arena_slot.cpp.o[0m
[  4%] [32mBuilding CXX object _deps/libunifex-build/source/CMakeFiles/unifex.dir/thread_unsafe_event_loop.cpp.o[0m
[  4%] [32mBuilding CXX object _deps/protobuf-build/CMakeFiles/libprotobuf-lite.dir/src/google/protobuf/any_lite.cc.o[0m
[  4%] [32mBuilding CXX object _deps/tbb-build/src/tbbmalloc/CMakeFiles/tbbmalloc.dir/backref.cpp.o[0m
[  4%] [32mBuilding CXX object _deps/gflags-build/CMakeFiles/gflags_nothreads_static.dir/src/gflags_reporting.cc.o[0m
[  4%] [32mBuilding CXX object _deps/tbb-build/src/tbbmalloc/CMakeFiles/tbbmalloc.dir/backend.cpp.o[0m
[  4%] [32mBuilding CXX object _deps/tbb-build/src/tbbmalloc/CMakeFiles/tbbmalloc.dir/frontend.cpp.o[0m
[  4%] [32mBuilding CXX object _deps/fmt-build/CMakeFiles/fmt.dir/src/os.cc.o[0m
[  4%] [32mBuilding CXX object platform/CMakeFiles/iceoryx_platform.dir/generic/source/_string.cpp.o[0m
[  4%] [32mBuilding CXX object _deps/tbb-build/src/tbbbind/CMakeFiles/tbbbind_2_5.dir/tbb_bind.cpp.o[0m
[  4%] [32mBuilding CXX object _deps/libunifex-build/source/CMakeFiles/unifex.dir/trampoline_scheduler.cpp.o[0m
[  4%] [34m[1mGenerating C++ code for ROS interfaces[0m
[  4%] [34m[1mGenerating C++ code for ROS interfaces[0m
[  4%] [32mBuilding CXX object _deps/protobuf-build/CMakeFiles/libprotobuf.dir/src/google/protobuf/any_lite.cc.o[0m
[  4%] Built target ament_cmake_python_copy_aimrt_msgs
[  4%] [32mBuilding CXX object _deps/protobuf-build/CMakeFiles/libprotobuf.dir/src/google/protobuf/arena.cc.o[0m
[  4%] [32mBuilding CXX object platform/CMakeFiles/iceoryx_platform.dir/generic/source/acl_feature_off.cpp.o[0m
[  4%] [32mBuilding CXX object platform/CMakeFiles/iceoryx_platform.dir/generic/source/acl_feature_on.cpp.o[0m
[  4%] [32mBuilding CXX object platform/CMakeFiles/iceoryx_platform.dir/generic/source/logging.cpp.o[0m
[  4%] [32mBuilding CXX object platform/CMakeFiles/iceoryx_platform.dir/generic/source/stdlib.cpp.o[0m
[  4%] Built target ros2_plugin_proto__cpp
[  5%] [32mBuilding CXX object _deps/protobuf-build/CMakeFiles/libprotobuf.dir/src/google/protobuf/arenastring.cc.o[0m
[  6%] [32mBuilding CXX object _deps/tbb-build/src/tbb/CMakeFiles/tbb.dir/concurrent_bounded_queue.cpp.o[0m
[  7%] [32mBuilding CXX object _deps/libunifex-build/source/CMakeFiles/unifex.dir/async_manual_reset_event.cpp.o[0m
[  7%] [32mBuilding CXX object _deps/protobuf-build/CMakeFiles/libprotobuf.dir/src/google/protobuf/arenaz_sampler.cc.o[0m
[  7%] [32mBuilding CXX object platform/CMakeFiles/iceoryx_platform.dir/linux/source/file.cpp.o[0m
[  7%] [32mBuilding CXX object _deps/yaml-cpp-build/CMakeFiles/yaml-cpp.dir/src/depthguard.cpp.o[0m
[  8%] [32mBuilding CXX object platform/CMakeFiles/iceoryx_platform.dir/linux/source/fnctl.cpp.o[0m
[  9%] [32mBuilding CXX object _deps/protobuf-build/CMakeFiles/libprotobuf-lite.dir/src/google/protobuf/arena.cc.o[0m
[  9%] [32mBuilding C object _deps/aimrt-build/src/protocols/ros2/aimrt_msgs/CMakeFiles/aimrt_msgs__rosidl_generator_c.dir/rosidl_generator_c/aimrt_msgs/msg/detail/message_header__functions.c.o[0m
[  9%] Built target aimrt_msgs__cpp
[  9%] [32mBuilding CXX object platform/CMakeFiles/iceoryx_platform.dir/linux/source/grp.cpp.o[0m
[  9%] [32mBuilding CXX object _deps/protobuf-build/CMakeFiles/libprotobuf-lite.dir/src/google/protobuf/arenastring.cc.o[0m
[  9%] [32mBuilding CXX object _deps/tbb-build/src/tbbmalloc/CMakeFiles/tbbmalloc.dir/large_objects.cpp.o[0m
[  9%] [32mBuilding CXX object platform/CMakeFiles/iceoryx_platform.dir/linux/source/mman.cpp.o[0m
[  9%] [32mBuilding CXX object platform/CMakeFiles/iceoryx_platform.dir/linux/source/mqueue.cpp.o[0m
[  9%] [32mBuilding C object _deps/aimrt-build/src/protocols/ros2/aimrt_msgs/CMakeFiles/aimrt_msgs__rosidl_generator_c.dir/rosidl_generator_c/aimrt_msgs/msg/detail/touch_sensor_state_array__functions.c.o[0m
[  9%] [32mBuilding CXX object platform/CMakeFiles/iceoryx_platform.dir/linux/source/socket.cpp.o[0m
[  9%] [32mBuilding CXX object _deps/libunifex-build/source/CMakeFiles/unifex.dir/linux/mmap_region.cpp.o[0m
[  9%] [32mBuilding CXX object _deps/tbb-build/src/tbb/CMakeFiles/tbb.dir/dynamic_link.cpp.o[0m
[  9%] [32mBuilding CXX object platform/CMakeFiles/iceoryx_platform.dir/linux/source/unistd.cpp.o[0m
[  9%] [32mBuilding CXX object _deps/gflags-build/CMakeFiles/gflags_nothreads_static.dir/src/gflags_completions.cc.o[0m
[ 10%] [32mBuilding CXX object _deps/tbb-build/src/tbbmalloc/CMakeFiles/tbbmalloc.dir/tbbmalloc.cpp.o[0m
[ 10%] [32mBuilding CXX object _deps/protobuf-build/CMakeFiles/libprotobuf-lite.dir/src/google/protobuf/arenaz_sampler.cc.o[0m
[ 10%] [32mBuilding C object _deps/aimrt-build/src/protocols/ros2/aimrt_msgs/CMakeFiles/aimrt_msgs__rosidl_generator_c.dir/rosidl_generator_c/aimrt_msgs/msg/detail/touch_sensor_state__functions.c.o[0m
[ 10%] [32mBuilding C object _deps/aimrt-build/src/protocols/ros2/aimrt_msgs/CMakeFiles/aimrt_msgs__rosidl_generator_c.dir/rosidl_generator_c/aimrt_msgs/msg/detail/joint_state_array__functions.c.o[0m
[ 11%] [34m[1mGenerating C code for ROS interfaces[0m
[ 11%] [32mBuilding C object _deps/aimrt-build/src/protocols/ros2/aimrt_msgs/CMakeFiles/aimrt_msgs__rosidl_generator_c.dir/rosidl_generator_c/aimrt_msgs/msg/detail/joint_state__functions.c.o[0m
[ 11%] [32m[1mLinking CXX static library libiceoryx_platform.a[0m
[ 11%] Built target iceoryx_platform
[ 11%] [32mBuilding CXX object _deps/yaml-cpp-build/CMakeFiles/yaml-cpp.dir/src/directives.cpp.o[0m
[ 11%] [32mBuilding C object _deps/aimrt-build/src/protocols/ros2/aimrt_msgs/CMakeFiles/aimrt_msgs__rosidl_generator_c.dir/rosidl_generator_c/aimrt_msgs/msg/detail/joint_command_array__functions.c.o[0m
[ 11%] [32mBuilding CXX object _deps/yaml-cpp-build/CMakeFiles/yaml-cpp.dir/src/emit.cpp.o[0m
[ 11%] [34m[1mGenerating C++ type support for eProsima Fast-RTPS[0m
[ 11%] [34m[1mGenerating C++ introspection for ROS interfaces[0m
[ 11%] [32mBuilding CXX object _deps/libunifex-build/source/CMakeFiles/unifex.dir/linux/monotonic_clock.cpp.o[0m
[ 11%] Built target ament_cmake_python_copy_ros2_plugin_proto
[ 11%] [32mBuilding CXX object _deps/tbb-build/src/tbbmalloc/CMakeFiles/tbbmalloc.dir/__/__/__/tbb-src/src/tbb/itt_notify.cpp.o[0m
[ 11%] [32mBuilding C object _deps/aimrt-build/src/protocols/ros2/aimrt_msgs/CMakeFiles/aimrt_msgs__rosidl_generator_c.dir/rosidl_generator_c/aimrt_msgs/msg/detail/joint_command__functions.c.o[0m
[ 11%] [32mBuilding CXX object _deps/protobuf-build/CMakeFiles/libprotobuf.dir/src/google/protobuf/extension_set.cc.o[0m
[ 11%] [32mBuilding CXX object _deps/protobuf-build/CMakeFiles/libprotobuf-lite.dir/src/google/protobuf/extension_set.cc.o[0m
[ 11%] [32m[1mLinking C shared library libaimrt_msgs__rosidl_generator_c.so[0m
[ 11%] [32mBuilding CXX object _deps/tbb-build/src/tbb/CMakeFiles/tbb.dir/exception.cpp.o[0m
[ 11%] Built target aimrt_msgs__rosidl_generator_c
[ 11%] [32mBuilding CXX object hoofs/CMakeFiles/iceoryx_hoofs.dir/cli/source/arguments.cpp.o[0m
[ 11%] [34m[1mGenerating C++ type support dispatch for ROS interfaces[0m
[ 11%] [32mBuilding CXX object hoofs/CMakeFiles/iceoryx_hoofs.dir/cli/source/command_line_parser.cpp.o[0m
[ 11%] [32mBuilding CXX object hoofs/CMakeFiles/iceoryx_hoofs.dir/cli/source/option.cpp.o[0m
[ 11%] [32mBuilding CXX object _deps/protobuf-build/CMakeFiles/libprotobuf.dir/src/google/protobuf/generated_enum_util.cc.o[0m
[ 11%] [32mBuilding C object _deps/aimrt-build/src/protocols/plugins/ros2_plugin_proto/CMakeFiles/ros2_plugin_proto__rosidl_generator_c.dir/rosidl_generator_c/ros2_plugin_proto/msg/detail/ros_msg_wrapper__functions.c.o[0m
[ 11%] [32mBuilding CXX object _deps/libunifex-build/source/CMakeFiles/unifex.dir/linux/safe_file_descriptor.cpp.o[0m
[ 11%] [32mBuilding C object _deps/aimrt-build/src/protocols/plugins/ros2_plugin_proto/CMakeFiles/ros2_plugin_proto__rosidl_generator_c.dir/rosidl_generator_c/ros2_plugin_proto/srv/detail/ros_rpc_wrapper__functions.c.o[0m
[ 12%] [32mBuilding CXX object hoofs/CMakeFiles/iceoryx_hoofs.dir/cli/source/option_definition.cpp.o[0m
[ 12%] [32mBuilding CXX object _deps/protobuf-build/CMakeFiles/libprotobuf.dir/src/google/protobuf/generated_message_tctable_lite.cc.o[0m
[ 13%] [32mBuilding CXX object _deps/aimrt-build/src/protocols/plugins/ros2_plugin_proto/CMakeFiles/ros2_plugin_proto__rosidl_typesupport_introspection_cpp.dir/rosidl_typesupport_introspection_cpp/ros2_plugin_proto/msg/detail/ros_msg_wrapper__type_support.cpp.o[0m
[ 13%] [32mBuilding CXX object _deps/aimrt-build/src/protocols/plugins/ros2_plugin_proto/CMakeFiles/ros2_plugin_proto__rosidl_typesupport_fastrtps_cpp.dir/rosidl_typesupport_fastrtps_cpp/ros2_plugin_proto/msg/detail/dds_fastrtps/ros_msg_wrapper__type_support.cpp.o[0m
[ 13%] [32m[1mLinking CXX shared library ../../../../gnu_11.4_cxx20_64_release/libtbbbind_2_5.so[0m
[ 13%] [32mBuilding CXX object _deps/libunifex-build/source/CMakeFiles/unifex.dir/linux/io_epoll_context.cpp.o[0m
[ 13%] [32mBuilding CXX object _deps/aimrt-build/src/protocols/plugins/ros2_plugin_proto/CMakeFiles/ros2_plugin_proto__rosidl_typesupport_fastrtps_cpp.dir/rosidl_typesupport_fastrtps_cpp/ros2_plugin_proto/srv/detail/dds_fastrtps/ros_rpc_wrapper__type_support.cpp.o[0m
[ 13%] [32mBuilding CXX object _deps/tbb-build/src/tbb/CMakeFiles/tbb.dir/governor.cpp.o[0m
[ 13%] [32mBuilding CXX object hoofs/CMakeFiles/iceoryx_hoofs.dir/cli/source/option_manager.cpp.o[0m
[ 13%] [34m[1mGenerating C type support for eProsima Fast-RTPS[0m
[ 13%] [32m[1mLinking C shared library libros2_plugin_proto__rosidl_generator_c.so[0m
[ 13%] Built target ros2_plugin_proto__rosidl_generator_c
[ 13%] [32mBuilding CXX object _deps/protobuf-build/CMakeFiles/libprotobuf.dir/src/google/protobuf/generated_message_util.cc.o[0m
[ 13%] [32mBuilding CXX object _deps/yaml-cpp-build/CMakeFiles/yaml-cpp.dir/src/emitfromevents.cpp.o[0m
[ 13%] [32mBuilding CXX object _deps/aimrt-build/src/protocols/ros2/aimrt_msgs/CMakeFiles/aimrt_msgs__rosidl_typesupport_cpp.dir/rosidl_typesupport_cpp/aimrt_msgs/msg/message_header__type_support.cpp.o[0m
[ 13%] [32mBuilding CXX object _deps/tbb-build/src/tbb/CMakeFiles/tbb.dir/global_control.cpp.o[0m
[ 13%] Built target tbbbind_2_5
[ 13%] [32mBuilding CXX object _deps/aimrt-build/src/protocols/plugins/ros2_plugin_proto/CMakeFiles/ros2_plugin_proto__rosidl_typesupport_introspection_cpp.dir/rosidl_typesupport_introspection_cpp/ros2_plugin_proto/srv/detail/ros_rpc_wrapper__type_support.cpp.o[0m
[ 13%] [32mBuilding CXX object _deps/protobuf-build/CMakeFiles/libprotobuf.dir/src/google/protobuf/implicit_weak_message.cc.o[0m
[ 13%] [34m[1mGenerating C++ type support for eProsima Fast-RTPS[0m
[ 14%] [32mBuilding CXX object _deps/protobuf-build/CMakeFiles/libprotobuf.dir/src/google/protobuf/inlined_string_field.cc.o[0m
[ 14%] [32mBuilding CXX object hoofs/CMakeFiles/iceoryx_hoofs.dir/concurrent/buffer/source/mpmc_loffli.cpp.o[0m
[ 14%] [32mBuilding CXX object _deps/aimrt-build/src/protocols/ros2/aimrt_msgs/CMakeFiles/aimrt_msgs__rosidl_typesupport_cpp.dir/rosidl_typesupport_cpp/aimrt_msgs/msg/touch_sensor_state_array__type_support.cpp.o[0m
[ 14%] [32mBuilding CXX object _deps/tbb-build/src/tbb/CMakeFiles/tbb.dir/itt_notify.cpp.o[0m
[ 14%] [32mBuilding CXX object _deps/protobuf-build/CMakeFiles/libprotobuf-lite.dir/src/google/protobuf/generated_enum_util.cc.o[0m
[ 14%] [34m[1mGenerating C introspection for ROS interfaces[0m
[ 14%] [32mBuilding CXX object _deps/protobuf-build/CMakeFiles/libprotobuf.dir/src/google/protobuf/io/coded_stream.cc.o[0m
[ 14%] [32mBuilding CXX object _deps/protobuf-build/CMakeFiles/libprotobuf.dir/src/google/protobuf/io/io_win32.cc.o[0m
[ 14%] [32mBuilding CXX object _deps/protobuf-build/CMakeFiles/libprotobuf-lite.dir/src/google/protobuf/generated_message_tctable_lite.cc.o[0m
[ 14%] [32m[1mLinking CXX shared library libros2_plugin_proto__rosidl_typesupport_fastrtps_cpp.so[0m
[ 14%] [32mBuilding CXX object _deps/aimrt-build/src/protocols/ros2/aimrt_msgs/CMakeFiles/aimrt_msgs__rosidl_typesupport_fastrtps_c.dir/rosidl_typesupport_fastrtps_c/aimrt_msgs/msg/detail/message_header__type_support_c.cpp.o[0m
[ 14%] [32mBuilding CXX object _deps/tbb-build/src/tbb/CMakeFiles/tbb.dir/main.cpp.o[0m
[ 14%] Built target ros2_plugin_proto__rosidl_typesupport_fastrtps_cpp
[ 14%] [32mBuilding CXX object _deps/protobuf-build/CMakeFiles/libprotobuf-lite.dir/src/google/protobuf/generated_message_util.cc.o[0m
[ 14%] [32mBuilding CXX object _deps/yaml-cpp-build/CMakeFiles/yaml-cpp.dir/src/emitter.cpp.o[0m
[ 14%] [32mBuilding CXX object _deps/aimrt-build/src/protocols/ros2/aimrt_msgs/CMakeFiles/aimrt_msgs__rosidl_typesupport_cpp.dir/rosidl_typesupport_cpp/aimrt_msgs/msg/touch_sensor_state__type_support.cpp.o[0m
[ 14%] [34m[1mGenerating C type support dispatch for ROS interfaces[0m
[ 14%] [32m[1mLinking C shared library ../../../../gnu_11.4_cxx20_64_release/libtbbmalloc.so[0m
[ 14%] [32m[1mLinking CXX shared library libros2_plugin_proto__rosidl_typesupport_introspection_cpp.so[0m
[ 14%] [32mBuilding CXX object hoofs/CMakeFiles/iceoryx_hoofs.dir/concurrent/sync/source/spin_lock.cpp.o[0m
[ 14%] [32mBuilding CXX object _deps/aimrt-build/src/protocols/ros2/aimrt_msgs/CMakeFiles/aimrt_msgs__rosidl_typesupport_cpp.dir/rosidl_typesupport_cpp/aimrt_msgs/msg/joint_state_array__type_support.cpp.o[0m
[ 14%] [32mBuilding CXX object _deps/protobuf-build/CMakeFiles/libprotobuf.dir/src/google/protobuf/io/strtod.cc.o[0m
[ 14%] [32mBuilding CXX object _deps/aimrt-build/src/protocols/ros2/aimrt_msgs/CMakeFiles/aimrt_msgs__rosidl_typesupport_fastrtps_c.dir/rosidl_typesupport_fastrtps_c/aimrt_msgs/msg/detail/touch_sensor_state_array__type_support_c.cpp.o[0m
[ 14%] Built target ros2_plugin_proto__rosidl_typesupport_introspection_cpp
[ 15%] [32mBuilding CXX object _deps/protobuf-build/CMakeFiles/libprotobuf-lite.dir/src/google/protobuf/implicit_weak_message.cc.o[0m
[ 15%] [32mBuilding CXX object _deps/aimrt-build/src/protocols/ros2/aimrt_msgs/CMakeFiles/aimrt_msgs__rosidl_typesupport_fastrtps_cpp.dir/rosidl_typesupport_fastrtps_cpp/aimrt_msgs/msg/detail/dds_fastrtps/message_header__type_support.cpp.o[0m
[ 15%] [32mBuilding CXX object _deps/protobuf-build/CMakeFiles/libprotobuf.dir/src/google/protobuf/io/zero_copy_stream.cc.o[0m
[ 16%] [32mBuilding CXX object _deps/aimrt-build/src/protocols/ros2/aimrt_msgs/CMakeFiles/aimrt_msgs__rosidl_typesupport_cpp.dir/rosidl_typesupport_cpp/aimrt_msgs/msg/joint_state__type_support.cpp.o[0m
[ 16%] [32mBuilding CXX object _deps/aimrt-build/src/protocols/ros2/aimrt_msgs/CMakeFiles/aimrt_msgs__rosidl_typesupport_fastrtps_cpp.dir/rosidl_typesupport_fastrtps_cpp/aimrt_msgs/msg/detail/dds_fastrtps/touch_sensor_state_array__type_support.cpp.o[0m
[ 16%] [32mBuilding CXX object _deps/yaml-cpp-build/CMakeFiles/yaml-cpp.dir/src/emitterstate.cpp.o[0m
[ 16%] [32m[1mLinking CXX static library libunifex.a[0m
[ 16%] [32mBuilding C object _deps/aimrt-build/src/protocols/ros2/aimrt_msgs/CMakeFiles/aimrt_msgs__rosidl_typesupport_introspection_c.dir/rosidl_typesupport_introspection_c/aimrt_msgs/msg/detail/message_header__type_support.c.o[0m
[ 16%] [32m[1mLinking CXX static library libjsoncpp.a[0m
[ 16%] Built target unifex
[ 17%] [32mBuilding CXX object _deps/yaml-cpp-build/CMakeFiles/yaml-cpp.dir/src/emitterutils.cpp.o[0m
[ 18%] [32mBuilding CXX object _deps/aimrt-build/src/protocols/ros2/aimrt_msgs/CMakeFiles/aimrt_msgs__rosidl_typesupport_fastrtps_c.dir/rosidl_typesupport_fastrtps_c/aimrt_msgs/msg/detail/touch_sensor_state__type_support_c.cpp.o[0m
[ 18%] Built target jsoncpp_static
[ 18%] [32mBuilding CXX object _deps/aimrt-build/src/protocols/ros2/aimrt_msgs/CMakeFiles/aimrt_msgs__rosidl_typesupport_fastrtps_cpp.dir/rosidl_typesupport_fastrtps_cpp/aimrt_msgs/msg/detail/dds_fastrtps/touch_sensor_state__type_support.cpp.o[0m
[ 18%] [32mBuilding C object _deps/aimrt-build/src/protocols/ros2/aimrt_msgs/CMakeFiles/aimrt_msgs__rosidl_typesupport_introspection_c.dir/rosidl_typesupport_introspection_c/aimrt_msgs/msg/detail/touch_sensor_state_array__type_support.c.o[0m
[ 18%] [32mBuilding CXX object _deps/yaml-cpp-build/CMakeFiles/yaml-cpp.dir/src/exceptions.cpp.o[0m
[ 18%] [32mBuilding CXX object _deps/aimrt-build/src/protocols/ros2/aimrt_msgs/CMakeFiles/aimrt_msgs__rosidl_typesupport_c.dir/rosidl_typesupport_c/aimrt_msgs/msg/message_header__type_support.cpp.o[0m
[ 18%] [32mBuilding C object _deps/aimrt-build/src/protocols/ros2/aimrt_msgs/CMakeFiles/aimrt_msgs__rosidl_typesupport_introspection_c.dir/rosidl_typesupport_introspection_c/aimrt_msgs/msg/detail/touch_sensor_state__type_support.c.o[0m
[ 19%] [32mBuilding CXX object _deps/aimrt-build/src/protocols/ros2/aimrt_msgs/CMakeFiles/aimrt_msgs__rosidl_typesupport_c.dir/rosidl_typesupport_c/aimrt_msgs/msg/touch_sensor_state_array__type_support.cpp.o[0m
[ 20%] [34m[1mGenerating C++ introspection for ROS interfaces[0m
[ 21%] [32mBuilding C object _deps/aimrt-build/src/protocols/ros2/aimrt_msgs/CMakeFiles/aimrt_msgs__rosidl_typesupport_introspection_c.dir/rosidl_typesupport_introspection_c/aimrt_msgs/msg/detail/joint_state_array__type_support.c.o[0m
[ 21%] [32mBuilding CXX object _deps/aimrt-build/src/protocols/ros2/aimrt_msgs/CMakeFiles/aimrt_msgs__rosidl_typesupport_c.dir/rosidl_typesupport_c/aimrt_msgs/msg/touch_sensor_state__type_support.cpp.o[0m
[ 21%] [32mBuilding CXX object _deps/aimrt-build/src/protocols/ros2/aimrt_msgs/CMakeFiles/aimrt_msgs__rosidl_typesupport_c.dir/rosidl_typesupport_c/aimrt_msgs/msg/joint_state_array__type_support.cpp.o[0m
[ 22%] [34m[1mGenerating C++ type support dispatch for ROS interfaces[0m
[ 22%] [32mBuilding CXX object _deps/aimrt-build/src/protocols/ros2/aimrt_msgs/CMakeFiles/aimrt_msgs__rosidl_typesupport_cpp.dir/rosidl_typesupport_cpp/aimrt_msgs/msg/joint_command_array__type_support.cpp.o[0m
[ 22%] [32mBuilding CXX object _deps/aimrt-build/src/protocols/ros2/aimrt_msgs/CMakeFiles/aimrt_msgs__rosidl_typesupport_c.dir/rosidl_typesupport_c/aimrt_msgs/msg/joint_state__type_support.cpp.o[0m
[ 22%] [34m[1mGenerating C type support for eProsima Fast-RTPS[0m
[ 22%] [32mBuilding C object _deps/aimrt-build/src/protocols/ros2/aimrt_msgs/CMakeFiles/aimrt_msgs__rosidl_typesupport_introspection_c.dir/rosidl_typesupport_introspection_c/aimrt_msgs/msg/detail/joint_state__type_support.c.o[0m
[ 22%] [32mBuilding CXX object _deps/aimrt-build/src/protocols/ros2/aimrt_msgs/CMakeFiles/aimrt_msgs__rosidl_typesupport_c.dir/rosidl_typesupport_c/aimrt_msgs/msg/joint_command_array__type_support.cpp.o[0m
[ 22%] [32mBuilding C object _deps/aimrt-build/src/protocols/ros2/aimrt_msgs/CMakeFiles/aimrt_msgs__rosidl_typesupport_introspection_c.dir/rosidl_typesupport_introspection_c/aimrt_msgs/msg/detail/joint_command_array__type_support.c.o[0m
[ 22%] [32mBuilding C object _deps/aimrt-build/src/protocols/ros2/aimrt_msgs/CMakeFiles/aimrt_msgs__rosidl_typesupport_introspection_c.dir/rosidl_typesupport_introspection_c/aimrt_msgs/msg/detail/joint_command__type_support.c.o[0m
[ 22%] [32mBuilding CXX object _deps/aimrt-build/src/protocols/ros2/aimrt_msgs/CMakeFiles/aimrt_msgs__rosidl_typesupport_c.dir/rosidl_typesupport_c/aimrt_msgs/msg/joint_command__type_support.cpp.o[0m
[ 22%] [32mBuilding CXX object _deps/aimrt-build/src/protocols/ros2/aimrt_msgs/CMakeFiles/aimrt_msgs__rosidl_typesupport_cpp.dir/rosidl_typesupport_cpp/aimrt_msgs/msg/joint_command__type_support.cpp.o[0m
[ 22%] [32m[1mLinking CXX shared library libaimrt_msgs__rosidl_typesupport_c.so[0m
[ 22%] [32mBuilding CXX object _deps/protobuf-build/CMakeFiles/libprotobuf.dir/src/google/protobuf/io/zero_copy_stream_impl.cc.o[0m
[ 22%] [32mBuilding CXX object _deps/protobuf-build/CMakeFiles/libprotobuf.dir/src/google/protobuf/io/zero_copy_stream_impl_lite.cc.o[0m
[ 22%] [32mBuilding CXX object _deps/aimrt-build/src/protocols/ros2/aimrt_msgs/CMakeFiles/aimrt_msgs__rosidl_typesupport_fastrtps_c.dir/rosidl_typesupport_fastrtps_c/aimrt_msgs/msg/detail/joint_state_array__type_support_c.cpp.o[0m
[ 22%] [32m[1mLinking C shared library libaimrt_msgs__rosidl_typesupport_introspection_c.so[0m
[ 22%] Built target aimrt_msgs__rosidl_typesupport_c
[ 22%] [32mBuilding CXX object _deps/protobuf-build/CMakeFiles/libprotobuf-lite.dir/src/google/protobuf/inlined_string_field.cc.o[0m
[ 22%] Built target aimrt_msgs__rosidl_typesupport_introspection_c
[ 22%] [32mBuilding CXX object _deps/aimrt-build/src/protocols/ros2/aimrt_msgs/CMakeFiles/aimrt_msgs__rosidl_typesupport_fastrtps_c.dir/rosidl_typesupport_fastrtps_c/aimrt_msgs/msg/detail/joint_state__type_support_c.cpp.o[0m
[ 22%] [32mBuilding CXX object _deps/aimrt-build/src/protocols/ros2/aimrt_msgs/CMakeFiles/aimrt_msgs__rosidl_typesupport_fastrtps_cpp.dir/rosidl_typesupport_fastrtps_cpp/aimrt_msgs/msg/detail/dds_fastrtps/joint_state_array__type_support.cpp.o[0m
[ 22%] [32mBuilding CXX object _deps/yaml-cpp-build/CMakeFiles/yaml-cpp.dir/src/exp.cpp.o[0m
[ 22%] [32mBuilding CXX object _deps/protobuf-build/CMakeFiles/libprotobuf-lite.dir/src/google/protobuf/io/coded_stream.cc.o[0m
[ 23%] [32mBuilding CXX object _deps/protobuf-build/CMakeFiles/libprotobuf.dir/src/google/protobuf/map.cc.o[0m
[ 24%] [34m[1mGenerating C introspection for ROS interfaces[0m
[ 24%] [32mBuilding CXX object _deps/aimrt-build/src/protocols/plugins/ros2_plugin_proto/CMakeFiles/ros2_plugin_proto__rosidl_typesupport_cpp.dir/rosidl_typesupport_cpp/ros2_plugin_proto/msg/ros_msg_wrapper__type_support.cpp.o[0m
[ 24%] [34m[1mGenerating C type support dispatch for ROS interfaces[0m
[ 24%] [32mBuilding CXX object _deps/protobuf-build/CMakeFiles/libprotobuf-lite.dir/src/google/protobuf/io/io_win32.cc.o[0m
[ 25%] [32mBuilding CXX object _deps/tbb-build/src/tbb/CMakeFiles/tbb.dir/market.cpp.o[0m
running egg_info
creating aimrt_msgs.egg-info
writing aimrt_msgs.egg-info/PKG-INFO
writing dependency_links to aimrt_msgs.egg-info/dependency_links.txt
writing top-level names to aimrt_msgs.egg-info/top_level.txt
writing manifest file 'aimrt_msgs.egg-info/SOURCES.txt'
[ 25%] [32mBuilding CXX object hoofs/CMakeFiles/iceoryx_hoofs.dir/concurrent/sync/source/spin_semaphore.cpp.o[0m
[ 25%] [32mBuilding CXX object _deps/protobuf-build/CMakeFiles/libprotobuf-lite.dir/src/google/protobuf/io/strtod.cc.o[0m
[ 25%] [32mBuilding CXX object _deps/aimrt-build/src/protocols/plugins/ros2_plugin_proto/CMakeFiles/ros2_plugin_proto__rosidl_typesupport_fastrtps_c.dir/rosidl_typesupport_fastrtps_c/ros2_plugin_proto/msg/detail/ros_msg_wrapper__type_support_c.cpp.o[0m
[ 25%] [32m[1mLinking CXX shared library libaimrt_msgs__rosidl_typesupport_cpp.so[0m
reading manifest file 'aimrt_msgs.egg-info/SOURCES.txt'
writing manifest file 'aimrt_msgs.egg-info/SOURCES.txt'
[ 25%] Built target aimrt_msgs__rosidl_typesupport_cpp
[ 25%] [32mBuilding CXX object _deps/aimrt-build/src/protocols/plugins/ros2_plugin_proto/CMakeFiles/ros2_plugin_proto__rosidl_typesupport_cpp.dir/rosidl_typesupport_cpp/ros2_plugin_proto/srv/ros_rpc_wrapper__type_support.cpp.o[0m
[ 25%] [32mBuilding CXX object _deps/aimrt-build/src/protocols/ros2/aimrt_msgs/CMakeFiles/aimrt_msgs__rosidl_typesupport_introspection_cpp.dir/rosidl_typesupport_introspection_cpp/aimrt_msgs/msg/detail/message_header__type_support.cpp.o[0m
[ 25%] [32mBuilding CXX object _deps/aimrt-build/src/protocols/ros2/aimrt_msgs/CMakeFiles/aimrt_msgs__rosidl_typesupport_fastrtps_c.dir/rosidl_typesupport_fastrtps_c/aimrt_msgs/msg/detail/joint_command_array__type_support_c.cpp.o[0m
[ 25%] [32mBuilding CXX object _deps/aimrt-build/src/protocols/ros2/aimrt_msgs/CMakeFiles/aimrt_msgs__rosidl_typesupport_introspection_cpp.dir/rosidl_typesupport_introspection_cpp/aimrt_msgs/msg/detail/touch_sensor_state_array__type_support.cpp.o[0m
[ 25%] [32mBuilding CXX object _deps/aimrt-build/src/protocols/ros2/aimrt_msgs/CMakeFiles/aimrt_msgs__rosidl_typesupport_fastrtps_cpp.dir/rosidl_typesupport_fastrtps_cpp/aimrt_msgs/msg/detail/dds_fastrtps/joint_state__type_support.cpp.o[0m
[ 25%] Built target ament_cmake_python_build_aimrt_msgs_egg
[ 25%] [32mBuilding CXX object _deps/protobuf-build/CMakeFiles/libprotobuf.dir/src/google/protobuf/message_lite.cc.o[0m
[ 25%] [32mBuilding CXX object _deps/protobuf-build/CMakeFiles/libprotobuf-lite.dir/src/google/protobuf/io/zero_copy_stream.cc.o[0m
[ 25%] [32mBuilding CXX object _deps/yaml-cpp-build/CMakeFiles/yaml-cpp.dir/src/memory.cpp.o[0m
[ 25%] [32mBuilding CXX object _deps/aimrt-build/src/protocols/plugins/ros2_plugin_proto/CMakeFiles/ros2_plugin_proto__rosidl_typesupport_c.dir/rosidl_typesupport_c/ros2_plugin_proto/msg/ros_msg_wrapper__type_support.cpp.o[0m
[ 25%] [32mBuilding C object _deps/aimrt-build/src/protocols/plugins/ros2_plugin_proto/CMakeFiles/ros2_plugin_proto__rosidl_typesupport_introspection_c.dir/rosidl_typesupport_introspection_c/ros2_plugin_proto/msg/detail/ros_msg_wrapper__type_support.c.o[0m
[ 25%] [32mBuilding CXX object _deps/aimrt-build/src/protocols/plugins/ros2_plugin_proto/CMakeFiles/ros2_plugin_proto__rosidl_typesupport_c.dir/rosidl_typesupport_c/ros2_plugin_proto/srv/ros_rpc_wrapper__type_support.cpp.o[0m
[ 25%] [32mBuilding CXX object hoofs/CMakeFiles/iceoryx_hoofs.dir/filesystem/source/file_reader.cpp.o[0m
[ 25%] [32m[1mLinking CXX shared library libros2_plugin_proto__rosidl_typesupport_c.so[0m
[ 25%] [32mBuilding C object _deps/aimrt-build/src/protocols/plugins/ros2_plugin_proto/CMakeFiles/ros2_plugin_proto__rosidl_typesupport_introspection_c.dir/rosidl_typesupport_introspection_c/ros2_plugin_proto/srv/detail/ros_rpc_wrapper__type_support.c.o[0m
[ 25%] Built target ros2_plugin_proto__rosidl_typesupport_c
[ 25%] [32mBuilding CXX object _deps/aimrt-build/src/protocols/ros2/aimrt_msgs/CMakeFiles/aimrt_msgs__rosidl_typesupport_introspection_cpp.dir/rosidl_typesupport_introspection_cpp/aimrt_msgs/msg/detail/touch_sensor_state__type_support.cpp.o[0m
[ 25%] [32mBuilding CXX object _deps/aimrt-build/src/protocols/plugins/ros2_plugin_proto/CMakeFiles/ros2_plugin_proto__rosidl_typesupport_fastrtps_c.dir/rosidl_typesupport_fastrtps_c/ros2_plugin_proto/srv/detail/ros_rpc_wrapper__type_support_c.cpp.o[0m
[ 25%] [32mBuilding CXX object _deps/tbb-build/src/tbb/CMakeFiles/tbb.dir/tcm_adaptor.cpp.o[0m
[ 25%] [32mBuilding CXX object _deps/tbb-build/src/tbb/CMakeFiles/tbb.dir/misc.cpp.o[0m
[ 25%] [32mBuilding CXX object _deps/protobuf-build/CMakeFiles/libprotobuf-lite.dir/src/google/protobuf/io/zero_copy_stream_impl.cc.o[0m
[ 25%] [32m[1mLinking C shared library libros2_plugin_proto__rosidl_typesupport_introspection_c.so[0m
[ 25%] Built target ros2_plugin_proto__rosidl_typesupport_introspection_c
[ 25%] [32mBuilding CXX object _deps/yaml-cpp-build/CMakeFiles/yaml-cpp.dir/src/node.cpp.o[0m
[ 25%] [32m[1mLinking CXX shared library libros2_plugin_proto__rosidl_typesupport_cpp.so[0m
[ 25%] [32m[1mLinking CXX static library libgflags_nothreads.a[0m
[ 25%] [32mBuilding CXX object _deps/tbb-build/src/tbb/CMakeFiles/tbb.dir/misc_ex.cpp.o[0m
[ 25%] Built target ros2_plugin_proto__rosidl_typesupport_cpp
[ 25%] Built target gflags_nothreads_static
[ 25%] [32mBuilding CXX object _deps/tbb-build/src/tbb/CMakeFiles/tbb.dir/observer_proxy.cpp.o[0m
[ 26%] [32mBuilding CXX object _deps/aimrt-build/src/protocols/ros2/aimrt_msgs/CMakeFiles/aimrt_msgs__rosidl_typesupport_fastrtps_cpp.dir/rosidl_typesupport_fastrtps_cpp/aimrt_msgs/msg/detail/dds_fastrtps/joint_command_array__type_support.cpp.o[0m
[ 26%] [32mBuilding CXX object _deps/tbb-build/src/tbb/CMakeFiles/tbb.dir/parallel_pipeline.cpp.o[0m
[ 26%] [32mBuilding CXX object _deps/aimrt-build/src/protocols/ros2/aimrt_msgs/CMakeFiles/aimrt_msgs__rosidl_typesupport_fastrtps_c.dir/rosidl_typesupport_fastrtps_c/aimrt_msgs/msg/detail/joint_command__type_support_c.cpp.o[0m
[ 26%] [32mBuilding CXX object _deps/yaml-cpp-build/CMakeFiles/yaml-cpp.dir/src/node_data.cpp.o[0m
[ 26%] [32mBuilding CXX object _deps/tbb-build/src/tbb/CMakeFiles/tbb.dir/private_server.cpp.o[0m
[ 26%] [32mBuilding CXX object _deps/aimrt-build/src/protocols/ros2/aimrt_msgs/CMakeFiles/aimrt_msgs__rosidl_typesupport_fastrtps_cpp.dir/rosidl_typesupport_fastrtps_cpp/aimrt_msgs/msg/detail/dds_fastrtps/joint_command__type_support.cpp.o[0m
[ 26%] [32mBuilding CXX object _deps/aimrt-build/src/protocols/ros2/aimrt_msgs/CMakeFiles/aimrt_msgs__rosidl_typesupport_introspection_cpp.dir/rosidl_typesupport_introspection_cpp/aimrt_msgs/msg/detail/joint_state_array__type_support.cpp.o[0m
[ 26%] [32mBuilding CXX object _deps/yaml-cpp-build/CMakeFiles/yaml-cpp.dir/src/nodebuilder.cpp.o[0m
[ 26%] [32mBuilding CXX object hoofs/CMakeFiles/iceoryx_hoofs.dir/filesystem/source/filesystem.cpp.o[0m
[ 27%] [32mBuilding CXX object _deps/yaml-cpp-build/CMakeFiles/yaml-cpp.dir/src/nodeevents.cpp.o[0m
[ 27%] [32mBuilding CXX object _deps/aimrt-build/src/protocols/ros2/aimrt_msgs/CMakeFiles/aimrt_msgs__rosidl_typesupport_introspection_cpp.dir/rosidl_typesupport_introspection_cpp/aimrt_msgs/msg/detail/joint_state__type_support.cpp.o[0m
[ 28%] [32m[1mLinking CXX shared library libros2_plugin_proto__rosidl_typesupport_fastrtps_c.so[0m
[ 29%] [32mBuilding CXX object _deps/protobuf-build/CMakeFiles/libprotobuf-lite.dir/src/google/protobuf/io/zero_copy_stream_impl_lite.cc.o[0m
[ 29%] [32mBuilding CXX object _deps/protobuf-build/CMakeFiles/libprotobuf.dir/src/google/protobuf/parse_context.cc.o[0m
running egg_info
[ 29%] [32mBuilding CXX object _deps/yaml-cpp-build/CMakeFiles/yaml-cpp.dir/src/null.cpp.o[0m
creating ros2_plugin_proto.egg-info
writing ros2_plugin_proto.egg-info/PKG-INFO
writing dependency_links to ros2_plugin_proto.egg-info/dependency_links.txt
writing top-level names to ros2_plugin_proto.egg-info/top_level.txt
writing manifest file 'ros2_plugin_proto.egg-info/SOURCES.txt'
[ 29%] [32mBuilding CXX object _deps/protobuf-build/CMakeFiles/libprotobuf.dir/src/google/protobuf/repeated_field.cc.o[0m
[ 29%] Built target tbbmalloc
[ 29%] [32mBuilding CXX object _deps/yaml-cpp-build/CMakeFiles/yaml-cpp.dir/src/ostream_wrapper.cpp.o[0m
[ 29%] Built target ros2_plugin_proto__rosidl_typesupport_fastrtps_c
[ 29%] [32m[1mLinking CXX shared library libaimrt_msgs__rosidl_typesupport_fastrtps_c.so[0m
[ 30%] [32mBuilding CXX object _deps/tbb-build/src/tbb/CMakeFiles/tbb.dir/profiling.cpp.o[0m
[ 30%] [32mBuilding CXX object _deps/tbb-build/src/tbbmalloc_proxy/CMakeFiles/tbbmalloc_proxy.dir/function_replacement.cpp.o[0m
reading manifest file 'ros2_plugin_proto.egg-info/SOURCES.txt'
writing manifest file 'ros2_plugin_proto.egg-info/SOURCES.txt'
[ 30%] Built target ament_cmake_python_build_ros2_plugin_proto_egg
[ 30%] [32mBuilding CXX object _deps/protobuf-build/CMakeFiles/libprotobuf.dir/src/google/protobuf/repeated_ptr_field.cc.o[0m
[ 30%] Built target aimrt_msgs__rosidl_typesupport_fastrtps_c
[ 31%] [32mBuilding CXX object hoofs/CMakeFiles/iceoryx_hoofs.dir/memory/source/bump_allocator.cpp.o[0m
[ 31%] [32mBuilding CXX object _deps/yaml-cpp-build/CMakeFiles/yaml-cpp.dir/src/parse.cpp.o[0m
[ 31%] [32mBuilding CXX object _deps/aimrt-build/src/protocols/ros2/aimrt_msgs/CMakeFiles/aimrt_msgs__rosidl_typesupport_introspection_cpp.dir/rosidl_typesupport_introspection_cpp/aimrt_msgs/msg/detail/joint_command_array__type_support.cpp.o[0m
[ 32%] [32mBuilding CXX object _deps/aimrt-build/src/protocols/ros2/aimrt_msgs/CMakeFiles/aimrt_msgs__rosidl_typesupport_introspection_cpp.dir/rosidl_typesupport_introspection_cpp/aimrt_msgs/msg/detail/joint_command__type_support.cpp.o[0m
[ 32%] [32m[1mLinking CXX shared library libaimrt_msgs__rosidl_typesupport_fastrtps_cpp.so[0m
[ 32%] [32mBuilding CXX object _deps/protobuf-build/CMakeFiles/libprotobuf.dir/src/google/protobuf/stubs/bytestream.cc.o[0m
[ 32%] Built target ros2_plugin_proto
[ 32%] [32mBuilding CXX object _deps/protobuf-build/CMakeFiles/libprotobuf.dir/src/google/protobuf/stubs/common.cc.o[0m
[ 32%] [32mBuilding CXX object _deps/tbb-build/src/tbb/CMakeFiles/tbb.dir/rml_tbb.cpp.o[0m
[ 32%] Built target aimrt_msgs__rosidl_typesupport_fastrtps_cpp
[ 32%] [32mBuilding CXX object _deps/protobuf-build/CMakeFiles/libprotobuf-lite.dir/src/google/protobuf/map.cc.o[0m
[ 32%] [32mBuilding CXX object _deps/tbb-build/src/tbbmalloc_proxy/CMakeFiles/tbbmalloc_proxy.dir/proxy.cpp.o[0m
[ 32%] [32mBuilding CXX object _deps/protobuf-build/CMakeFiles/libprotobuf-lite.dir/src/google/protobuf/message_lite.cc.o[0m
[ 32%] [32mBuilding CXX object hoofs/CMakeFiles/iceoryx_hoofs.dir/memory/source/memory.cpp.o[0m
[ 32%] [32mBuilding CXX object _deps/tbb-build/src/tbb/CMakeFiles/tbb.dir/rtm_mutex.cpp.o[0m
[ 32%] [32mBuilding CXX object _deps/yaml-cpp-build/CMakeFiles/yaml-cpp.dir/src/parser.cpp.o[0m
[ 33%] [34m[1mGenerating Python code for ROS interfaces[0m
[ 34%] [32mBuilding CXX object _deps/protobuf-build/CMakeFiles/libprotobuf.dir/src/google/protobuf/stubs/int128.cc.o[0m
[ 34%] [32mBuilding CXX object _deps/tbb-build/src/tbb/CMakeFiles/tbb.dir/rtm_rw_mutex.cpp.o[0m
[ 34%] [32m[1mLinking CXX shared library libaimrt_msgs__rosidl_typesupport_introspection_cpp.so[0m
[ 34%] [32mBuilding CXX object _deps/yaml-cpp-build/CMakeFiles/yaml-cpp.dir/src/regex_yaml.cpp.o[0m
[ 34%] [32mBuilding CXX object _deps/protobuf-build/CMakeFiles/libprotobuf-lite.dir/src/google/protobuf/parse_context.cc.o[0m
[ 34%] [32mBuilding CXX object hoofs/CMakeFiles/iceoryx_hoofs.dir/memory/source/relative_pointer_data.cpp.o[0m
[ 34%] [32mBuilding CXX object _deps/tbb-build/src/tbb/CMakeFiles/tbb.dir/semaphore.cpp.o[0m
[ 34%] Built target aimrt_msgs__rosidl_typesupport_introspection_cpp
[ 34%] Built target aimrt_msgs
[ 34%] [32mBuilding CXX object _deps/yaml-cpp-build/CMakeFiles/yaml-cpp.dir/src/scanner.cpp.o[0m
[ 34%] [32mBuilding CXX object _deps/tbb-build/src/tbb/CMakeFiles/tbb.dir/small_object_pool.cpp.o[0m
[ 34%] [32mBuilding CXX object hoofs/CMakeFiles/iceoryx_hoofs.dir/primitives/source/type_traits.cpp.o[0m
[ 34%] [32mBuilding CXX object _deps/protobuf-build/CMakeFiles/libprotobuf.dir/src/google/protobuf/stubs/status.cc.o[0m
[ 34%] [32mBuilding CXX object hoofs/CMakeFiles/iceoryx_hoofs.dir/reporting/source/default_error_handler.cpp.o[0m
[ 34%] [32mBuilding CXX object _deps/protobuf-build/CMakeFiles/libprotobuf-lite.dir/src/google/protobuf/repeated_field.cc.o[0m
[ 34%] [32mBuilding CXX object hoofs/CMakeFiles/iceoryx_hoofs.dir/reporting/source/hoofs_error_reporting.cpp.o[0m
[ 34%] [32mBuilding CXX object _deps/protobuf-build/CMakeFiles/libprotobuf-lite.dir/src/google/protobuf/repeated_ptr_field.cc.o[0m
[ 34%] [32mBuilding CXX object _deps/protobuf-build/CMakeFiles/libprotobuf.dir/src/google/protobuf/stubs/statusor.cc.o[0m
[ 35%] [32mBuilding CXX object _deps/yaml-cpp-build/CMakeFiles/yaml-cpp.dir/src/scanscalar.cpp.o[0m
[ 35%] [32mBuilding CXX object _deps/yaml-cpp-build/CMakeFiles/yaml-cpp.dir/src/scantag.cpp.o[0m
[ 35%] [32mBuilding CXX object _deps/yaml-cpp-build/CMakeFiles/yaml-cpp.dir/src/scantoken.cpp.o[0m
[ 35%] [32mBuilding CXX object _deps/protobuf-build/CMakeFiles/libprotobuf.dir/src/google/protobuf/stubs/stringpiece.cc.o[0m
[ 35%] [32mBuilding CXX object _deps/tbb-build/src/tbb/CMakeFiles/tbb.dir/task.cpp.o[0m
[ 36%] [32mBuilding CXX object _deps/tbb-build/src/tbb/CMakeFiles/tbb.dir/task_dispatcher.cpp.o[0m
[ 36%] [34m[1mGenerating Python code for ROS interfaces[0m
[ 36%] [32m[1mLinking CXX static library libfmt.a[0m
[ 36%] Built target fmt
[ 36%] [32mBuilding CXX object hoofs/CMakeFiles/iceoryx_hoofs.dir/reporting/source/console_logger.cpp.o[0m
[ 36%] [32mBuilding CXX object _deps/tbb-build/src/tbb/CMakeFiles/tbb.dir/task_group_context.cpp.o[0m
[ 36%] Built target ros2_plugin_proto__py
[ 36%] [32mBuilding CXX object _deps/yaml-cpp-build/CMakeFiles/yaml-cpp.dir/src/simplekey.cpp.o[0m
[ 36%] [32mBuilding CXX object _deps/yaml-cpp-build/CMakeFiles/yaml-cpp.dir/src/singledocparser.cpp.o[0m
[ 36%] [32mBuilding CXX object _deps/protobuf-build/CMakeFiles/libprotobuf.dir/src/google/protobuf/stubs/stringprintf.cc.o[0m
[ 37%] [32mBuilding CXX object hoofs/CMakeFiles/iceoryx_hoofs.dir/reporting/source/logger.cpp.o[0m
[ 37%] [32mBuilding CXX object _deps/tbb-build/src/tbb/CMakeFiles/tbb.dir/thread_dispatcher.cpp.o[0m
[ 37%] [32mBuilding CXX object _deps/protobuf-build/CMakeFiles/libprotobuf-lite.dir/src/google/protobuf/stubs/bytestream.cc.o[0m
[ 37%] [32mBuilding C object _deps/aimrt-build/src/protocols/plugins/ros2_plugin_proto/CMakeFiles/ros2_plugin_proto__rosidl_generator_py.dir/rosidl_generator_py/ros2_plugin_proto/msg/_ros_msg_wrapper_s.c.o[0m
[ 37%] [32mBuilding CXX object _deps/tbb-build/src/tbb/CMakeFiles/tbb.dir/thread_request_serializer.cpp.o[0m
[ 37%] [32mBuilding CXX object _deps/protobuf-build/CMakeFiles/libprotobuf.dir/src/google/protobuf/stubs/structurally_valid.cc.o[0m
[ 37%] [32mBuilding CXX object _deps/tbb-build/src/tbb/CMakeFiles/tbb.dir/threading_control.cpp.o[0m
[ 37%] [32mBuilding C object _deps/aimrt-build/src/protocols/plugins/ros2_plugin_proto/CMakeFiles/ros2_plugin_proto__rosidl_generator_py.dir/rosidl_generator_py/ros2_plugin_proto/srv/_ros_rpc_wrapper_s.c.o[0m
[ 38%] [32mBuilding CXX object _deps/protobuf-build/CMakeFiles/libprotobuf-lite.dir/src/google/protobuf/stubs/common.cc.o[0m
[ 38%] [32mBuilding CXX object _deps/protobuf-build/CMakeFiles/libprotobuf.dir/src/google/protobuf/stubs/strutil.cc.o[0m
[ 38%] [32mBuilding CXX object _deps/protobuf-build/CMakeFiles/libprotobuf-lite.dir/src/google/protobuf/stubs/int128.cc.o[0m
[ 38%] [32mBuilding CXX object _deps/tbb-build/src/tbb/CMakeFiles/tbb.dir/version.cpp.o[0m
[ 38%] [32mBuilding CXX object hoofs/CMakeFiles/iceoryx_hoofs.dir/reporting/source/logging.cpp.o[0m
[ 38%] [32mBuilding CXX object _deps/tbb-build/src/tbb/CMakeFiles/tbb.dir/queuing_rw_mutex.cpp.o[0m
[ 39%] [32mBuilding CXX object _deps/protobuf-build/CMakeFiles/libprotobuf.dir/src/google/protobuf/stubs/time.cc.o[0m
[ 39%] [32mBuilding CXX object _deps/yaml-cpp-build/CMakeFiles/yaml-cpp.dir/src/stream.cpp.o[0m
[ 39%] [32m[1mLinking CXX shared library ../../../../gnu_11.4_cxx20_64_release/libtbbmalloc_proxy.so[0m
[ 40%] [32m[1mLinking C shared library rosidl_generator_py/ros2_plugin_proto/libros2_plugin_proto__rosidl_generator_py.so[0m
[ 40%] [32mBuilding CXX object hoofs/CMakeFiles/iceoryx_hoofs.dir/time/source/duration.cpp.o[0m
[ 40%] Built target ros2_plugin_proto__rosidl_generator_py
[ 40%] [32mBuilding CXX object _deps/yaml-cpp-build/CMakeFiles/yaml-cpp.dir/src/tag.cpp.o[0m
[ 40%] Built target tbbmalloc_proxy
[ 40%] [32mBuilding CXX object _deps/protobuf-build/CMakeFiles/libprotobuf-lite.dir/src/google/protobuf/stubs/status.cc.o[0m
[ 40%] [32mBuilding CXX object _deps/protobuf-build/CMakeFiles/libprotobuf-lite.dir/src/google/protobuf/stubs/statusor.cc.o[0m
[ 40%] [32mBuilding CXX object hoofs/CMakeFiles/iceoryx_hoofs.dir/utility/source/unique_id.cpp.o[0m
[ 40%] [32mBuilding C object _deps/aimrt-build/src/protocols/plugins/ros2_plugin_proto/CMakeFiles/ros2_plugin_proto__rosidl_typesupport_fastrtps_c__pyext.dir/rosidl_generator_py/ros2_plugin_proto/_ros2_plugin_proto_s.ep.rosidl_typesupport_fastrtps_c.c.o[0m
[ 40%] [32mBuilding CXX object _deps/protobuf-build/CMakeFiles/libprotobuf-lite.dir/src/google/protobuf/stubs/stringpiece.cc.o[0m
[ 40%] [32mBuilding CXX object _deps/protobuf-build/CMakeFiles/libprotobuf.dir/src/google/protobuf/wire_format_lite.cc.o[0m
[ 40%] [32mBuilding CXX object hoofs/CMakeFiles/iceoryx_hoofs.dir/posix/auth/source/posix_group.cpp.o[0m
[ 40%] [32mBuilding C object _deps/aimrt-build/src/protocols/plugins/ros2_plugin_proto/CMakeFiles/ros2_plugin_proto__rosidl_typesupport_c__pyext.dir/rosidl_generator_py/ros2_plugin_proto/_ros2_plugin_proto_s.ep.rosidl_typesupport_c.c.o[0m
[ 40%] [32mBuilding C object _deps/aimrt-build/src/protocols/plugins/ros2_plugin_proto/CMakeFiles/ros2_plugin_proto__rosidl_typesupport_introspection_c__pyext.dir/rosidl_generator_py/ros2_plugin_proto/_ros2_plugin_proto_s.ep.rosidl_typesupport_introspection_c.c.o[0m
[ 40%] Built target aimrt_msgs__py
[ 40%] [32mBuilding CXX object hoofs/CMakeFiles/iceoryx_hoofs.dir/posix/auth/source/posix_user.cpp.o[0m
[ 40%] [32mBuilding CXX object _deps/protobuf-build/CMakeFiles/libprotobuf-lite.dir/src/google/protobuf/stubs/stringprintf.cc.o[0m
[ 40%] [32m[1mLinking C shared library rosidl_generator_py/ros2_plugin_proto/ros2_plugin_proto_s__rosidl_typesupport_fastrtps_c.cpython-310-x86_64-linux-gnu.so[0m
[ 40%] Built target ros2_plugin_proto__rosidl_typesupport_fastrtps_c__pyext
[ 40%] [32mBuilding CXX object _deps/protobuf-build/CMakeFiles/libprotobuf-lite.dir/src/google/protobuf/stubs/structurally_valid.cc.o[0m
[ 40%] [32mBuilding CXX object _deps/protobuf-build/CMakeFiles/libprotobuf.dir/src/google/protobuf/any.cc.o[0m
[ 40%] [32m[1mLinking C shared library rosidl_generator_py/ros2_plugin_proto/ros2_plugin_proto_s__rosidl_typesupport_c.cpython-310-x86_64-linux-gnu.so[0m
[ 41%] [32mBuilding CXX object _deps/protobuf-build/CMakeFiles/libprotobuf-lite.dir/src/google/protobuf/stubs/strutil.cc.o[0m
[ 41%] [32m[1mLinking C shared library rosidl_generator_py/ros2_plugin_proto/ros2_plugin_proto_s__rosidl_typesupport_introspection_c.cpython-310-x86_64-linux-gnu.so[0m
[ 41%] Built target ros2_plugin_proto__rosidl_typesupport_c__pyext
[ 41%] [32mBuilding C object _deps/aimrt-build/src/protocols/ros2/aimrt_msgs/CMakeFiles/aimrt_msgs__rosidl_generator_py.dir/rosidl_generator_py/aimrt_msgs/msg/_message_header_s.c.o[0m
[ 41%] [32mBuilding CXX object _deps/protobuf-build/CMakeFiles/libprotobuf.dir/src/google/protobuf/any.pb.cc.o[0m
[ 41%] Built target ros2_plugin_proto__rosidl_typesupport_introspection_c__pyext
[ 41%] [32mBuilding CXX object hoofs/CMakeFiles/iceoryx_hoofs.dir/posix/design/source/file_management_interface.cpp.o[0m
[ 41%] [32mBuilding CXX object _deps/protobuf-build/CMakeFiles/libprotobuf.dir/src/google/protobuf/api.pb.cc.o[0m
[ 41%] [32mBuilding C object _deps/aimrt-build/src/protocols/ros2/aimrt_msgs/CMakeFiles/aimrt_msgs__rosidl_generator_py.dir/rosidl_generator_py/aimrt_msgs/msg/_touch_sensor_state_array_s.c.o[0m
[ 41%] [32mBuilding CXX object _deps/protobuf-build/CMakeFiles/libprotobuf-lite.dir/src/google/protobuf/stubs/time.cc.o[0m
[ 41%] [32mBuilding C object _deps/aimrt-build/src/protocols/ros2/aimrt_msgs/CMakeFiles/aimrt_msgs__rosidl_generator_py.dir/rosidl_generator_py/aimrt_msgs/msg/_touch_sensor_state_s.c.o[0m
[ 42%] [32mBuilding CXX object hoofs/CMakeFiles/iceoryx_hoofs.dir/posix/ipc/source/message_queue.cpp.o[0m
[ 42%] [32mBuilding CXX object hoofs/CMakeFiles/iceoryx_hoofs.dir/posix/ipc/source/named_pipe.cpp.o[0m
[ 42%] [32mBuilding CXX object _deps/protobuf-build/CMakeFiles/libprotobuf.dir/src/google/protobuf/compiler/importer.cc.o[0m
[ 42%] [32mBuilding CXX object _deps/protobuf-build/CMakeFiles/libprotobuf-lite.dir/src/google/protobuf/wire_format_lite.cc.o[0m
[ 42%] [32mBuilding CXX object hoofs/CMakeFiles/iceoryx_hoofs.dir/posix/ipc/source/posix_memory_map.cpp.o[0m
[ 43%] [32mBuilding C object _deps/aimrt-build/src/protocols/ros2/aimrt_msgs/CMakeFiles/aimrt_msgs__rosidl_generator_py.dir/rosidl_generator_py/aimrt_msgs/msg/_joint_state_array_s.c.o[0m
[ 43%] [32mBuilding C object _deps/aimrt-build/src/protocols/ros2/aimrt_msgs/CMakeFiles/aimrt_msgs__rosidl_generator_py.dir/rosidl_generator_py/aimrt_msgs/msg/_joint_state_s.c.o[0m
[ 43%] [32mBuilding CXX object _deps/protobuf-build/CMakeFiles/libprotobuf.dir/src/google/protobuf/compiler/parser.cc.o[0m
[ 44%] [32mBuilding CXX object _deps/protobuf-build/CMakeFiles/libprotobuf.dir/src/google/protobuf/descriptor.cc.o[0m
[ 44%] [32mBuilding CXX object _deps/protobuf-build/CMakeFiles/libprotobuf.dir/src/google/protobuf/descriptor.pb.cc.o[0m
[ 44%] [32mBuilding CXX object hoofs/CMakeFiles/iceoryx_hoofs.dir/posix/ipc/source/posix_shared_memory.cpp.o[0m
[ 44%] [32mBuilding CXX object _deps/protobuf-build/CMakeFiles/libprotobuf.dir/src/google/protobuf/descriptor_database.cc.o[0m
[ 44%] [32mBuilding CXX object hoofs/CMakeFiles/iceoryx_hoofs.dir/posix/ipc/source/posix_shared_memory_object.cpp.o[0m
[ 44%] [32mBuilding C object _deps/aimrt-build/src/protocols/ros2/aimrt_msgs/CMakeFiles/aimrt_msgs__rosidl_generator_py.dir/rosidl_generator_py/aimrt_msgs/msg/_joint_command_array_s.c.o[0m
[ 44%] [32mBuilding C object _deps/aimrt-build/src/protocols/ros2/aimrt_msgs/CMakeFiles/aimrt_msgs__rosidl_generator_py.dir/rosidl_generator_py/aimrt_msgs/msg/_joint_command_s.c.o[0m
[ 44%] [32mBuilding CXX object hoofs/CMakeFiles/iceoryx_hoofs.dir/posix/ipc/source/unix_domain_socket.cpp.o[0m
[ 44%] [32mBuilding CXX object hoofs/CMakeFiles/iceoryx_hoofs.dir/posix/filesystem/source/file.cpp.o[0m
[ 44%] [32mBuilding CXX object _deps/protobuf-build/CMakeFiles/libprotobuf.dir/src/google/protobuf/duration.pb.cc.o[0m
[ 44%] [32mBuilding CXX object _deps/protobuf-build/CMakeFiles/libprotobuf.dir/src/google/protobuf/dynamic_message.cc.o[0m
[ 44%] [32m[1mLinking C shared library rosidl_generator_py/aimrt_msgs/libaimrt_msgs__rosidl_generator_py.so[0m
[ 44%] [32mBuilding CXX object _deps/protobuf-build/CMakeFiles/libprotobuf.dir/src/google/protobuf/empty.pb.cc.o[0m
[ 45%] [32mBuilding CXX object hoofs/CMakeFiles/iceoryx_hoofs.dir/posix/filesystem/source/file_lock.cpp.o[0m
[ 45%] Built target aimrt_msgs__rosidl_generator_py
[ 45%] [32mBuilding C object _deps/aimrt-build/src/protocols/ros2/aimrt_msgs/CMakeFiles/aimrt_msgs__rosidl_typesupport_fastrtps_c__pyext.dir/rosidl_generator_py/aimrt_msgs/_aimrt_msgs_s.ep.rosidl_typesupport_fastrtps_c.c.o[0m
[ 45%] [32mBuilding C object _deps/aimrt-build/src/protocols/ros2/aimrt_msgs/CMakeFiles/aimrt_msgs__rosidl_typesupport_introspection_c__pyext.dir/rosidl_generator_py/aimrt_msgs/_aimrt_msgs_s.ep.rosidl_typesupport_introspection_c.c.o[0m
[ 45%] [32mBuilding CXX object hoofs/CMakeFiles/iceoryx_hoofs.dir/posix/filesystem/source/posix_acl.cpp.o[0m
[ 45%] [32mBuilding CXX object hoofs/CMakeFiles/iceoryx_hoofs.dir/posix/sync/source/mutex.cpp.o[0m
[ 45%] [32mBuilding CXX object _deps/protobuf-build/CMakeFiles/libprotobuf.dir/src/google/protobuf/extension_set_heavy.cc.o[0m
[ 46%] [32m[1mLinking CXX shared library ../../../../gnu_11.4_cxx20_64_release/libtbb.so[0m
[ 46%] [32m[1mLinking C shared library rosidl_generator_py/aimrt_msgs/aimrt_msgs_s__rosidl_typesupport_introspection_c.cpython-310-x86_64-linux-gnu.so[0m
[ 47%] [32m[1mLinking C shared library rosidl_generator_py/aimrt_msgs/aimrt_msgs_s__rosidl_typesupport_fastrtps_c.cpython-310-x86_64-linux-gnu.so[0m
[ 48%] [32mBuilding C object _deps/aimrt-build/src/protocols/ros2/aimrt_msgs/CMakeFiles/aimrt_msgs__rosidl_typesupport_c__pyext.dir/rosidl_generator_py/aimrt_msgs/_aimrt_msgs_s.ep.rosidl_typesupport_c.c.o[0m
[ 48%] Built target aimrt_msgs__rosidl_typesupport_introspection_c__pyext
[ 48%] [32mBuilding CXX object hoofs/CMakeFiles/iceoryx_hoofs.dir/posix/sync/source/named_semaphore.cpp.o[0m
[ 48%] [32mBuilding CXX object hoofs/CMakeFiles/iceoryx_hoofs.dir/posix/sync/source/signal_handler.cpp.o[0m
[ 48%] Built target aimrt_msgs__rosidl_typesupport_fastrtps_c__pyext
[ 49%] [32mBuilding CXX object _deps/protobuf-build/CMakeFiles/libprotobuf.dir/src/google/protobuf/field_mask.pb.cc.o[0m
[ 49%] [32mBuilding CXX object hoofs/CMakeFiles/iceoryx_hoofs.dir/posix/sync/source/signal_watcher.cpp.o[0m
[ 49%] [32mBuilding CXX object _deps/protobuf-build/CMakeFiles/libprotobuf.dir/src/google/protobuf/generated_message_bases.cc.o[0m
[ 49%] [32mBuilding CXX object hoofs/CMakeFiles/iceoryx_hoofs.dir/posix/sync/source/semaphore_helper.cpp.o[0m
[ 50%] [32mBuilding CXX object hoofs/CMakeFiles/iceoryx_hoofs.dir/posix/sync/source/thread.cpp.o[0m
[ 50%] [32mBuilding CXX object _deps/protobuf-build/CMakeFiles/libprotobuf.dir/src/google/protobuf/generated_message_reflection.cc.o[0m
[ 50%] [32mBuilding CXX object _deps/protobuf-build/CMakeFiles/libprotobuf.dir/src/google/protobuf/generated_message_tctable_full.cc.o[0m
[ 50%] [32m[1mLinking C shared library rosidl_generator_py/aimrt_msgs/aimrt_msgs_s__rosidl_typesupport_c.cpython-310-x86_64-linux-gnu.so[0m
[ 50%] [32mBuilding CXX object hoofs/CMakeFiles/iceoryx_hoofs.dir/posix/sync/source/unnamed_semaphore.cpp.o[0m
[ 51%] [32m[1mLinking CXX static library libyaml-cpp.a[0m
[ 51%] [32m[1mLinking CXX static library libprotobuf-lite.a[0m
[ 51%] Built target aimrt_msgs__rosidl_typesupport_c__pyext
[ 51%] [32mBuilding CXX object _deps/protobuf-build/CMakeFiles/libprotobuf.dir/src/google/protobuf/io/gzip_stream.cc.o[0m
[ 51%] Built target yaml-cpp
[ 51%] [32mBuilding CXX object hoofs/CMakeFiles/iceoryx_hoofs.dir/posix/time/source/adaptive_wait.cpp.o[0m
[ 51%] [32mBuilding CXX object hoofs/CMakeFiles/iceoryx_hoofs.dir/posix/time/source/deadline_timer.cpp.o[0m
[ 51%] [32mBuilding CXX object hoofs/CMakeFiles/iceoryx_hoofs.dir/posix/utility/source/posix_scheduler.cpp.o[0m
[ 51%] [32mBuilding CXX object _deps/aimrt-build/src/protocols/ros2/aimrt_msgs/CMakeFiles/aimrt_protocols_aimrt_msgs_ts.dir/type_support_pkg_main.cc.o[0m
[ 51%] Built target libprotobuf-lite
[ 51%] [32mBuilding CXX object _deps/aimrt-build/src/protocols/ros2/ros2_msgs/CMakeFiles/aimrt_protocols_ros2_msgs_ts.dir/type_support_pkg_main.cc.o[0m
[ 52%] [34m[1mGenerating aimrt rpc code for ROS interfaces[0m
[ 52%] [32mBuilding CXX object _deps/aimrt-build/src/protocols/plugins/ros2_plugin_proto/CMakeFiles/aimrt_protocols_ros2_plugin_proto_aimrt_rpc_gencode.dir/RosRpcWrapper.aimrt_rpc.srv.cc.o[0m
[ 52%] [32mBuilding CXX object _deps/aimrt-build/src/protocols/plugins/ros2_plugin_proto/CMakeFiles/aimrt_protocols_ros2_plugin_proto_ts.dir/type_support_pkg_main.cc.o[0m
[ 52%] [32mBuilding CXX object hoofs/CMakeFiles/iceoryx_hoofs.dir/posix/utility/source/system_configuration.cpp.o[0m
[ 52%] [32mBuilding CXX object _deps/protobuf-build/CMakeFiles/libprotobuf.dir/src/google/protobuf/io/printer.cc.o[0m
[ 52%] [32mBuilding CXX object _deps/protobuf-build/CMakeFiles/libprotobuf.dir/src/google/protobuf/io/tokenizer.cc.o[0m
[ 53%] [32mBuilding CXX object _deps/protobuf-build/CMakeFiles/libprotobuf.dir/src/google/protobuf/map_field.cc.o[0m
[ 53%] [32mBuilding CXX object hoofs/CMakeFiles/iceoryx_hoofs.dir/posix/vocabulary/source/file_name.cpp.o[0m
[ 54%] [32mBuilding CXX object hoofs/CMakeFiles/iceoryx_hoofs.dir/posix/vocabulary/source/file_path.cpp.o[0m
[ 54%] [32mBuilding CXX object _deps/protobuf-build/CMakeFiles/libprotobuf.dir/src/google/protobuf/message.cc.o[0m
[ 54%] [32mBuilding CXX object hoofs/CMakeFiles/iceoryx_hoofs.dir/posix/vocabulary/source/group_name.cpp.o[0m
[ 54%] [32mBuilding CXX object _deps/protobuf-build/CMakeFiles/libprotobuf.dir/src/google/protobuf/reflection_ops.cc.o[0m
[ 54%] [32mBuilding CXX object _deps/protobuf-build/CMakeFiles/libprotobuf.dir/src/google/protobuf/service.cc.o[0m
[ 54%] [32mBuilding CXX object hoofs/CMakeFiles/iceoryx_hoofs.dir/posix/vocabulary/source/path.cpp.o[0m
[ 54%] [32mBuilding CXX object hoofs/CMakeFiles/iceoryx_hoofs.dir/posix/vocabulary/source/user_name.cpp.o[0m
[ 54%] [32mBuilding CXX object _deps/protobuf-build/CMakeFiles/libprotobuf.dir/src/google/protobuf/source_context.pb.cc.o[0m
[ 54%] [32mBuilding CXX object _deps/protobuf-build/CMakeFiles/libprotobuf.dir/src/google/protobuf/struct.pb.cc.o[0m
[ 54%] [32mBuilding CXX object _deps/protobuf-build/CMakeFiles/libprotobuf.dir/src/google/protobuf/stubs/substitute.cc.o[0m
[ 55%] [32mBuilding CXX object _deps/protobuf-build/CMakeFiles/libprotobuf.dir/src/google/protobuf/text_format.cc.o[0m
[ 55%] [32mBuilding CXX object _deps/protobuf-build/CMakeFiles/libprotobuf.dir/src/google/protobuf/timestamp.pb.cc.o[0m
[ 55%] [32mBuilding CXX object _deps/protobuf-build/CMakeFiles/libprotobuf.dir/src/google/protobuf/type.pb.cc.o[0m
[ 55%] [32mBuilding CXX object _deps/protobuf-build/CMakeFiles/libprotobuf.dir/src/google/protobuf/unknown_field_set.cc.o[0m
[ 55%] [32mBuilding CXX object _deps/protobuf-build/CMakeFiles/libprotobuf.dir/src/google/protobuf/util/delimited_message_util.cc.o[0m
[ 55%] [32mBuilding CXX object _deps/protobuf-build/CMakeFiles/libprotobuf.dir/src/google/protobuf/util/field_comparator.cc.o[0m
[ 55%] [32mBuilding CXX object _deps/protobuf-build/CMakeFiles/libprotobuf.dir/src/google/protobuf/util/field_mask_util.cc.o[0m
[ 56%] [32mBuilding CXX object _deps/protobuf-build/CMakeFiles/libprotobuf.dir/src/google/protobuf/util/internal/datapiece.cc.o[0m
[ 56%] [32mBuilding CXX object _deps/protobuf-build/CMakeFiles/libprotobuf.dir/src/google/protobuf/util/internal/default_value_objectwriter.cc.o[0m
[ 56%] [32mBuilding CXX object _deps/protobuf-build/CMakeFiles/libprotobuf.dir/src/google/protobuf/util/internal/error_listener.cc.o[0m
[ 56%] [32mBuilding CXX object _deps/protobuf-build/CMakeFiles/libprotobuf.dir/src/google/protobuf/util/internal/field_mask_utility.cc.o[0m
[ 56%] [32mBuilding CXX object _deps/protobuf-build/CMakeFiles/libprotobuf.dir/src/google/protobuf/util/internal/json_escaping.cc.o[0m
[ 56%] [32mBuilding CXX object _deps/protobuf-build/CMakeFiles/libprotobuf.dir/src/google/protobuf/util/internal/json_objectwriter.cc.o[0m
[ 56%] [32mBuilding CXX object _deps/protobuf-build/CMakeFiles/libprotobuf.dir/src/google/protobuf/util/internal/json_stream_parser.cc.o[0m
[ 57%] [32mBuilding CXX object _deps/protobuf-build/CMakeFiles/libprotobuf.dir/src/google/protobuf/util/internal/object_writer.cc.o[0m
[ 57%] Built target tbb
[ 57%] [32mBuilding CXX object _deps/aimrt-build/src/runtime/core/CMakeFiles/aimrt_runtime_core.dir/aimrt_core.cc.o[0m
[ 57%] [32m[1mLinking CXX static library libiceoryx_hoofs.a[0m
[ 57%] [32mBuilding CXX object _deps/aimrt-build/src/runtime/core/CMakeFiles/aimrt_runtime_core.dir/allocator/allocator_manager.cc.o[0m
[ 57%] Built target iceoryx_hoofs
[ 57%] [32mBuilding CXX object _deps/aimrt-build/src/runtime/core/CMakeFiles/aimrt_runtime_core.dir/channel/channel_backend_manager.cc.o[0m
[ 57%] [32mBuilding CXX object _deps/aimrt-build/src/runtime/core/CMakeFiles/aimrt_runtime_core.dir/channel/channel_manager.cc.o[0m
[ 58%] [32mBuilding CXX object posh/CMakeFiles/iceoryx_posh.dir/source/capro/capro_message.cpp.o[0m
[ 58%] [32mBuilding CXX object _deps/aimrt-build/src/runtime/core/CMakeFiles/aimrt_runtime_core.dir/channel/channel_registry.cc.o[0m
[ 58%] [32mBuilding CXX object _deps/protobuf-build/CMakeFiles/libprotobuf.dir/src/google/protobuf/util/internal/proto_writer.cc.o[0m
[ 58%] [32mBuilding CXX object _deps/protobuf-build/CMakeFiles/libprotobuf.dir/src/google/protobuf/util/internal/protostream_objectsource.cc.o[0m
[ 58%] [32mBuilding CXX object _deps/protobuf-build/CMakeFiles/libprotobuf.dir/src/google/protobuf/util/internal/protostream_objectwriter.cc.o[0m
[ 58%] [32mBuilding CXX object posh/CMakeFiles/iceoryx_posh.dir/source/capro/service_description.cpp.o[0m
[ 59%] [32mBuilding CXX object _deps/aimrt-build/src/runtime/core/CMakeFiles/aimrt_runtime_core.dir/channel/local_channel_backend.cc.o[0m
[ 59%] [32mBuilding CXX object _deps/protobuf-build/CMakeFiles/libprotobuf.dir/src/google/protobuf/util/internal/type_info.cc.o[0m
[ 59%] [32mBuilding CXX object posh/CMakeFiles/iceoryx_posh.dir/source/iceoryx_posh_types.cpp.o[0m
[ 59%] [32mBuilding CXX object _deps/protobuf-build/CMakeFiles/libprotobuf.dir/src/google/protobuf/util/internal/utility.cc.o[0m
[ 59%] [32mBuilding CXX object _deps/protobuf-build/CMakeFiles/libprotobuf.dir/src/google/protobuf/util/json_util.cc.o[0m
[ 60%] [32mBuilding CXX object _deps/protobuf-build/CMakeFiles/libprotobuf.dir/src/google/protobuf/util/message_differencer.cc.o[0m
[ 60%] [32mBuilding CXX object _deps/protobuf-build/CMakeFiles/libprotobuf.dir/src/google/protobuf/util/time_util.cc.o[0m
[ 60%] [32mBuilding CXX object _deps/protobuf-build/CMakeFiles/libprotobuf.dir/src/google/protobuf/util/type_resolver_util.cc.o[0m
[ 60%] [32mBuilding CXX object _deps/protobuf-build/CMakeFiles/libprotobuf.dir/src/google/protobuf/wire_format.cc.o[0m
[ 60%] [32mBuilding CXX object _deps/protobuf-build/CMakeFiles/libprotobuf.dir/src/google/protobuf/wrappers.pb.cc.o[0m
[ 60%] [32mBuilding CXX object _deps/aimrt-build/src/runtime/core/CMakeFiles/aimrt_runtime_core.dir/configurator/configurator_manager.cc.o[0m
[ 60%] [32mBuilding CXX object _deps/aimrt-build/src/runtime/core/CMakeFiles/aimrt_runtime_core.dir/executor/asio_strand_executor.cc.o[0m
[ 60%] [32mBuilding CXX object _deps/aimrt-build/src/runtime/core/CMakeFiles/aimrt_runtime_core.dir/executor/asio_thread_executor.cc.o[0m
[ 60%] [32mBuilding CXX object posh/CMakeFiles/iceoryx_posh.dir/source/mepoo/chunk_header.cpp.o[0m
[ 60%] [32mBuilding CXX object _deps/aimrt-build/src/runtime/core/CMakeFiles/aimrt_runtime_core.dir/executor/executor_manager.cc.o[0m
[ 60%] [32mBuilding CXX object _deps/aimrt-build/src/runtime/core/CMakeFiles/aimrt_runtime_core.dir/executor/guard_thread_executor.cc.o[0m
[ 60%] [32mBuilding CXX object _deps/aimrt-build/src/runtime/core/CMakeFiles/aimrt_runtime_core.dir/executor/main_thread_executor.cc.o[0m
[ 61%] [32mBuilding CXX object _deps/aimrt-build/src/runtime/core/CMakeFiles/aimrt_runtime_core.dir/executor/simple_thread_executor.cc.o[0m
[ 61%] [32mBuilding CXX object posh/CMakeFiles/iceoryx_posh.dir/source/mepoo/chunk_management.cpp.o[0m
[ 61%] [32mBuilding CXX object posh/CMakeFiles/iceoryx_posh.dir/source/mepoo/chunk_settings.cpp.o[0m
[ 61%] [32mBuilding CXX object _deps/aimrt-build/src/runtime/core/CMakeFiles/aimrt_runtime_core.dir/executor/tbb_thread_executor.cc.o[0m
[ 61%] [32mBuilding CXX object posh/CMakeFiles/iceoryx_posh.dir/source/mepoo/mepoo_config.cpp.o[0m
[ 62%] [32mBuilding CXX object posh/CMakeFiles/iceoryx_posh.dir/source/mepoo/segment_config.cpp.o[0m
[ 62%] [32mBuilding CXX object _deps/aimrt-build/src/runtime/core/CMakeFiles/aimrt_runtime_core.dir/executor/time_wheel_executor.cc.o[0m
[ 62%] [32mBuilding CXX object _deps/aimrt-build/src/runtime/core/CMakeFiles/aimrt_runtime_core.dir/logger/console_logger_backend.cc.o[0m
[ 62%] [32mBuilding CXX object _deps/aimrt-build/src/runtime/core/CMakeFiles/aimrt_runtime_core.dir/logger/logger_manager.cc.o[0m
[ 62%] [32mBuilding CXX object posh/CMakeFiles/iceoryx_posh.dir/source/mepoo/memory_manager.cpp.o[0m
[ 62%] [32mBuilding CXX object _deps/aimrt-build/src/runtime/core/CMakeFiles/aimrt_runtime_core.dir/logger/rotate_file_logger_backend.cc.o[0m
[ 62%] [32mBuilding CXX object _deps/aimrt-build/src/runtime/core/CMakeFiles/aimrt_runtime_core.dir/module/module_loader.cc.o[0m
[ 63%] [32mBuilding CXX object _deps/aimrt-build/src/runtime/core/CMakeFiles/aimrt_runtime_core.dir/module/module_manager.cc.o[0m
[ 63%] [32mBuilding CXX object _deps/aimrt-build/src/runtime/core/CMakeFiles/aimrt_runtime_core.dir/parameter/parameter_handle.cc.o[0m
[ 63%] [32mBuilding CXX object _deps/aimrt-build/src/runtime/core/CMakeFiles/aimrt_runtime_core.dir/parameter/parameter_manager.cc.o[0m
[ 63%] [32mBuilding CXX object posh/CMakeFiles/iceoryx_posh.dir/source/mepoo/mem_pool.cpp.o[0m
[ 63%] [32mBuilding CXX object _deps/aimrt-build/src/runtime/core/CMakeFiles/aimrt_runtime_core.dir/plugin/plugin_loader.cc.o[0m
[ 63%] [32mBuilding CXX object posh/CMakeFiles/iceoryx_posh.dir/source/mepoo/shared_chunk.cpp.o[0m
[ 63%] [32mBuilding CXX object posh/CMakeFiles/iceoryx_posh.dir/source/mepoo/shm_safe_unmanaged_chunk.cpp.o[0m
[ 63%] [32mBuilding CXX object _deps/aimrt-build/src/runtime/core/CMakeFiles/aimrt_runtime_core.dir/plugin/plugin_manager.cc.o[0m
[ 63%] [32mBuilding CXX object posh/CMakeFiles/iceoryx_posh.dir/source/mepoo/segment_manager.cpp.o[0m
[ 63%] [32mBuilding CXX object _deps/aimrt-build/src/runtime/core/CMakeFiles/aimrt_runtime_core.dir/rpc/local_rpc_backend.cc.o[0m
[ 63%] [32mBuilding CXX object _deps/aimrt-build/src/runtime/core/CMakeFiles/aimrt_runtime_core.dir/rpc/rpc_backend_manager.cc.o[0m
[ 63%] [32mBuilding CXX object posh/CMakeFiles/iceoryx_posh.dir/source/mepoo/mepoo_segment.cpp.o[0m
[ 64%] [32mBuilding CXX object posh/CMakeFiles/iceoryx_posh.dir/source/mepoo/memory_info.cpp.o[0m
[ 64%] [32mBuilding CXX object posh/CMakeFiles/iceoryx_posh.dir/source/popo/ports/interface_port.cpp.o[0m
[ 65%] [32mBuilding CXX object _deps/aimrt-build/src/runtime/core/CMakeFiles/aimrt_runtime_core.dir/rpc/rpc_manager.cc.o[0m
[ 65%] [32mBuilding CXX object posh/CMakeFiles/iceoryx_posh.dir/source/popo/ports/interface_port_data.cpp.o[0m
[ 65%] [32mBuilding CXX object posh/CMakeFiles/iceoryx_posh.dir/source/popo/ports/base_port_data.cpp.o[0m
[ 65%] [32mBuilding CXX object _deps/aimrt-build/src/runtime/core/CMakeFiles/aimrt_runtime_core.dir/rpc/rpc_registry.cc.o[0m
[ 65%] [32m[1mLinking CXX shared library libros2_plugin_proto_ros2_ts.so[0m
[ 65%] [32mBuilding CXX object _deps/aimrt-build/src/runtime/core/CMakeFiles/aimrt_runtime_core.dir/util/thread_tools.cc.o[0m
[ 65%] Built target aimrt_protocols_ros2_plugin_proto_ts
[ 65%] [32mBuilding CXX object _deps/aimrt-build/src/runtime/core/CMakeFiles/aimrt_runtime_core.dir/util/type_support_pkg_loader.cc.o[0m
[ 65%] [32mBuilding CXX object posh/CMakeFiles/iceoryx_posh.dir/source/popo/ports/base_port.cpp.o[0m
[ 65%] [32mBuilding CXX object _deps/aimrt-build/src/runtime/core/CMakeFiles/aimrt_runtime_core.dir/util/yaml_tools.cc.o[0m
[ 65%] [32m[1mLinking CXX static library libprotobuf.a[0m
[ 65%] [32mBuilding CXX object posh/CMakeFiles/iceoryx_posh.dir/source/popo/ports/publisher_port_data.cpp.o[0m
[ 65%] Built target libprotobuf
[ 65%] [32mBuilding CXX object _deps/protobuf-build/CMakeFiles/libprotoc.dir/src/google/protobuf/compiler/code_generator.cc.o[0m
[ 65%] [32mBuilding CXX object posh/CMakeFiles/iceoryx_posh.dir/source/popo/ports/publisher_port_user.cpp.o[0m
[ 65%] [32mBuilding CXX object _deps/protobuf-build/CMakeFiles/libprotoc.dir/src/google/protobuf/compiler/command_line_interface.cc.o[0m
[ 65%] [32mBuilding CXX object _deps/protobuf-build/CMakeFiles/libprotoc.dir/src/google/protobuf/compiler/cpp/enum.cc.o[0m
[ 65%] [32m[1mLinking CXX shared library libaimrt_msgs_ros2_ts.so[0m
[ 66%] [32mBuilding CXX object posh/CMakeFiles/iceoryx_posh.dir/source/popo/ports/publisher_port_roudi.cpp.o[0m
[ 66%] Built target aimrt_protocols_aimrt_msgs_ts
[ 67%] [32mBuilding CXX object _deps/protobuf-build/CMakeFiles/libprotoc.dir/src/google/protobuf/compiler/cpp/enum_field.cc.o[0m
[ 67%] [32mBuilding CXX object posh/CMakeFiles/iceoryx_posh.dir/source/popo/ports/subscriber_port_user.cpp.o[0m
[ 67%] [32mBuilding CXX object _deps/protobuf-build/CMakeFiles/libprotoc.dir/src/google/protobuf/compiler/cpp/extension.cc.o[0m
[ 67%] [32mBuilding CXX object _deps/protobuf-build/CMakeFiles/libprotoc.dir/src/google/protobuf/compiler/cpp/field.cc.o[0m
[ 67%] [32mBuilding CXX object _deps/protobuf-build/CMakeFiles/libprotoc.dir/src/google/protobuf/compiler/cpp/file.cc.o[0m
[ 67%] [32mBuilding CXX object posh/CMakeFiles/iceoryx_posh.dir/source/popo/ports/subscriber_port_roudi.cpp.o[0m
[ 67%] [32mBuilding CXX object _deps/protobuf-build/CMakeFiles/libprotoc.dir/src/google/protobuf/compiler/cpp/generator.cc.o[0m
[ 67%] [32mBuilding CXX object posh/CMakeFiles/iceoryx_posh.dir/source/popo/ports/subscriber_port_single_producer.cpp.o[0m
[ 67%] [32mBuilding CXX object _deps/protobuf-build/CMakeFiles/libprotoc.dir/src/google/protobuf/compiler/cpp/helpers.cc.o[0m
[ 67%] [32mBuilding CXX object _deps/protobuf-build/CMakeFiles/libprotoc.dir/src/google/protobuf/compiler/cpp/map_field.cc.o[0m
[ 67%] [32mBuilding CXX object posh/CMakeFiles/iceoryx_posh.dir/source/popo/ports/subscriber_port_multi_producer.cpp.o[0m
[ 67%] [32mBuilding CXX object posh/CMakeFiles/iceoryx_posh.dir/source/popo/ports/subscriber_port_data.cpp.o[0m
[ 68%] [32mBuilding CXX object _deps/protobuf-build/CMakeFiles/libprotoc.dir/src/google/protobuf/compiler/cpp/message.cc.o[0m
[ 68%] [32mBuilding CXX object posh/CMakeFiles/iceoryx_posh.dir/source/popo/ports/client_port_data.cpp.o[0m
[ 68%] [32mBuilding CXX object _deps/protobuf-build/CMakeFiles/libprotoc.dir/src/google/protobuf/compiler/cpp/message_field.cc.o[0m
[ 68%] [32mBuilding CXX object _deps/protobuf-build/CMakeFiles/libprotoc.dir/src/google/protobuf/compiler/cpp/padding_optimizer.cc.o[0m
[ 69%] [32mBuilding CXX object posh/CMakeFiles/iceoryx_posh.dir/source/popo/ports/client_port_roudi.cpp.o[0m
[ 69%] [32mBuilding CXX object _deps/protobuf-build/CMakeFiles/libprotoc.dir/src/google/protobuf/compiler/cpp/parse_function_generator.cc.o[0m
[ 69%] [32mBuilding CXX object _deps/protobuf-build/CMakeFiles/libprotoc.dir/src/google/protobuf/compiler/cpp/primitive_field.cc.o[0m
[ 69%] [32mBuilding CXX object _deps/protobuf-build/CMakeFiles/libprotoc.dir/src/google/protobuf/compiler/cpp/service.cc.o[0m
[ 69%] [32mBuilding CXX object _deps/protobuf-build/CMakeFiles/libprotoc.dir/src/google/protobuf/compiler/cpp/string_field.cc.o[0m
[ 70%] [32mBuilding CXX object _deps/protobuf-build/CMakeFiles/libprotoc.dir/src/google/protobuf/compiler/csharp/csharp_doc_comment.cc.o[0m
[ 70%] [32mBuilding CXX object _deps/protobuf-build/CMakeFiles/libprotoc.dir/src/google/protobuf/compiler/csharp/csharp_enum.cc.o[0m
[ 70%] [32mBuilding CXX object _deps/protobuf-build/CMakeFiles/libprotoc.dir/src/google/protobuf/compiler/csharp/csharp_enum_field.cc.o[0m
[ 70%] [32mBuilding CXX object _deps/protobuf-build/CMakeFiles/libprotoc.dir/src/google/protobuf/compiler/csharp/csharp_field_base.cc.o[0m
[ 70%] [32mBuilding CXX object _deps/protobuf-build/CMakeFiles/libprotoc.dir/src/google/protobuf/compiler/csharp/csharp_generator.cc.o[0m
[ 70%] [32mBuilding CXX object _deps/protobuf-build/CMakeFiles/libprotoc.dir/src/google/protobuf/compiler/csharp/csharp_helpers.cc.o[0m
[ 70%] [32mBuilding CXX object posh/CMakeFiles/iceoryx_posh.dir/source/popo/ports/client_port_user.cpp.o[0m
[ 70%] [32mBuilding CXX object _deps/protobuf-build/CMakeFiles/libprotoc.dir/src/google/protobuf/compiler/csharp/csharp_map_field.cc.o[0m
[ 71%] [32mBuilding CXX object _deps/protobuf-build/CMakeFiles/libprotoc.dir/src/google/protobuf/compiler/csharp/csharp_message.cc.o[0m
[ 71%] [32mBuilding CXX object posh/CMakeFiles/iceoryx_posh.dir/source/popo/ports/server_port_data.cpp.o[0m
[ 71%] [32mBuilding CXX object posh/CMakeFiles/iceoryx_posh.dir/source/popo/ports/server_port_roudi.cpp.o[0m
[ 71%] [32mBuilding CXX object posh/CMakeFiles/iceoryx_posh.dir/source/popo/ports/server_port_user.cpp.o[0m
[ 71%] [32mBuilding CXX object posh/CMakeFiles/iceoryx_posh.dir/source/popo/building_blocks/condition_listener.cpp.o[0m
[ 71%] [32mBuilding CXX object _deps/protobuf-build/CMakeFiles/libprotoc.dir/src/google/protobuf/compiler/csharp/csharp_message_field.cc.o[0m
[ 71%] [32mBuilding CXX object _deps/protobuf-build/CMakeFiles/libprotoc.dir/src/google/protobuf/compiler/csharp/csharp_primitive_field.cc.o[0m
[ 71%] [32mBuilding CXX object posh/CMakeFiles/iceoryx_posh.dir/source/popo/building_blocks/condition_notifier.cpp.o[0m
[ 71%] [32mBuilding CXX object _deps/protobuf-build/CMakeFiles/libprotoc.dir/src/google/protobuf/compiler/csharp/csharp_reflection_class.cc.o[0m
[ 72%] [32mBuilding CXX object posh/CMakeFiles/iceoryx_posh.dir/source/popo/building_blocks/condition_variable_data.cpp.o[0m
[ 72%] [32mBuilding CXX object _deps/protobuf-build/CMakeFiles/libprotoc.dir/src/google/protobuf/compiler/csharp/csharp_repeated_enum_field.cc.o[0m
[ 72%] [32mBuilding CXX object _deps/protobuf-build/CMakeFiles/libprotoc.dir/src/google/protobuf/compiler/csharp/csharp_repeated_message_field.cc.o[0m
[ 72%] [32mBuilding CXX object _deps/protobuf-build/CMakeFiles/libprotoc.dir/src/google/protobuf/compiler/csharp/csharp_repeated_primitive_field.cc.o[0m
[ 72%] [32mBuilding CXX object posh/CMakeFiles/iceoryx_posh.dir/source/popo/building_blocks/locking_policy.cpp.o[0m
[ 72%] [32mBuilding CXX object posh/CMakeFiles/iceoryx_posh.dir/source/popo/building_blocks/unique_port_id.cpp.o[0m
[ 73%] [32mBuilding CXX object _deps/protobuf-build/CMakeFiles/libprotoc.dir/src/google/protobuf/compiler/csharp/csharp_source_generator_base.cc.o[0m
[ 73%] [32mBuilding CXX object _deps/protobuf-build/CMakeFiles/libprotoc.dir/src/google/protobuf/compiler/csharp/csharp_wrapper_field.cc.o[0m
[ 73%] [32mBuilding CXX object _deps/protobuf-build/CMakeFiles/libprotoc.dir/src/google/protobuf/compiler/java/context.cc.o[0m
[ 73%] [32mBuilding CXX object posh/CMakeFiles/iceoryx_posh.dir/source/popo/client_options.cpp.o[0m
[ 73%] [32mBuilding CXX object posh/CMakeFiles/iceoryx_posh.dir/source/popo/listener.cpp.o[0m
[ 73%] [32mBuilding CXX object posh/CMakeFiles/iceoryx_posh.dir/source/popo/notification_info.cpp.o[0m
[ 73%] [32mBuilding CXX object _deps/protobuf-build/CMakeFiles/libprotoc.dir/src/google/protobuf/compiler/java/doc_comment.cc.o[0m
[ 73%] [32mBuilding CXX object posh/CMakeFiles/iceoryx_posh.dir/source/popo/rpc_header.cpp.o[0m
[ 73%] [32mBuilding CXX object _deps/protobuf-build/CMakeFiles/libprotoc.dir/src/google/protobuf/compiler/java/enum.cc.o[0m
[ 73%] [32mBuilding CXX object _deps/protobuf-build/CMakeFiles/libprotoc.dir/src/google/protobuf/compiler/java/enum_field.cc.o[0m
[ 73%] [32mBuilding CXX object _deps/protobuf-build/CMakeFiles/libprotoc.dir/src/google/protobuf/compiler/java/enum_field_lite.cc.o[0m
[ 74%] [32mBuilding CXX object posh/CMakeFiles/iceoryx_posh.dir/source/popo/publisher_options.cpp.o[0m
[ 74%] [32mBuilding CXX object posh/CMakeFiles/iceoryx_posh.dir/source/popo/server_options.cpp.o[0m
[ 75%] [32mBuilding CXX object _deps/protobuf-build/CMakeFiles/libprotoc.dir/src/google/protobuf/compiler/java/enum_lite.cc.o[0m
[ 75%] [32mBuilding CXX object _deps/protobuf-build/CMakeFiles/libprotoc.dir/src/google/protobuf/compiler/java/extension.cc.o[0m
[ 75%] [32mBuilding CXX object _deps/protobuf-build/CMakeFiles/libprotoc.dir/src/google/protobuf/compiler/java/extension_lite.cc.o[0m
[ 75%] [32mBuilding CXX object _deps/protobuf-build/CMakeFiles/libprotoc.dir/src/google/protobuf/compiler/java/field.cc.o[0m
[ 75%] [32mBuilding CXX object posh/CMakeFiles/iceoryx_posh.dir/source/popo/subscriber_options.cpp.o[0m
[ 75%] [32mBuilding CXX object _deps/protobuf-build/CMakeFiles/libprotoc.dir/src/google/protobuf/compiler/java/file.cc.o[0m
[ 75%] [32mBuilding CXX object posh/CMakeFiles/iceoryx_posh.dir/source/popo/trigger.cpp.o[0m
[ 75%] [32mBuilding CXX object _deps/protobuf-build/CMakeFiles/libprotoc.dir/src/google/protobuf/compiler/java/generator.cc.o[0m
[ 75%] [32mBuilding CXX object posh/CMakeFiles/iceoryx_posh.dir/source/popo/trigger_handle.cpp.o[0m
[ 75%] [32mBuilding CXX object posh/CMakeFiles/iceoryx_posh.dir/source/popo/user_trigger.cpp.o[0m
[ 75%] [32mBuilding CXX object posh/CMakeFiles/iceoryx_posh.dir/source/posh_error_reporting.cpp.o[0m
[ 76%] [32mBuilding CXX object posh/CMakeFiles/iceoryx_posh.dir/source/version/version_info.cpp.o[0m
[ 76%] [32mBuilding CXX object posh/CMakeFiles/iceoryx_posh.dir/source/runtime/heartbeat.cpp.o[0m
[ 76%] [32mBuilding CXX object _deps/protobuf-build/CMakeFiles/libprotoc.dir/src/google/protobuf/compiler/java/generator_factory.cc.o[0m
[ 77%] [32mBuilding CXX object _deps/protobuf-build/CMakeFiles/libprotoc.dir/src/google/protobuf/compiler/java/helpers.cc.o[0m
[ 77%] [32mBuilding CXX object _deps/protobuf-build/CMakeFiles/libprotoc.dir/src/google/protobuf/compiler/java/kotlin_generator.cc.o[0m
[ 77%] [32mBuilding CXX object posh/CMakeFiles/iceoryx_posh.dir/source/runtime/ipc_interface_base.cpp.o[0m
[ 77%] [32mBuilding CXX object posh/CMakeFiles/iceoryx_posh.dir/source/runtime/ipc_interface_user.cpp.o[0m
[ 77%] [32mBuilding CXX object _deps/protobuf-build/CMakeFiles/libprotoc.dir/src/google/protobuf/compiler/java/map_field.cc.o[0m
[ 77%] [32mBuilding CXX object _deps/protobuf-build/CMakeFiles/libprotoc.dir/src/google/protobuf/compiler/java/map_field_lite.cc.o[0m
[ 77%] [32mBuilding CXX object _deps/protobuf-build/CMakeFiles/libprotoc.dir/src/google/protobuf/compiler/java/message.cc.o[0m
[ 77%] [32mBuilding CXX object _deps/protobuf-build/CMakeFiles/libprotoc.dir/src/google/protobuf/compiler/java/message_builder.cc.o[0m
[ 77%] [32mBuilding CXX object _deps/protobuf-build/CMakeFiles/libprotoc.dir/src/google/protobuf/compiler/java/message_builder_lite.cc.o[0m
[ 77%] [32mBuilding CXX object posh/CMakeFiles/iceoryx_posh.dir/source/runtime/ipc_interface_creator.cpp.o[0m
[ 78%] [32mBuilding CXX object _deps/protobuf-build/CMakeFiles/libprotoc.dir/src/google/protobuf/compiler/java/message_field.cc.o[0m
[ 78%] [32mBuilding CXX object posh/CMakeFiles/iceoryx_posh.dir/source/runtime/ipc_runtime_interface.cpp.o[0m
[ 78%] [32mBuilding CXX object posh/CMakeFiles/iceoryx_posh.dir/source/runtime/ipc_message.cpp.o[0m
[ 78%] [32mBuilding CXX object _deps/protobuf-build/CMakeFiles/libprotoc.dir/src/google/protobuf/compiler/java/message_field_lite.cc.o[0m
[ 78%] [32mBuilding CXX object _deps/protobuf-build/CMakeFiles/libprotoc.dir/src/google/protobuf/compiler/java/message_lite.cc.o[0m
[ 78%] [32mBuilding CXX object _deps/protobuf-build/CMakeFiles/libprotoc.dir/src/google/protobuf/compiler/java/name_resolver.cc.o[0m
[ 79%] [32mBuilding CXX object posh/CMakeFiles/iceoryx_posh.dir/source/runtime/port_config_info.cpp.o[0m
[ 79%] [32mBuilding CXX object _deps/protobuf-build/CMakeFiles/libprotoc.dir/src/google/protobuf/compiler/java/primitive_field.cc.o[0m
[ 79%] [32mBuilding CXX object posh/CMakeFiles/iceoryx_posh.dir/source/runtime/posh_runtime.cpp.o[0m
[ 79%] [32mBuilding CXX object posh/CMakeFiles/iceoryx_posh.dir/source/runtime/posh_runtime_impl.cpp.o[0m
[ 79%] [32mBuilding CXX object posh/CMakeFiles/iceoryx_posh.dir/source/runtime/posh_runtime_single_process.cpp.o[0m
[ 79%] [32mBuilding CXX object posh/CMakeFiles/iceoryx_posh.dir/source/runtime/service_discovery.cpp.o[0m
[ 79%] [32mBuilding CXX object posh/CMakeFiles/iceoryx_posh.dir/source/runtime/shared_memory_user.cpp.o[0m
[ 79%] [32mBuilding CXX object posh/CMakeFiles/iceoryx_posh.dir/source/roudi/service_registry.cpp.o[0m
[ 79%] [32m[1mLinking CXX static library libaimrt_protocols_ros2_plugin_proto_aimrt_rpc_gencode.a[0m
[ 79%] Built target aimrt_protocols_ros2_plugin_proto_aimrt_rpc_gencode
[ 80%] [32mBuilding CXX object posh/CMakeFiles/iceoryx_posh.dir/experimental/source/node.cpp.o[0m
[ 80%] [32mBuilding CXX object _deps/protobuf-build/CMakeFiles/libprotoc.dir/src/google/protobuf/compiler/java/primitive_field_lite.cc.o[0m
[ 80%] [32mBuilding CXX object _deps/protobuf-build/CMakeFiles/libprotoc.dir/src/google/protobuf/compiler/java/service.cc.o[0m
[ 81%] [32mBuilding CXX object _deps/protobuf-build/CMakeFiles/libprotoc.dir/src/google/protobuf/compiler/java/shared_code_generator.cc.o[0m
[ 81%] [32mBuilding CXX object _deps/protobuf-build/CMakeFiles/libprotoc.dir/src/google/protobuf/compiler/java/string_field.cc.o[0m
[ 81%] [32mBuilding CXX object _deps/protobuf-build/CMakeFiles/libprotoc.dir/src/google/protobuf/compiler/java/string_field_lite.cc.o[0m
[ 81%] [32mBuilding CXX object _deps/protobuf-build/CMakeFiles/libprotoc.dir/src/google/protobuf/compiler/objectivec/objectivec_enum.cc.o[0m
[ 81%] [32mBuilding CXX object _deps/protobuf-build/CMakeFiles/libprotoc.dir/src/google/protobuf/compiler/objectivec/objectivec_enum_field.cc.o[0m
[ 81%] [32mBuilding CXX object _deps/protobuf-build/CMakeFiles/libprotoc.dir/src/google/protobuf/compiler/objectivec/objectivec_extension.cc.o[0m
[ 81%] [32mBuilding CXX object _deps/protobuf-build/CMakeFiles/libprotoc.dir/src/google/protobuf/compiler/objectivec/objectivec_field.cc.o[0m
[ 82%] [32mBuilding CXX object _deps/protobuf-build/CMakeFiles/libprotoc.dir/src/google/protobuf/compiler/objectivec/objectivec_file.cc.o[0m
[ 82%] [32mBuilding CXX object _deps/protobuf-build/CMakeFiles/libprotoc.dir/src/google/protobuf/compiler/objectivec/objectivec_generator.cc.o[0m
[ 82%] [32mBuilding CXX object _deps/protobuf-build/CMakeFiles/libprotoc.dir/src/google/protobuf/compiler/objectivec/objectivec_helpers.cc.o[0m
[ 82%] [32mBuilding CXX object _deps/protobuf-build/CMakeFiles/libprotoc.dir/src/google/protobuf/compiler/objectivec/objectivec_map_field.cc.o[0m
[ 82%] [32mBuilding CXX object _deps/protobuf-build/CMakeFiles/libprotoc.dir/src/google/protobuf/compiler/objectivec/objectivec_message.cc.o[0m
[ 82%] [32mBuilding CXX object _deps/protobuf-build/CMakeFiles/libprotoc.dir/src/google/protobuf/compiler/objectivec/objectivec_message_field.cc.o[0m
[ 82%] [32mBuilding CXX object _deps/protobuf-build/CMakeFiles/libprotoc.dir/src/google/protobuf/compiler/objectivec/objectivec_oneof.cc.o[0m
[ 83%] [32mBuilding CXX object _deps/protobuf-build/CMakeFiles/libprotoc.dir/src/google/protobuf/compiler/objectivec/objectivec_primitive_field.cc.o[0m
[ 83%] [32mBuilding CXX object _deps/protobuf-build/CMakeFiles/libprotoc.dir/src/google/protobuf/compiler/php/php_generator.cc.o[0m
[ 83%] [32mBuilding CXX object _deps/protobuf-build/CMakeFiles/libprotoc.dir/src/google/protobuf/compiler/plugin.cc.o[0m
[ 83%] [32mBuilding CXX object _deps/protobuf-build/CMakeFiles/libprotoc.dir/src/google/protobuf/compiler/plugin.pb.cc.o[0m
[ 83%] [32mBuilding CXX object _deps/protobuf-build/CMakeFiles/libprotoc.dir/src/google/protobuf/compiler/python/generator.cc.o[0m
[ 83%] [32mBuilding CXX object _deps/protobuf-build/CMakeFiles/libprotoc.dir/src/google/protobuf/compiler/python/helpers.cc.o[0m
[ 83%] [32mBuilding CXX object _deps/protobuf-build/CMakeFiles/libprotoc.dir/src/google/protobuf/compiler/python/pyi_generator.cc.o[0m
[ 84%] [32mBuilding CXX object _deps/protobuf-build/CMakeFiles/libprotoc.dir/src/google/protobuf/compiler/ruby/ruby_generator.cc.o[0m
[ 84%] [32mBuilding CXX object _deps/protobuf-build/CMakeFiles/libprotoc.dir/src/google/protobuf/compiler/subprocess.cc.o[0m
[ 84%] [32mBuilding CXX object _deps/protobuf-build/CMakeFiles/libprotoc.dir/src/google/protobuf/compiler/zip_writer.cc.o[0m
[ 84%] [32m[1mLinking CXX static library libiceoryx_posh.a[0m
[ 84%] Built target iceoryx_posh
[ 84%] [32mBuilding CXX object posh/CMakeFiles/iceoryx_posh_gateway.dir/source/gateway/gateway_base.cpp.o[0m
[ 84%] [32mBuilding CXX object iceoryx_introspection/CMakeFiles/iceoryx_introspection.dir/source/iceoryx_introspection_app.cpp.o[0m
[ 84%] [32mBuilding CXX object iceoryx_introspection/CMakeFiles/iceoryx_introspection.dir/source/introspection_app.cpp.o[0m
[ 84%] [32mBuilding CXX object posh/CMakeFiles/iceoryx_posh_roudi.dir/source/roudi/application/roudi_app.cpp.o[0m
[ 84%] [32mBuilding CXX object posh/CMakeFiles/iceoryx_posh_roudi.dir/source/roudi/application/iceoryx_roudi_app.cpp.o[0m
[ 84%] [32mBuilding CXX object posh/CMakeFiles/iceoryx_posh_roudi.dir/source/roudi/memory/memory_block.cpp.o[0m
[ 84%] [32mBuilding CXX object iceoryx_binding_c/CMakeFiles/iceoryx_binding_c.dir/source/binding_c_error_reporting.cpp.o[0m
[ 84%] [32mBuilding CXX object iceoryx_binding_c/CMakeFiles/iceoryx_binding_c.dir/source/c_client.cpp.o[0m
[ 84%] [32mBuilding CXX object iceoryx_binding_c/CMakeFiles/iceoryx_binding_c.dir/source/c_config.cpp.o[0m
[ 84%] [32mBuilding CXX object posh/CMakeFiles/iceoryx_posh_roudi.dir/source/roudi/memory/memory_provider.cpp.o[0m
[ 84%] [32mBuilding CXX object posh/CMakeFiles/iceoryx_posh_roudi.dir/source/roudi/memory/mempool_collection_memory_block.cpp.o[0m
[ 85%] [32mBuilding CXX object posh/CMakeFiles/iceoryx_posh_roudi.dir/source/roudi/memory/mempool_segment_manager_memory_block.cpp.o[0m
[ 85%] [32mBuilding CXX object iceoryx_binding_c/CMakeFiles/iceoryx_binding_c.dir/source/c_notification_info.cpp.o[0m
[ 85%] [32mBuilding CXX object iceoryx_binding_c/CMakeFiles/iceoryx_binding_c.dir/source/c_listener.cpp.o[0m
[ 86%] [32mBuilding CXX object posh/CMakeFiles/iceoryx_posh_roudi.dir/source/roudi/memory/port_pool_memory_block.cpp.o[0m
[ 86%] [32mBuilding CXX object posh/CMakeFiles/iceoryx_posh_roudi.dir/source/roudi/memory/posix_shm_memory_provider.cpp.o[0m
[ 86%] [32mBuilding CXX object iceoryx_binding_c/CMakeFiles/iceoryx_binding_c.dir/source/c_publisher.cpp.o[0m
[ 86%] [32mBuilding CXX object iceoryx_binding_c/CMakeFiles/iceoryx_binding_c.dir/source/c_runtime.cpp.o[0m
[ 86%] [32mBuilding CXX object iceoryx_binding_c/CMakeFiles/iceoryx_binding_c.dir/source/c_request_header.cpp.o[0m
[ 86%] [32mBuilding CXX object iceoryx_binding_c/CMakeFiles/iceoryx_binding_c.dir/source/c_response_header.cpp.o[0m
[ 86%] [32mBuilding CXX object iceoryx_binding_c/CMakeFiles/iceoryx_binding_c.dir/source/c_server.cpp.o[0m
[ 86%] [32mBuilding CXX object posh/CMakeFiles/iceoryx_posh_roudi.dir/source/roudi/memory/default_roudi_memory.cpp.o[0m
[ 86%] [32mBuilding CXX object posh/CMakeFiles/iceoryx_posh_roudi.dir/source/roudi/memory/roudi_memory_manager.cpp.o[0m
[ 86%] [32mBuilding CXX object posh/CMakeFiles/iceoryx_posh_roudi.dir/source/roudi/memory/iceoryx_roudi_memory_manager.cpp.o[0m
[ 86%] [32mBuilding CXX object posh/CMakeFiles/iceoryx_posh_roudi.dir/source/roudi/port_manager.cpp.o[0m
[ 86%] [32mBuilding CXX object posh/CMakeFiles/iceoryx_posh_roudi.dir/source/roudi/port_pool.cpp.o[0m
[ 87%] [32mBuilding CXX object posh/CMakeFiles/iceoryx_posh_roudi.dir/source/roudi/roudi.cpp.o[0m
[ 87%] [32mBuilding CXX object iceoryx_binding_c/CMakeFiles/iceoryx_binding_c.dir/source/c_subscriber.cpp.o[0m
[ 88%] [32mBuilding CXX object iceoryx_binding_c/CMakeFiles/iceoryx_binding_c.dir/source/c_user_trigger.cpp.o[0m
[ 88%] [32mBuilding CXX object posh/CMakeFiles/iceoryx_posh_roudi.dir/source/roudi/process.cpp.o[0m
[ 88%] [32m[1mLinking CXX static library libaimrt_runtime_core.a[0m
[ 88%] [32mBuilding CXX object posh/CMakeFiles/iceoryx_posh_roudi.dir/source/roudi/process_manager.cpp.o[0m
[ 88%] [32mBuilding CXX object posh/CMakeFiles/iceoryx_posh_roudi.dir/source/roudi/iceoryx_roudi_components.cpp.o[0m
[ 89%] [32m[1mLinking CXX static library libiceoryx_posh_gateway.a[0m
[ 89%] Built target iceoryx_posh_gateway
[ 89%] [32mBuilding CXX object posh/CMakeFiles/iceoryx_posh_roudi.dir/source/roudi/roudi_cmd_line_parser.cpp.o[0m
[ 89%] [32mBuilding CXX object iceoryx_binding_c/CMakeFiles/iceoryx_binding_c.dir/source/c_wait_set.cpp.o[0m
[ 89%] [32mBuilding CXX object iceoryx_binding_c/CMakeFiles/iceoryx_binding_c.dir/source/c_chunk.cpp.o[0m
[ 89%] [32mBuilding CXX object iceoryx_binding_c/CMakeFiles/iceoryx_binding_c.dir/source/c2cpp_enum_translation.cpp.o[0m
[ 89%] Built target aimrt_runtime_core
[ 89%] [32mBuilding CXX object CMakeFiles/legged_system.dir/src/LeggedSystem.cpp.o[0m
[ 89%] [32mBuilding CXX object iceoryx_binding_c/CMakeFiles/iceoryx_binding_c.dir/source/c_log.cpp.o[0m
[ 89%] [32mBuilding CXX object iceoryx_binding_c/CMakeFiles/iceoryx_binding_c.dir/source/cpp2c_enum_translation.cpp.o[0m
[ 89%] [32mBuilding CXX object posh/CMakeFiles/iceoryx_posh_roudi.dir/source/roudi/roudi_cmd_line_parser_config_file_option.cpp.o[0m
[ 89%] [32mBuilding CXX object _deps/aimrt-build/src/runtime/main/CMakeFiles/aimrt_runtime_main.dir/main.cc.o[0m
[ 89%] [32mBuilding CXX object iceoryx_binding_c/CMakeFiles/iceoryx_binding_c.dir/source/cpp2c_publisher.cpp.o[0m
[ 89%] [32mBuilding CXX object CMakeFiles/legged_system.dir/src/Utilities.cpp.o[0m
[ 90%] [32mBuilding CXX object iceoryx_binding_c/CMakeFiles/iceoryx_binding_c.dir/source/cpp2c_subscriber.cpp.o[0m
[ 90%] [32mBuilding CXX object _deps/aimrt-build/src/plugins/ros2_plugin/CMakeFiles/aimrt_plugins_ros2_plugin.dir/global.cc.o[0m
[ 90%] [32mBuilding CXX object _deps/aimrt-build/src/plugins/iceoryx_plugin/CMakeFiles/aimrt_plugins_iceoryx_plugin.dir/global.cc.o[0m
[ 90%] [32mBuilding CXX object _deps/aimrt-build/src/plugins/iceoryx_plugin/CMakeFiles/aimrt_plugins_iceoryx_plugin.dir/iceoryx_channel_backend.cc.o[0m
[ 90%] [32mBuilding CXX object _deps/aimrt-build/src/plugins/iceoryx_plugin/CMakeFiles/aimrt_plugins_iceoryx_plugin.dir/iceoryx_manager.cc.o[0m
[ 90%] [32mBuilding CXX object posh/CMakeFiles/iceoryx_posh_roudi.dir/source/roudi/roudi_config.cpp.o[0m
[ 90%] [32mBuilding CXX object _deps/aimrt-build/src/plugins/ros2_plugin/CMakeFiles/aimrt_plugins_ros2_plugin.dir/ros2_adapter_rpc_client.cc.o[0m
[ 90%] [32mBuilding CXX object _deps/aimrt-build/src/plugins/iceoryx_plugin/CMakeFiles/aimrt_plugins_iceoryx_plugin.dir/iceoryx_plugin.cc.o[0m
[ 90%] [32mBuilding CXX object _deps/aimrt-build/src/plugins/iceoryx_plugin/CMakeFiles/aimrt_plugins_iceoryx_plugin.dir/iceroyx_plugin_main.cc.o[0m
[ 90%] [32m[1mLinking CXX static library libprotoc.a[0m
[ 90%] [32mBuilding CXX object iceoryx_binding_c/CMakeFiles/iceoryx_binding_c.dir/source/cpp2c_service_description_translation.cpp.o[0m
[ 90%] Built target libprotoc
[ 90%] [32mBuilding CXX object _deps/aimrt-build/src/plugins/ros2_plugin/CMakeFiles/aimrt_plugins_ros2_plugin.dir/ros2_adapter_rpc_server.cc.o[0m
[ 90%] [32mBuilding CXX object iceoryx_binding_c/CMakeFiles/iceoryx_binding_c.dir/source/c_service_discovery.cpp.o[0m
[ 90%] [32mBuilding CXX object _deps/protobuf-build/CMakeFiles/protoc.dir/src/google/protobuf/compiler/main.cc.o[0m
[ 90%] [32mBuilding CXX object _deps/aimrt-build/src/tools/protoc_plugin_cpp_gen_aimrt_cpp_rpc/CMakeFiles/aimrt_tools_protoc_plugin_cpp_gen_aimrt_cpp_rpc.dir/main.cc.o[0m
[ 90%] [32mBuilding CXX object _deps/aimrt-build/src/plugins/ros2_plugin/CMakeFiles/aimrt_plugins_ros2_plugin.dir/ros2_adapter_subscription.cc.o[0m
[ 90%] [32mBuilding CXX object _deps/aimrt-build/src/plugins/ros2_plugin/CMakeFiles/aimrt_plugins_ros2_plugin.dir/ros2_channel_backend.cc.o[0m
[ 90%] [32mBuilding CXX object _deps/aimrt-build/src/plugins/ros2_plugin/CMakeFiles/aimrt_plugins_ros2_plugin.dir/ros2_plugin.cc.o[0m
[ 91%] [32mBuilding CXX object _deps/aimrt-build/src/plugins/ros2_plugin/CMakeFiles/aimrt_plugins_ros2_plugin.dir/ros2_plugin_main.cc.o[0m
[ 91%] [32mBuilding CXX object _deps/aimrt-build/src/plugins/ros2_plugin/CMakeFiles/aimrt_plugins_ros2_plugin.dir/ros2_rpc_backend.cc.o[0m
[ 91%] [32m[1mLinking CXX executable protoc[0m
[ 91%] Built target protoc
[ 91%] [34m[1mRunning protoc, args:  --proto_path=/home/suzumiyaharuhi/rl_deploy_v2/deploy/build/legged_system/_deps/aimrt-src/src/protocols/pb/common --proto_path=/home/suzumiyaharuhi/rl_deploy_v2/deploy/build/legged_system/_deps/protobuf-src/src --cpp_out=/home/suzumiyaharuhi/rl_deploy_v2/deploy/build/legged_system/_deps/aimrt-build/src/protocols/pb/common /home/suzumiyaharuhi/rl_deploy_v2/deploy/build/legged_system/_deps/aimrt-src/src/protocols/pb/common/module.proto[0m
[ 91%] [34m[1mRunning protoc, args:  --proto_path=/home/suzumiyaharuhi/rl_deploy_v2/deploy/build/legged_system/_deps/aimrt-src/src/protocols/pb/common --proto_path=/home/suzumiyaharuhi/rl_deploy_v2/deploy/build/legged_system/_deps/protobuf-src/src --cpp_out=/home/suzumiyaharuhi/rl_deploy_v2/deploy/build/legged_system/_deps/aimrt-build/src/protocols/pb/common /home/suzumiyaharuhi/rl_deploy_v2/deploy/build/legged_system/_deps/aimrt-src/src/protocols/pb/common/header.proto[0m
[ 91%] [34m[1mRunning protoc, args:  --proto_path=/home/suzumiyaharuhi/rl_deploy_v2/deploy/build/legged_system/_deps/aimrt-src/src/protocols/pb/common --proto_path=/home/suzumiyaharuhi/rl_deploy_v2/deploy/build/legged_system/_deps/protobuf-src/src --cpp_out=/home/suzumiyaharuhi/rl_deploy_v2/deploy/build/legged_system/_deps/aimrt-build/src/protocols/pb/common /home/suzumiyaharuhi/rl_deploy_v2/deploy/build/legged_system/_deps/aimrt-src/src/protocols/pb/common/error.proto[0m
[ 91%] [32mBuilding CXX object _deps/aimrt-build/src/protocols/pb/common/CMakeFiles/aimrt_protocols_common_pb_gencode.dir/error.pb.cc.o[0m
[ 92%] [32mBuilding CXX object _deps/aimrt-build/src/protocols/pb/common/CMakeFiles/aimrt_protocols_common_pb_gencode.dir/header.pb.cc.o[0m
[ 92%] [32mBuilding CXX object _deps/aimrt-build/src/protocols/pb/common/CMakeFiles/aimrt_protocols_common_pb_gencode.dir/module.pb.cc.o[0m
[ 92%] [32m[1mLinking CXX static library libiceoryx_binding_c.a[0m
[ 92%] Built target iceoryx_binding_c
[ 93%] [32m[1mLinking CXX static library libiceoryx_introspection.a[0m
[ 93%] Built target iceoryx_introspection
[ 93%] [32mBuilding CXX object iceoryx_introspection/CMakeFiles/iox-introspection-client.dir/source/introspection_main.cpp.o[0m
[ 94%] [32m[1mLinking CXX static library libiceoryx_posh_roudi.a[0m
[ 94%] Built target iceoryx_posh_roudi
[ 94%] [32mBuilding CXX object posh/CMakeFiles/iceoryx_posh_config.dir/source/gateway/gateway_config.cpp.o[0m
[ 94%] [32mBuilding CXX object posh/CMakeFiles/iceoryx_posh_config.dir/source/gateway/toml_gateway_config_parser.cpp.o[0m
[ 94%] [32mBuilding CXX object posh/CMakeFiles/iceoryx_posh_config.dir/source/roudi/roudi_config_toml_file_provider.cpp.o[0m
[ 94%] [32m[1mLinking CXX executable protoc_plugin_cpp_gen_aimrt_cpp_rpc[0m
[ 94%] Built target aimrt_tools_protoc_plugin_cpp_gen_aimrt_cpp_rpc
[ 94%] [32m[1mLinking CXX executable iox-introspection-client[0m
[ 94%] Built target iox-introspection-client
[ 95%] [32m[1mLinking CXX executable aimrt_main[0m
[ 95%] Built target aimrt_runtime_main
[ 95%] [32m[1mLinking CXX static library libaimrt_protocols_common_pb_gencode.a[0m
[ 95%] Built target aimrt_protocols_common_pb_gencode
[ 95%] [34m[1mRunning protoc, args:  --proto_path=/home/suzumiyaharuhi/rl_deploy_v2/deploy/build/legged_system/_deps/aimrt-src/src/protocols/pb/geometry --proto_path=/home/suzumiyaharuhi/rl_deploy_v2/deploy/build/legged_system/_deps/aimrt-src/src/protocols/pb/common;--proto_path=/home/suzumiyaharuhi/rl_deploy_v2/deploy/build/legged_system/_deps/protobuf-src/src --cpp_out=/home/suzumiyaharuhi/rl_deploy_v2/deploy/build/legged_system/_deps/aimrt-build/src/protocols/pb/geometry /home/suzumiyaharuhi/rl_deploy_v2/deploy/build/legged_system/_deps/aimrt-src/src/protocols/pb/geometry/vector3.proto[0m
[ 95%] [34m[1mRunning protoc, args:  --proto_path=/home/suzumiyaharuhi/rl_deploy_v2/deploy/build/legged_system/_deps/aimrt-src/src/protocols/pb/actuator --proto_path=/home/suzumiyaharuhi/rl_deploy_v2/deploy/build/legged_system/_deps/aimrt-src/src/protocols/pb/common;--proto_path=/home/suzumiyaharuhi/rl_deploy_v2/deploy/build/legged_system/_deps/protobuf-src/src --cpp_out=/home/suzumiyaharuhi/rl_deploy_v2/deploy/build/legged_system/_deps/aimrt-build/src/protocols/pb/actuator /home/suzumiyaharuhi/rl_deploy_v2/deploy/build/legged_system/_deps/aimrt-src/src/protocols/pb/actuator/joint_command.proto[0m
[ 95%] [34m[1mRunning protoc, args:  --proto_path=/home/suzumiyaharuhi/rl_deploy_v2/deploy/build/legged_system/_deps/aimrt-src/src/protocols/pb/geometry --proto_path=/home/suzumiyaharuhi/rl_deploy_v2/deploy/build/legged_system/_deps/aimrt-src/src/protocols/pb/common;--proto_path=/home/suzumiyaharuhi/rl_deploy_v2/deploy/build/legged_system/_deps/protobuf-src/src --cpp_out=/home/suzumiyaharuhi/rl_deploy_v2/deploy/build/legged_system/_deps/aimrt-build/src/protocols/pb/geometry /home/suzumiyaharuhi/rl_deploy_v2/deploy/build/legged_system/_deps/aimrt-src/src/protocols/pb/geometry/quaternion.proto[0m
[ 95%] [32mBuilding CXX object _deps/aimrt-build/src/protocols/pb/common/CMakeFiles/aimrt_protocols_common_ts.dir/type_support_pkg_main.cc.o[0m
[ 95%] [32mBuilding CXX object _deps/aimrt-build/src/protocols/pb/actuator/CMakeFiles/aimrt_protocols_actuator_pb_gencode.dir/joint_command.pb.cc.o[0m
[ 96%] [32mBuilding CXX object _deps/aimrt-build/src/protocols/pb/geometry/CMakeFiles/aimrt_protocols_geometry_pb_gencode.dir/quaternion.pb.cc.o[0m
[ 96%] [32mBuilding CXX object _deps/aimrt-build/src/protocols/pb/geometry/CMakeFiles/aimrt_protocols_geometry_pb_gencode.dir/vector3.pb.cc.o[0m
[ 96%] [32m[1mLinking CXX static library libaimrt_protocols_geometry_pb_gencode.a[0m
[ 96%] Built target aimrt_protocols_geometry_pb_gencode
[ 96%] [34m[1mRunning protoc, args:  --proto_path=/home/suzumiyaharuhi/rl_deploy_v2/deploy/build/legged_system/_deps/aimrt-src/src/protocols/pb/sensor --proto_path=/home/suzumiyaharuhi/rl_deploy_v2/deploy/build/legged_system/_deps/aimrt-src/src/protocols/pb/common;--proto_path=/home/suzumiyaharuhi/rl_deploy_v2/deploy/build/legged_system/_deps/aimrt-src/src/protocols/pb/geometry;--proto_path=/home/suzumiyaharuhi/rl_deploy_v2/deploy/build/legged_system/_deps/protobuf-src/src --cpp_out=/home/suzumiyaharuhi/rl_deploy_v2/deploy/build/legged_system/_deps/aimrt-build/src/protocols/pb/sensor /home/suzumiyaharuhi/rl_deploy_v2/deploy/build/legged_system/_deps/aimrt-src/src/protocols/pb/sensor/touch_sensor_state.proto[0m
[ 96%] [34m[1mRunning protoc, args:  --proto_path=/home/suzumiyaharuhi/rl_deploy_v2/deploy/build/legged_system/_deps/aimrt-src/src/protocols/pb/sensor --proto_path=/home/suzumiyaharuhi/rl_deploy_v2/deploy/build/legged_system/_deps/aimrt-src/src/protocols/pb/common;--proto_path=/home/suzumiyaharuhi/rl_deploy_v2/deploy/build/legged_system/_deps/aimrt-src/src/protocols/pb/geometry;--proto_path=/home/suzumiyaharuhi/rl_deploy_v2/deploy/build/legged_system/_deps/protobuf-src/src --cpp_out=/home/suzumiyaharuhi/rl_deploy_v2/deploy/build/legged_system/_deps/aimrt-build/src/protocols/pb/sensor /home/suzumiyaharuhi/rl_deploy_v2/deploy/build/legged_system/_deps/aimrt-src/src/protocols/pb/sensor/image.proto[0m
[ 96%] [34m[1mRunning protoc, args:  --proto_path=/home/suzumiyaharuhi/rl_deploy_v2/deploy/build/legged_system/_deps/aimrt-src/src/protocols/pb/sensor --proto_path=/home/suzumiyaharuhi/rl_deploy_v2/deploy/build/legged_system/_deps/aimrt-src/src/protocols/pb/common;--proto_path=/home/suzumiyaharuhi/rl_deploy_v2/deploy/build/legged_system/_deps/aimrt-src/src/protocols/pb/geometry;--proto_path=/home/suzumiyaharuhi/rl_deploy_v2/deploy/build/legged_system/_deps/protobuf-src/src --cpp_out=/home/suzumiyaharuhi/rl_deploy_v2/deploy/build/legged_system/_deps/aimrt-build/src/protocols/pb/sensor /home/suzumiyaharuhi/rl_deploy_v2/deploy/build/legged_system/_deps/aimrt-src/src/protocols/pb/sensor/imu.proto[0m
[ 97%] [34m[1mRunning protoc, args:  --proto_path=/home/suzumiyaharuhi/rl_deploy_v2/deploy/build/legged_system/_deps/aimrt-src/src/protocols/pb/sensor --proto_path=/home/suzumiyaharuhi/rl_deploy_v2/deploy/build/legged_system/_deps/aimrt-src/src/protocols/pb/common;--proto_path=/home/suzumiyaharuhi/rl_deploy_v2/deploy/build/legged_system/_deps/aimrt-src/src/protocols/pb/geometry;--proto_path=/home/suzumiyaharuhi/rl_deploy_v2/deploy/build/legged_system/_deps/protobuf-src/src --cpp_out=/home/suzumiyaharuhi/rl_deploy_v2/deploy/build/legged_system/_deps/aimrt-build/src/protocols/pb/sensor /home/suzumiyaharuhi/rl_deploy_v2/deploy/build/legged_system/_deps/aimrt-src/src/protocols/pb/sensor/joint_state.proto[0m
[ 97%] [32mBuilding CXX object _deps/aimrt-build/src/protocols/pb/geometry/CMakeFiles/aimrt_protocols_geometry_ts.dir/type_support_pkg_main.cc.o[0m
[ 97%] [32mBuilding CXX object _deps/aimrt-build/src/protocols/pb/sensor/CMakeFiles/aimrt_protocols_sensor_pb_gencode.dir/image.pb.cc.o[0m
[ 97%] [32mBuilding CXX object _deps/aimrt-build/src/protocols/pb/sensor/CMakeFiles/aimrt_protocols_sensor_pb_gencode.dir/imu.pb.cc.o[0m
[ 97%] [32mBuilding CXX object _deps/aimrt-build/src/protocols/pb/sensor/CMakeFiles/aimrt_protocols_sensor_pb_gencode.dir/joint_state.pb.cc.o[0m
[ 97%] [32mBuilding CXX object _deps/aimrt-build/src/protocols/pb/sensor/CMakeFiles/aimrt_protocols_sensor_pb_gencode.dir/touch_sensor_state.pb.cc.o[0m
[ 97%] [32m[1mLinking CXX static library libaimrt_protocols_actuator_pb_gencode.a[0m
[ 97%] Built target aimrt_protocols_actuator_pb_gencode
[ 97%] [32mBuilding CXX object _deps/aimrt-build/src/protocols/pb/actuator/CMakeFiles/aimrt_protocols_actuator_ts.dir/type_support_pkg_main.cc.o[0m
[ 98%] [32m[1mLinking CXX shared library libaimrt_iceoryx_plugin.so[0m
[ 98%] [32m[1mLinking CXX static library libaimrt_protocols_sensor_pb_gencode.a[0m
[ 98%] Built target aimrt_protocols_sensor_pb_gencode
[ 99%] [32mBuilding CXX object _deps/aimrt-build/src/protocols/pb/sensor/CMakeFiles/aimrt_protocols_sensor_ts.dir/type_support_pkg_main.cc.o[0m
[ 99%] Built target aimrt_plugins_iceoryx_plugin
[ 99%] [32m[1mLinking CXX shared library libcommon_pb_ts.so[0m
[ 99%] Built target aimrt_protocols_common_ts
[ 99%] [32m[1mLinking CXX static library libiceoryx_posh_config.a[0m
[ 99%] Built target iceoryx_posh_config
[ 99%] [32mBuilding CXX object posh/CMakeFiles/iox-roudi.dir/source/roudi/application/roudi_main.cpp.o[0m
[ 99%] [32m[1mLinking CXX shared library libgeometry_pb_ts.so[0m
[ 99%] Built target aimrt_protocols_geometry_ts
[100%] [32m[1mLinking CXX shared library libactuator_pb_ts.so[0m
[100%] [32m[1mLinking CXX executable ../iox-roudi[0m
[100%] Built target aimrt_protocols_actuator_ts
[100%] Built target iox-roudi
[100%] [32m[1mLinking CXX shared library libsensor_pb_ts.so[0m
[100%] Built target aimrt_protocols_sensor_ts
[100%] [32m[1mLinking CXX shared library liblegged_system.so[0m
[100%] Built target legged_system
[100%] [32m[1mLinking CXX shared library libaimrt_ros2_plugin.so[0m
[100%] [32m[1mLinking CXX shared library libros2_msgs_ros2_ts.so[0m
[100%] Built target aimrt_plugins_ros2_plugin
[100%] Built target aimrt_protocols_ros2_msgs_ts
-- Install configuration: ""
-- Installing: /home/suzumiyaharuhi/rl_deploy_v2/deploy/install/legged_system/share/legged_system/legged_system.xml
-- Installing: /home/suzumiyaharuhi/rl_deploy_v2/deploy/install/legged_system/include/legged_system
-- Installing: /home/suzumiyaharuhi/rl_deploy_v2/deploy/install/legged_system/include/legged_system/LeggedSystem.h
-- Installing: /home/suzumiyaharuhi/rl_deploy_v2/deploy/install/legged_system/include/legged_system/Utilities.h
-- Installing: /home/suzumiyaharuhi/rl_deploy_v2/deploy/install/legged_system/include/legged_system/Types.h
-- Installing: /home/suzumiyaharuhi/rl_deploy_v2/deploy/install/legged_system/lib/liblegged_system.so
-- Set runtime path of "/home/suzumiyaharuhi/rl_deploy_v2/deploy/install/legged_system/lib/liblegged_system.so" to "/home/suzumiyaharuhi/rl_deploy_v2/deploy/install/legged_system/lib:/opt/ros/humble/lib:/home/suzumiyaharuhi/rl_deploy_v2/lxx2ultra_aimdk/install/aimdk_msgs/lib"
-- Installing: /home/suzumiyaharuhi/rl_deploy_v2/deploy/install/legged_system/share/legged_system/package.xml
-- Up-to-date: /home/suzumiyaharuhi/rl_deploy_v2/deploy/install/legged_system/share/legged_system/legged_system.xml
-- Installing: /home/suzumiyaharuhi/rl_deploy_v2/deploy/install/legged_system/bin
-- Installing: /home/suzumiyaharuhi/rl_deploy_v2/deploy/install/legged_system/bin/iceoryx_chn_cfg.yaml
-- Installing: /home/suzumiyaharuhi/rl_deploy_v2/deploy/install/legged_system/bin/ros2_chn_cfg.yaml
-- Installing: /home/suzumiyaharuhi/rl_deploy_v2/deploy/install/legged_system/share/ament_index/resource_index/package_run_dependencies/legged_system
-- Installing: /home/suzumiyaharuhi/rl_deploy_v2/deploy/install/legged_system/share/ament_index/resource_index/parent_prefix_path/legged_system
-- Installing: /home/suzumiyaharuhi/rl_deploy_v2/deploy/install/legged_system/share/legged_system/environment/ament_prefix_path.sh
-- Installing: /home/suzumiyaharuhi/rl_deploy_v2/deploy/install/legged_system/share/legged_system/environment/ament_prefix_path.dsv
-- Installing: /home/suzumiyaharuhi/rl_deploy_v2/deploy/install/legged_system/share/legged_system/environment/path.sh
-- Installing: /home/suzumiyaharuhi/rl_deploy_v2/deploy/install/legged_system/share/legged_system/environment/path.dsv
-- Installing: /home/suzumiyaharuhi/rl_deploy_v2/deploy/install/legged_system/share/legged_system/local_setup.bash
-- Installing: /home/suzumiyaharuhi/rl_deploy_v2/deploy/install/legged_system/share/legged_system/local_setup.sh
-- Installing: /home/suzumiyaharuhi/rl_deploy_v2/deploy/install/legged_system/share/legged_system/local_setup.zsh
-- Installing: /home/suzumiyaharuhi/rl_deploy_v2/deploy/install/legged_system/share/legged_system/local_setup.dsv
-- Installing: /home/suzumiyaharuhi/rl_deploy_v2/deploy/install/legged_system/share/legged_system/package.dsv
-- Installing: /home/suzumiyaharuhi/rl_deploy_v2/deploy/install/legged_system/share/ament_index/resource_index/packages/legged_system
-- Installing: /home/suzumiyaharuhi/rl_deploy_v2/deploy/install/legged_system/share/ament_index/resource_index/hardware_interface__pluginlib__plugin/legged_system
-- Installing: /home/suzumiyaharuhi/rl_deploy_v2/deploy/install/legged_system/share/legged_system/cmake/legged_systemConfig.cmake
-- Installing: /home/suzumiyaharuhi/rl_deploy_v2/deploy/install/legged_system/share/legged_system/cmake/legged_systemConfig-version.cmake
-- Up-to-date: /home/suzumiyaharuhi/rl_deploy_v2/deploy/install/legged_system/share/legged_system/package.xml
-- Installing: /home/suzumiyaharuhi/rl_deploy_v2/deploy/install/legged_system/lib/libunifex.a
-- Installing: /home/suzumiyaharuhi/rl_deploy_v2/deploy/install/legged_system/include/unifex/config.hpp
-- Up-to-date: /home/suzumiyaharuhi/rl_deploy_v2/deploy/install/legged_system/include
-- Up-to-date: /home/suzumiyaharuhi/rl_deploy_v2/deploy/install/legged_system/include/unifex
-- Installing: /home/suzumiyaharuhi/rl_deploy_v2/deploy/install/legged_system/include/unifex/win32
-- Installing: /home/suzumiyaharuhi/rl_deploy_v2/deploy/install/legged_system/include/unifex/win32/windows_thread_pool.hpp
-- Installing: /home/suzumiyaharuhi/rl_deploy_v2/deploy/install/legged_system/include/unifex/win32/filetime_clock.hpp
-- Installing: /home/suzumiyaharuhi/rl_deploy_v2/deploy/install/legged_system/include/unifex/win32/low_latency_iocp_context.hpp
-- Installing: /home/suzumiyaharuhi/rl_deploy_v2/deploy/install/legged_system/include/unifex/win32/detail
-- Installing: /home/suzumiyaharuhi/rl_deploy_v2/deploy/install/legged_system/include/unifex/win32/detail/safe_handle.hpp
-- Installing: /home/suzumiyaharuhi/rl_deploy_v2/deploy/install/legged_system/include/unifex/win32/detail/types.hpp
-- Installing: /home/suzumiyaharuhi/rl_deploy_v2/deploy/install/legged_system/include/unifex/win32/detail/ntapi.hpp
-- Installing: /home/suzumiyaharuhi/rl_deploy_v2/deploy/install/legged_system/include/unifex/coroutine.hpp
-- Installing: /home/suzumiyaharuhi/rl_deploy_v2/deploy/install/legged_system/include/unifex/connect_awaitable.hpp
-- Installing: /home/suzumiyaharuhi/rl_deploy_v2/deploy/install/legged_system/include/unifex/create.hpp
-- Installing: /home/suzumiyaharuhi/rl_deploy_v2/deploy/install/legged_system/include/unifex/via_stream.hpp
-- Installing: /home/suzumiyaharuhi/rl_deploy_v2/deploy/install/legged_system/include/unifex/await_transform.hpp
-- Installing: /home/suzumiyaharuhi/rl_deploy_v2/deploy/install/legged_system/include/unifex/manual_lifetime_union.hpp
-- Installing: /home/suzumiyaharuhi/rl_deploy_v2/deploy/install/legged_system/include/unifex/bulk_join.hpp
-- Installing: /home/suzumiyaharuhi/rl_deploy_v2/deploy/install/legged_system/include/unifex/let_done.hpp
-- Installing: /home/suzumiyaharuhi/rl_deploy_v2/deploy/install/legged_system/include/unifex/with_query_value.hpp
-- Installing: /home/suzumiyaharuhi/rl_deploy_v2/deploy/install/legged_system/include/unifex/execution_policy.hpp
-- Installing: /home/suzumiyaharuhi/rl_deploy_v2/deploy/install/legged_system/include/unifex/swap.hpp
-- Installing: /home/suzumiyaharuhi/rl_deploy_v2/deploy/install/legged_system/include/unifex/async_mutex.hpp
-- Installing: /home/suzumiyaharuhi/rl_deploy_v2/deploy/install/legged_system/include/unifex/next_adapt_stream.hpp
-- Installing: /home/suzumiyaharuhi/rl_deploy_v2/deploy/install/legged_system/include/unifex/at_coroutine_exit.hpp
-- Installing: /home/suzumiyaharuhi/rl_deploy_v2/deploy/install/legged_system/include/unifex/just.hpp
-- Installing: /home/suzumiyaharuhi/rl_deploy_v2/deploy/install/legged_system/include/unifex/type_list.hpp
-- Installing: /home/suzumiyaharuhi/rl_deploy_v2/deploy/install/legged_system/include/unifex/filesystem.hpp
-- Installing: /home/suzumiyaharuhi/rl_deploy_v2/deploy/install/legged_system/include/unifex/into_variant.hpp
-- Installing: /home/suzumiyaharuhi/rl_deploy_v2/deploy/install/legged_system/include/unifex/let.hpp
-- Installing: /home/suzumiyaharuhi/rl_deploy_v2/deploy/install/legged_system/include/unifex/upon_done.hpp
-- Installing: /home/suzumiyaharuhi/rl_deploy_v2/deploy/install/legged_system/include/unifex/upon_error.hpp
-- Installing: /home/suzumiyaharuhi/rl_deploy_v2/deploy/install/legged_system/include/unifex/retry_when.hpp
-- Installing: /home/suzumiyaharuhi/rl_deploy_v2/deploy/install/legged_system/include/unifex/async_manual_reset_event.hpp
-- Installing: /home/suzumiyaharuhi/rl_deploy_v2/deploy/install/legged_system/include/unifex/file_concepts.hpp
-- Installing: /home/suzumiyaharuhi/rl_deploy_v2/deploy/install/legged_system/include/unifex/done_as_optional.hpp
-- Installing: /home/suzumiyaharuhi/rl_deploy_v2/deploy/install/legged_system/include/unifex/sender_concepts.hpp
-- Installing: /home/suzumiyaharuhi/rl_deploy_v2/deploy/install/legged_system/include/unifex/thread_unsafe_event_loop.hpp
-- Installing: /home/suzumiyaharuhi/rl_deploy_v2/deploy/install/legged_system/include/unifex/inplace_stop_token.hpp
-- Installing: /home/suzumiyaharuhi/rl_deploy_v2/deploy/install/legged_system/include/unifex/transform_stream.hpp
-- Installing: /home/suzumiyaharuhi/rl_deploy_v2/deploy/install/legged_system/include/unifex/let_value_with.hpp
-- Installing: /home/suzumiyaharuhi/rl_deploy_v2/deploy/install/legged_system/include/unifex/on_stream.hpp
-- Installing: /home/suzumiyaharuhi/rl_deploy_v2/deploy/install/legged_system/include/unifex/get_stop_token.hpp
-- Installing: /home/suzumiyaharuhi/rl_deploy_v2/deploy/install/legged_system/include/unifex/just_void_or_done.hpp
-- Installing: /home/suzumiyaharuhi/rl_deploy_v2/deploy/install/legged_system/include/unifex/typed_via_stream.hpp
-- Installing: /home/suzumiyaharuhi/rl_deploy_v2/deploy/install/legged_system/include/unifex/static_thread_pool.hpp
-- Installing: /home/suzumiyaharuhi/rl_deploy_v2/deploy/install/legged_system/include/unifex/let_error.hpp
-- Installing: /home/suzumiyaharuhi/rl_deploy_v2/deploy/install/legged_system/include/unifex/execute.hpp
-- Installing: /home/suzumiyaharuhi/rl_deploy_v2/deploy/install/legged_system/include/unifex/stop_token_concepts.hpp
-- Installing: /home/suzumiyaharuhi/rl_deploy_v2/deploy/install/legged_system/include/unifex/bulk_transform.hpp
-- Installing: /home/suzumiyaharuhi/rl_deploy_v2/deploy/install/legged_system/include/unifex/delay.hpp
-- Installing: /home/suzumiyaharuhi/rl_deploy_v2/deploy/install/legged_system/include/unifex/manual_event_loop.hpp
-- Installing: /home/suzumiyaharuhi/rl_deploy_v2/deploy/install/legged_system/include/unifex/when_all.hpp
-- Installing: /home/suzumiyaharuhi/rl_deploy_v2/deploy/install/legged_system/include/unifex/type_index.hpp
-- Installing: /home/suzumiyaharuhi/rl_deploy_v2/deploy/install/legged_system/include/unifex/continuations.hpp
-- Installing: /home/suzumiyaharuhi/rl_deploy_v2/deploy/install/legged_system/include/unifex/bind_back.hpp
-- Installing: /home/suzumiyaharuhi/rl_deploy_v2/deploy/install/legged_system/include/unifex/type_erased_stream.hpp
-- Installing: /home/suzumiyaharuhi/rl_deploy_v2/deploy/install/legged_system/include/unifex/manual_lifetime.hpp
-- Installing: /home/suzumiyaharuhi/rl_deploy_v2/deploy/install/legged_system/include/unifex/for_each.hpp
-- Installing: /home/suzumiyaharuhi/rl_deploy_v2/deploy/install/legged_system/include/unifex/repeat_effect_until.hpp
-- Installing: /home/suzumiyaharuhi/rl_deploy_v2/deploy/install/legged_system/include/unifex/let_with.hpp
-- Installing: /home/suzumiyaharuhi/rl_deploy_v2/deploy/install/legged_system/include/unifex/any_scheduler.hpp
-- Installing: /home/suzumiyaharuhi/rl_deploy_v2/deploy/install/legged_system/include/unifex/new_thread_context.hpp
-- Installing: /home/suzumiyaharuhi/rl_deploy_v2/deploy/install/legged_system/include/unifex/reduce_stream.hpp
-- Installing: /home/suzumiyaharuhi/rl_deploy_v2/deploy/install/legged_system/include/unifex/type_traits.hpp
-- Installing: /home/suzumiyaharuhi/rl_deploy_v2/deploy/install/legged_system/include/unifex/unstoppable_token.hpp
-- Installing: /home/suzumiyaharuhi/rl_deploy_v2/deploy/install/legged_system/include/unifex/any_unique.hpp
-- Installing: /home/suzumiyaharuhi/rl_deploy_v2/deploy/install/legged_system/include/unifex/transform.hpp
-- Installing: /home/suzumiyaharuhi/rl_deploy_v2/deploy/install/legged_system/include/unifex/submit.hpp
-- Installing: /home/suzumiyaharuhi/rl_deploy_v2/deploy/install/legged_system/include/unifex/span.hpp
-- Installing: /home/suzumiyaharuhi/rl_deploy_v2/deploy/install/legged_system/include/unifex/scheduler_concepts.hpp
-- Installing: /home/suzumiyaharuhi/rl_deploy_v2/deploy/install/legged_system/include/unifex/never.hpp
-- Installing: /home/suzumiyaharuhi/rl_deploy_v2/deploy/install/legged_system/include/unifex/get_allocator.hpp
-- Installing: /home/suzumiyaharuhi/rl_deploy_v2/deploy/install/legged_system/include/unifex/stop_immediately.hpp
-- Installing: /home/suzumiyaharuhi/rl_deploy_v2/deploy/install/legged_system/include/unifex/this.hpp
-- Installing: /home/suzumiyaharuhi/rl_deploy_v2/deploy/install/legged_system/include/unifex/find_if.hpp
-- Installing: /home/suzumiyaharuhi/rl_deploy_v2/deploy/install/legged_system/include/unifex/trampoline_scheduler.hpp
-- Installing: /home/suzumiyaharuhi/rl_deploy_v2/deploy/install/legged_system/include/unifex/defer.hpp
-- Installing: /home/suzumiyaharuhi/rl_deploy_v2/deploy/install/legged_system/include/unifex/sequence.hpp
-- Installing: /home/suzumiyaharuhi/rl_deploy_v2/deploy/install/legged_system/include/unifex/any_ref.hpp
-- Installing: /home/suzumiyaharuhi/rl_deploy_v2/deploy/install/legged_system/include/unifex/finally.hpp
-- Installing: /home/suzumiyaharuhi/rl_deploy_v2/deploy/install/legged_system/include/unifex/single.hpp
-- Installing: /home/suzumiyaharuhi/rl_deploy_v2/deploy/install/legged_system/include/unifex/async_scope.hpp
-- Installing: /home/suzumiyaharuhi/rl_deploy_v2/deploy/install/legged_system/include/unifex/scope_guard.hpp
-- Installing: /home/suzumiyaharuhi/rl_deploy_v2/deploy/install/legged_system/include/unifex/tag_invoke.hpp
-- Installing: /home/suzumiyaharuhi/rl_deploy_v2/deploy/install/legged_system/include/unifex/with_allocator.hpp
-- Installing: /home/suzumiyaharuhi/rl_deploy_v2/deploy/install/legged_system/include/unifex/overload.hpp
-- Installing: /home/suzumiyaharuhi/rl_deploy_v2/deploy/install/legged_system/include/unifex/ready_done_sender.hpp
-- Installing: /home/suzumiyaharuhi/rl_deploy_v2/deploy/install/legged_system/include/unifex/invoke.hpp
-- Installing: /home/suzumiyaharuhi/rl_deploy_v2/deploy/install/legged_system/include/unifex/adapt_stream.hpp
-- Installing: /home/suzumiyaharuhi/rl_deploy_v2/deploy/install/legged_system/include/unifex/schedule_with_subscheduler.hpp
-- Installing: /home/suzumiyaharuhi/rl_deploy_v2/deploy/install/legged_system/include/unifex/dematerialize.hpp
-- Installing: /home/suzumiyaharuhi/rl_deploy_v2/deploy/install/legged_system/include/unifex/stream_concepts.hpp
-- Installing: /home/suzumiyaharuhi/rl_deploy_v2/deploy/install/legged_system/include/unifex/linux
-- Installing: /home/suzumiyaharuhi/rl_deploy_v2/deploy/install/legged_system/include/unifex/linux/monotonic_clock.hpp
-- Installing: /home/suzumiyaharuhi/rl_deploy_v2/deploy/install/legged_system/include/unifex/linux/io_epoll_context.hpp
-- Installing: /home/suzumiyaharuhi/rl_deploy_v2/deploy/install/legged_system/include/unifex/linux/io_uring_context.hpp
-- Installing: /home/suzumiyaharuhi/rl_deploy_v2/deploy/install/legged_system/include/unifex/linux/mmap_region.hpp
-- Installing: /home/suzumiyaharuhi/rl_deploy_v2/deploy/install/legged_system/include/unifex/linux/safe_file_descriptor.hpp
-- Installing: /home/suzumiyaharuhi/rl_deploy_v2/deploy/install/legged_system/include/unifex/then_execute.hpp
-- Installing: /home/suzumiyaharuhi/rl_deploy_v2/deploy/install/legged_system/include/unifex/just_from.hpp
-- Installing: /home/suzumiyaharuhi/rl_deploy_v2/deploy/install/legged_system/include/unifex/let_value.hpp
-- Installing: /home/suzumiyaharuhi/rl_deploy_v2/deploy/install/legged_system/include/unifex/memory_resource.hpp
-- Installing: /home/suzumiyaharuhi/rl_deploy_v2/deploy/install/legged_system/include/unifex/range_stream.hpp
-- Installing: /home/suzumiyaharuhi/rl_deploy_v2/deploy/install/legged_system/include/unifex/coroutine_concepts.hpp
-- Installing: /home/suzumiyaharuhi/rl_deploy_v2/deploy/install/legged_system/include/unifex/stop_if_requested.hpp
-- Installing: /home/suzumiyaharuhi/rl_deploy_v2/deploy/install/legged_system/include/unifex/bulk_schedule.hpp
-- Installing: /home/suzumiyaharuhi/rl_deploy_v2/deploy/install/legged_system/include/unifex/transform_done.hpp
-- Installing: /home/suzumiyaharuhi/rl_deploy_v2/deploy/install/legged_system/include/unifex/then.hpp
-- Installing: /home/suzumiyaharuhi/rl_deploy_v2/deploy/install/legged_system/include/unifex/just_done.hpp
-- Installing: /home/suzumiyaharuhi/rl_deploy_v2/deploy/install/legged_system/include/unifex/detail
-- Installing: /home/suzumiyaharuhi/rl_deploy_v2/deploy/install/legged_system/include/unifex/detail/intrusive_heap.hpp
-- Installing: /home/suzumiyaharuhi/rl_deploy_v2/deploy/install/legged_system/include/unifex/detail/vtable.hpp
-- Installing: /home/suzumiyaharuhi/rl_deploy_v2/deploy/install/legged_system/include/unifex/detail/type_erasure_builtins.hpp
-- Installing: /home/suzumiyaharuhi/rl_deploy_v2/deploy/install/legged_system/include/unifex/detail/with_forwarding_tag_invoke.hpp
-- Installing: /home/suzumiyaharuhi/rl_deploy_v2/deploy/install/legged_system/include/unifex/detail/unifex_fwd.hpp
-- Installing: /home/suzumiyaharuhi/rl_deploy_v2/deploy/install/legged_system/include/unifex/detail/concept_macros.hpp
-- Installing: /home/suzumiyaharuhi/rl_deploy_v2/deploy/install/legged_system/include/unifex/detail/prologue.hpp
-- Installing: /home/suzumiyaharuhi/rl_deploy_v2/deploy/install/legged_system/include/unifex/detail/epilogue.hpp
-- Installing: /home/suzumiyaharuhi/rl_deploy_v2/deploy/install/legged_system/include/unifex/detail/intrusive_list.hpp
-- Installing: /home/suzumiyaharuhi/rl_deploy_v2/deploy/install/legged_system/include/unifex/detail/with_abort_tag_invoke.hpp
-- Installing: /home/suzumiyaharuhi/rl_deploy_v2/deploy/install/legged_system/include/unifex/detail/intrusive_queue.hpp
-- Installing: /home/suzumiyaharuhi/rl_deploy_v2/deploy/install/legged_system/include/unifex/detail/with_type_erased_tag_invoke.hpp
-- Installing: /home/suzumiyaharuhi/rl_deploy_v2/deploy/install/legged_system/include/unifex/detail/atomic_intrusive_queue.hpp
-- Installing: /home/suzumiyaharuhi/rl_deploy_v2/deploy/install/legged_system/include/unifex/detail/any_heap_allocated_storage.hpp
-- Installing: /home/suzumiyaharuhi/rl_deploy_v2/deploy/install/legged_system/include/unifex/detail/intrusive_stack.hpp
-- Installing: /home/suzumiyaharuhi/rl_deploy_v2/deploy/install/legged_system/include/unifex/std_concepts.hpp
-- Installing: /home/suzumiyaharuhi/rl_deploy_v2/deploy/install/legged_system/include/unifex/inline_scheduler.hpp
-- Installing: /home/suzumiyaharuhi/rl_deploy_v2/deploy/install/legged_system/include/unifex/transform_error.hpp
-- Installing: /home/suzumiyaharuhi/rl_deploy_v2/deploy/install/legged_system/include/unifex/stop_when.hpp
-- Installing: /home/suzumiyaharuhi/rl_deploy_v2/deploy/install/legged_system/include/unifex/async_trace.hpp
-- Installing: /home/suzumiyaharuhi/rl_deploy_v2/deploy/install/legged_system/include/unifex/single_thread_context.hpp
-- Installing: /home/suzumiyaharuhi/rl_deploy_v2/deploy/install/legged_system/include/unifex/let_value_with_stop_source.hpp
-- Installing: /home/suzumiyaharuhi/rl_deploy_v2/deploy/install/legged_system/include/unifex/typed_via.hpp
-- Installing: /home/suzumiyaharuhi/rl_deploy_v2/deploy/install/legged_system/include/unifex/on.hpp
-- Installing: /home/suzumiyaharuhi/rl_deploy_v2/deploy/install/legged_system/include/unifex/sync_wait.hpp
-- Installing: /home/suzumiyaharuhi/rl_deploy_v2/deploy/install/legged_system/include/unifex/any_sender_of.hpp
-- Installing: /home/suzumiyaharuhi/rl_deploy_v2/deploy/install/legged_system/include/unifex/receiver_concepts.hpp
-- Installing: /home/suzumiyaharuhi/rl_deploy_v2/deploy/install/legged_system/include/unifex/let_with_stop_source.hpp
-- Installing: /home/suzumiyaharuhi/rl_deploy_v2/deploy/install/legged_system/include/unifex/any_object.hpp
-- Installing: /home/suzumiyaharuhi/rl_deploy_v2/deploy/install/legged_system/include/unifex/null_receiver.hpp
-- Installing: /home/suzumiyaharuhi/rl_deploy_v2/deploy/install/legged_system/include/unifex/spin_wait.hpp
-- Installing: /home/suzumiyaharuhi/rl_deploy_v2/deploy/install/legged_system/include/unifex/task.hpp
-- Installing: /home/suzumiyaharuhi/rl_deploy_v2/deploy/install/legged_system/include/unifex/get_execution_policy.hpp
-- Installing: /home/suzumiyaharuhi/rl_deploy_v2/deploy/install/legged_system/include/unifex/blocking.hpp
-- Installing: /home/suzumiyaharuhi/rl_deploy_v2/deploy/install/legged_system/include/unifex/pipe_concepts.hpp
-- Installing: /home/suzumiyaharuhi/rl_deploy_v2/deploy/install/legged_system/include/unifex/timed_single_thread_context.hpp
-- Installing: /home/suzumiyaharuhi/rl_deploy_v2/deploy/install/legged_system/include/unifex/take_until.hpp
-- Installing: /home/suzumiyaharuhi/rl_deploy_v2/deploy/install/legged_system/include/unifex/via.hpp
-- Installing: /home/suzumiyaharuhi/rl_deploy_v2/deploy/install/legged_system/include/unifex/allocate.hpp
-- Installing: /home/suzumiyaharuhi/rl_deploy_v2/deploy/install/legged_system/include/unifex/indexed_for.hpp
-- Installing: /home/suzumiyaharuhi/rl_deploy_v2/deploy/install/legged_system/include/unifex/exception.hpp
-- Installing: /home/suzumiyaharuhi/rl_deploy_v2/deploy/install/legged_system/include/unifex/just_error.hpp
-- Installing: /home/suzumiyaharuhi/rl_deploy_v2/deploy/install/legged_system/include/unifex/materialize.hpp
-- Installing: /home/suzumiyaharuhi/rl_deploy_v2/deploy/install/legged_system/include/unifex/io_concepts.hpp
-- Installing: /home/suzumiyaharuhi/rl_deploy_v2/deploy/install/legged_system/lib/cmake/unifex/unifexConfig.cmake
-- Installing: /home/suzumiyaharuhi/rl_deploy_v2/deploy/install/legged_system/lib/pkgconfig/unifex.pc
-- Installing: /home/suzumiyaharuhi/rl_deploy_v2/deploy/install/legged_system/lib/libfmt.a
-- Installing: /home/suzumiyaharuhi/rl_deploy_v2/deploy/install/legged_system/include/fmt/args.h
-- Installing: /home/suzumiyaharuhi/rl_deploy_v2/deploy/install/legged_system/include/fmt/chrono.h
-- Installing: /home/suzumiyaharuhi/rl_deploy_v2/deploy/install/legged_system/include/fmt/color.h
-- Installing: /home/suzumiyaharuhi/rl_deploy_v2/deploy/install/legged_system/include/fmt/compile.h
-- Installing: /home/suzumiyaharuhi/rl_deploy_v2/deploy/install/legged_system/include/fmt/core.h
-- Installing: /home/suzumiyaharuhi/rl_deploy_v2/deploy/install/legged_system/include/fmt/format.h
-- Installing: /home/suzumiyaharuhi/rl_deploy_v2/deploy/install/legged_system/include/fmt/format-inl.h
-- Installing: /home/suzumiyaharuhi/rl_deploy_v2/deploy/install/legged_system/include/fmt/os.h
-- Installing: /home/suzumiyaharuhi/rl_deploy_v2/deploy/install/legged_system/include/fmt/ostream.h
-- Installing: /home/suzumiyaharuhi/rl_deploy_v2/deploy/install/legged_system/include/fmt/printf.h
-- Installing: /home/suzumiyaharuhi/rl_deploy_v2/deploy/install/legged_system/include/fmt/ranges.h
-- Installing: /home/suzumiyaharuhi/rl_deploy_v2/deploy/install/legged_system/include/fmt/std.h
-- Installing: /home/suzumiyaharuhi/rl_deploy_v2/deploy/install/legged_system/include/fmt/xchar.h
-- Installing: /home/suzumiyaharuhi/rl_deploy_v2/deploy/install/legged_system/lib/cmake/fmt/fmt-config.cmake
-- Installing: /home/suzumiyaharuhi/rl_deploy_v2/deploy/install/legged_system/lib/cmake/fmt/fmt-config-version.cmake
-- Installing: /home/suzumiyaharuhi/rl_deploy_v2/deploy/install/legged_system/lib/cmake/fmt/fmt-targets.cmake
-- Installing: /home/suzumiyaharuhi/rl_deploy_v2/deploy/install/legged_system/lib/pkgconfig/fmt.pc
-- Installing: /home/suzumiyaharuhi/rl_deploy_v2/deploy/install/legged_system/lib/libprotobuf-lite.a
-- Installing: /home/suzumiyaharuhi/rl_deploy_v2/deploy/install/legged_system/lib/libprotobuf.a
-- Installing: /home/suzumiyaharuhi/rl_deploy_v2/deploy/install/legged_system/lib/libprotoc.a
-- Installing: /home/suzumiyaharuhi/rl_deploy_v2/deploy/install/legged_system/bin/protoc-3.21.12.0
-- Installing: /home/suzumiyaharuhi/rl_deploy_v2/deploy/install/legged_system/bin/protoc
-- Set runtime path of "/home/suzumiyaharuhi/rl_deploy_v2/deploy/install/legged_system/bin/protoc-3.21.12.0" to "$ORIGIN/../lib"
-- Installing: /home/suzumiyaharuhi/rl_deploy_v2/deploy/install/legged_system/lib/pkgconfig/protobuf.pc
-- Installing: /home/suzumiyaharuhi/rl_deploy_v2/deploy/install/legged_system/lib/pkgconfig/protobuf-lite.pc
-- Installing: /home/suzumiyaharuhi/rl_deploy_v2/deploy/install/legged_system/include/google/protobuf/any.h
-- Installing: /home/suzumiyaharuhi/rl_deploy_v2/deploy/install/legged_system/include/google/protobuf/any.pb.h
-- Installing: /home/suzumiyaharuhi/rl_deploy_v2/deploy/install/legged_system/include/google/protobuf/api.pb.h
-- Installing: /home/suzumiyaharuhi/rl_deploy_v2/deploy/install/legged_system/include/google/protobuf/arena.h
-- Installing: /home/suzumiyaharuhi/rl_deploy_v2/deploy/install/legged_system/include/google/protobuf/arena_impl.h
-- Installing: /home/suzumiyaharuhi/rl_deploy_v2/deploy/install/legged_system/include/google/protobuf/arenastring.h
-- Installing: /home/suzumiyaharuhi/rl_deploy_v2/deploy/install/legged_system/include/google/protobuf/arenaz_sampler.h
-- Installing: /home/suzumiyaharuhi/rl_deploy_v2/deploy/install/legged_system/include/google/protobuf/compiler/code_generator.h
-- Installing: /home/suzumiyaharuhi/rl_deploy_v2/deploy/install/legged_system/include/google/protobuf/compiler/command_line_interface.h
-- Installing: /home/suzumiyaharuhi/rl_deploy_v2/deploy/install/legged_system/include/google/protobuf/compiler/cpp/file.h
-- Installing: /home/suzumiyaharuhi/rl_deploy_v2/deploy/install/legged_system/include/google/protobuf/compiler/cpp/cpp_generator.h
-- Installing: /home/suzumiyaharuhi/rl_deploy_v2/deploy/install/legged_system/include/google/protobuf/compiler/cpp/generator.h
-- Installing: /home/suzumiyaharuhi/rl_deploy_v2/deploy/install/legged_system/include/google/protobuf/compiler/cpp/helpers.h
-- Installing: /home/suzumiyaharuhi/rl_deploy_v2/deploy/install/legged_system/include/google/protobuf/compiler/cpp/names.h
-- Installing: /home/suzumiyaharuhi/rl_deploy_v2/deploy/install/legged_system/include/google/protobuf/compiler/csharp/csharp_doc_comment.h
-- Installing: /home/suzumiyaharuhi/rl_deploy_v2/deploy/install/legged_system/include/google/protobuf/compiler/csharp/csharp_generator.h
-- Installing: /home/suzumiyaharuhi/rl_deploy_v2/deploy/install/legged_system/include/google/protobuf/compiler/csharp/csharp_names.h
-- Installing: /home/suzumiyaharuhi/rl_deploy_v2/deploy/install/legged_system/include/google/protobuf/compiler/csharp/csharp_options.h
-- Installing: /home/suzumiyaharuhi/rl_deploy_v2/deploy/install/legged_system/include/google/protobuf/compiler/importer.h
-- Installing: /home/suzumiyaharuhi/rl_deploy_v2/deploy/install/legged_system/include/google/protobuf/compiler/java/generator.h
-- Installing: /home/suzumiyaharuhi/rl_deploy_v2/deploy/install/legged_system/include/google/protobuf/compiler/java/java_generator.h
-- Installing: /home/suzumiyaharuhi/rl_deploy_v2/deploy/install/legged_system/include/google/protobuf/compiler/java/kotlin_generator.h
-- Installing: /home/suzumiyaharuhi/rl_deploy_v2/deploy/install/legged_system/include/google/protobuf/compiler/java/names.h
-- Installing: /home/suzumiyaharuhi/rl_deploy_v2/deploy/install/legged_system/include/google/protobuf/compiler/objectivec/objectivec_generator.h
-- Installing: /home/suzumiyaharuhi/rl_deploy_v2/deploy/install/legged_system/include/google/protobuf/compiler/objectivec/objectivec_helpers.h
-- Installing: /home/suzumiyaharuhi/rl_deploy_v2/deploy/install/legged_system/include/google/protobuf/compiler/parser.h
-- Installing: /home/suzumiyaharuhi/rl_deploy_v2/deploy/install/legged_system/include/google/protobuf/compiler/php/php_generator.h
-- Installing: /home/suzumiyaharuhi/rl_deploy_v2/deploy/install/legged_system/include/google/protobuf/compiler/plugin.h
-- Installing: /home/suzumiyaharuhi/rl_deploy_v2/deploy/install/legged_system/include/google/protobuf/compiler/plugin.pb.h
-- Installing: /home/suzumiyaharuhi/rl_deploy_v2/deploy/install/legged_system/include/google/protobuf/compiler/python/generator.h
-- Installing: /home/suzumiyaharuhi/rl_deploy_v2/deploy/install/legged_system/include/google/protobuf/compiler/python/pyi_generator.h
-- Installing: /home/suzumiyaharuhi/rl_deploy_v2/deploy/install/legged_system/include/google/protobuf/compiler/python/python_generator.h
-- Installing: /home/suzumiyaharuhi/rl_deploy_v2/deploy/install/legged_system/include/google/protobuf/compiler/ruby/ruby_generator.h
-- Installing: /home/suzumiyaharuhi/rl_deploy_v2/deploy/install/legged_system/include/google/protobuf/descriptor.h
-- Installing: /home/suzumiyaharuhi/rl_deploy_v2/deploy/install/legged_system/include/google/protobuf/descriptor.pb.h
-- Installing: /home/suzumiyaharuhi/rl_deploy_v2/deploy/install/legged_system/include/google/protobuf/descriptor_database.h
-- Installing: /home/suzumiyaharuhi/rl_deploy_v2/deploy/install/legged_system/include/google/protobuf/duration.pb.h
-- Installing: /home/suzumiyaharuhi/rl_deploy_v2/deploy/install/legged_system/include/google/protobuf/dynamic_message.h
-- Installing: /home/suzumiyaharuhi/rl_deploy_v2/deploy/install/legged_system/include/google/protobuf/empty.pb.h
-- Installing: /home/suzumiyaharuhi/rl_deploy_v2/deploy/install/legged_system/include/google/protobuf/endian.h
-- Installing: /home/suzumiyaharuhi/rl_deploy_v2/deploy/install/legged_system/include/google/protobuf/explicitly_constructed.h
-- Installing: /home/suzumiyaharuhi/rl_deploy_v2/deploy/install/legged_system/include/google/protobuf/extension_set.h
-- Installing: /home/suzumiyaharuhi/rl_deploy_v2/deploy/install/legged_system/include/google/protobuf/extension_set_inl.h
-- Installing: /home/suzumiyaharuhi/rl_deploy_v2/deploy/install/legged_system/include/google/protobuf/field_access_listener.h
-- Installing: /home/suzumiyaharuhi/rl_deploy_v2/deploy/install/legged_system/include/google/protobuf/field_mask.pb.h
-- Installing: /home/suzumiyaharuhi/rl_deploy_v2/deploy/install/legged_system/include/google/protobuf/generated_enum_reflection.h
-- Installing: /home/suzumiyaharuhi/rl_deploy_v2/deploy/install/legged_system/include/google/protobuf/generated_enum_util.h
-- Installing: /home/suzumiyaharuhi/rl_deploy_v2/deploy/install/legged_system/include/google/protobuf/generated_message_bases.h
-- Installing: /home/suzumiyaharuhi/rl_deploy_v2/deploy/install/legged_system/include/google/protobuf/generated_message_reflection.h
-- Installing: /home/suzumiyaharuhi/rl_deploy_v2/deploy/install/legged_system/include/google/protobuf/generated_message_tctable_decl.h
-- Installing: /home/suzumiyaharuhi/rl_deploy_v2/deploy/install/legged_system/include/google/protobuf/generated_message_tctable_impl.h
-- Installing: /home/suzumiyaharuhi/rl_deploy_v2/deploy/install/legged_system/include/google/protobuf/generated_message_util.h
-- Installing: /home/suzumiyaharuhi/rl_deploy_v2/deploy/install/legged_system/include/google/protobuf/has_bits.h
-- Installing: /home/suzumiyaharuhi/rl_deploy_v2/deploy/install/legged_system/include/google/protobuf/implicit_weak_message.h
-- Installing: /home/suzumiyaharuhi/rl_deploy_v2/deploy/install/legged_system/include/google/protobuf/inlined_string_field.h
-- Installing: /home/suzumiyaharuhi/rl_deploy_v2/deploy/install/legged_system/include/google/protobuf/io/coded_stream.h
-- Installing: /home/suzumiyaharuhi/rl_deploy_v2/deploy/install/legged_system/include/google/protobuf/io/gzip_stream.h
-- Installing: /home/suzumiyaharuhi/rl_deploy_v2/deploy/install/legged_system/include/google/protobuf/io/io_win32.h
-- Installing: /home/suzumiyaharuhi/rl_deploy_v2/deploy/install/legged_system/include/google/protobuf/io/printer.h
-- Installing: /home/suzumiyaharuhi/rl_deploy_v2/deploy/install/legged_system/include/google/protobuf/io/strtod.h
-- Installing: /home/suzumiyaharuhi/rl_deploy_v2/deploy/install/legged_system/include/google/protobuf/io/tokenizer.h
-- Installing: /home/suzumiyaharuhi/rl_deploy_v2/deploy/install/legged_system/include/google/protobuf/io/zero_copy_stream.h
-- Installing: /home/suzumiyaharuhi/rl_deploy_v2/deploy/install/legged_system/include/google/protobuf/io/zero_copy_stream_impl.h
-- Installing: /home/suzumiyaharuhi/rl_deploy_v2/deploy/install/legged_system/include/google/protobuf/io/zero_copy_stream_impl_lite.h
-- Installing: /home/suzumiyaharuhi/rl_deploy_v2/deploy/install/legged_system/include/google/protobuf/map.h
-- Installing: /home/suzumiyaharuhi/rl_deploy_v2/deploy/install/legged_system/include/google/protobuf/map_entry.h
-- Installing: /home/suzumiyaharuhi/rl_deploy_v2/deploy/install/legged_system/include/google/protobuf/map_entry_lite.h
-- Installing: /home/suzumiyaharuhi/rl_deploy_v2/deploy/install/legged_system/include/google/protobuf/map_field.h
-- Installing: /home/suzumiyaharuhi/rl_deploy_v2/deploy/install/legged_system/include/google/protobuf/map_field_inl.h
-- Installing: /home/suzumiyaharuhi/rl_deploy_v2/deploy/install/legged_system/include/google/protobuf/map_field_lite.h
-- Installing: /home/suzumiyaharuhi/rl_deploy_v2/deploy/install/legged_system/include/google/protobuf/map_type_handler.h
-- Installing: /home/suzumiyaharuhi/rl_deploy_v2/deploy/install/legged_system/include/google/protobuf/message.h
-- Installing: /home/suzumiyaharuhi/rl_deploy_v2/deploy/install/legged_system/include/google/protobuf/message_lite.h
-- Installing: /home/suzumiyaharuhi/rl_deploy_v2/deploy/install/legged_system/include/google/protobuf/metadata.h
-- Installing: /home/suzumiyaharuhi/rl_deploy_v2/deploy/install/legged_system/include/google/protobuf/metadata_lite.h
-- Installing: /home/suzumiyaharuhi/rl_deploy_v2/deploy/install/legged_system/include/google/protobuf/parse_context.h
-- Installing: /home/suzumiyaharuhi/rl_deploy_v2/deploy/install/legged_system/include/google/protobuf/port.h
-- Installing: /home/suzumiyaharuhi/rl_deploy_v2/deploy/install/legged_system/include/google/protobuf/port_def.inc
-- Installing: /home/suzumiyaharuhi/rl_deploy_v2/deploy/install/legged_system/include/google/protobuf/port_undef.inc
-- Installing: /home/suzumiyaharuhi/rl_deploy_v2/deploy/install/legged_system/include/google/protobuf/reflection.h
-- Installing: /home/suzumiyaharuhi/rl_deploy_v2/deploy/install/legged_system/include/google/protobuf/reflection_ops.h
-- Installing: /home/suzumiyaharuhi/rl_deploy_v2/deploy/install/legged_system/include/google/protobuf/repeated_field.h
-- Installing: /home/suzumiyaharuhi/rl_deploy_v2/deploy/install/legged_system/include/google/protobuf/repeated_ptr_field.h
-- Installing: /home/suzumiyaharuhi/rl_deploy_v2/deploy/install/legged_system/include/google/protobuf/service.h
-- Installing: /home/suzumiyaharuhi/rl_deploy_v2/deploy/install/legged_system/include/google/protobuf/source_context.pb.h
-- Installing: /home/suzumiyaharuhi/rl_deploy_v2/deploy/install/legged_system/include/google/protobuf/struct.pb.h
-- Installing: /home/suzumiyaharuhi/rl_deploy_v2/deploy/install/legged_system/include/google/protobuf/stubs/bytestream.h
-- Installing: /home/suzumiyaharuhi/rl_deploy_v2/deploy/install/legged_system/include/google/protobuf/stubs/callback.h
-- Installing: /home/suzumiyaharuhi/rl_deploy_v2/deploy/install/legged_system/include/google/protobuf/stubs/casts.h
-- Installing: /home/suzumiyaharuhi/rl_deploy_v2/deploy/install/legged_system/include/google/protobuf/stubs/common.h
-- Installing: /home/suzumiyaharuhi/rl_deploy_v2/deploy/install/legged_system/include/google/protobuf/stubs/hash.h
-- Installing: /home/suzumiyaharuhi/rl_deploy_v2/deploy/install/legged_system/include/google/protobuf/stubs/logging.h
-- Installing: /home/suzumiyaharuhi/rl_deploy_v2/deploy/install/legged_system/include/google/protobuf/stubs/macros.h
-- Installing: /home/suzumiyaharuhi/rl_deploy_v2/deploy/install/legged_system/include/google/protobuf/stubs/map_util.h
-- Installing: /home/suzumiyaharuhi/rl_deploy_v2/deploy/install/legged_system/include/google/protobuf/stubs/mutex.h
-- Installing: /home/suzumiyaharuhi/rl_deploy_v2/deploy/install/legged_system/include/google/protobuf/stubs/once.h
-- Installing: /home/suzumiyaharuhi/rl_deploy_v2/deploy/install/legged_system/include/google/protobuf/stubs/platform_macros.h
-- Installing: /home/suzumiyaharuhi/rl_deploy_v2/deploy/install/legged_system/include/google/protobuf/stubs/port.h
-- Installing: /home/suzumiyaharuhi/rl_deploy_v2/deploy/install/legged_system/include/google/protobuf/stubs/status.h
-- Installing: /home/suzumiyaharuhi/rl_deploy_v2/deploy/install/legged_system/include/google/protobuf/stubs/stl_util.h
-- Installing: /home/suzumiyaharuhi/rl_deploy_v2/deploy/install/legged_system/include/google/protobuf/stubs/stringpiece.h
-- Installing: /home/suzumiyaharuhi/rl_deploy_v2/deploy/install/legged_system/include/google/protobuf/stubs/strutil.h
-- Installing: /home/suzumiyaharuhi/rl_deploy_v2/deploy/install/legged_system/include/google/protobuf/stubs/template_util.h
-- Installing: /home/suzumiyaharuhi/rl_deploy_v2/deploy/install/legged_system/include/google/protobuf/text_format.h
-- Installing: /home/suzumiyaharuhi/rl_deploy_v2/deploy/install/legged_system/include/google/protobuf/timestamp.pb.h
-- Installing: /home/suzumiyaharuhi/rl_deploy_v2/deploy/install/legged_system/include/google/protobuf/type.pb.h
-- Installing: /home/suzumiyaharuhi/rl_deploy_v2/deploy/install/legged_system/include/google/protobuf/unknown_field_set.h
-- Installing: /home/suzumiyaharuhi/rl_deploy_v2/deploy/install/legged_system/include/google/protobuf/util/delimited_message_util.h
-- Installing: /home/suzumiyaharuhi/rl_deploy_v2/deploy/install/legged_system/include/google/protobuf/util/field_comparator.h
-- Installing: /home/suzumiyaharuhi/rl_deploy_v2/deploy/install/legged_system/include/google/protobuf/util/field_mask_util.h
-- Installing: /home/suzumiyaharuhi/rl_deploy_v2/deploy/install/legged_system/include/google/protobuf/util/json_util.h
-- Installing: /home/suzumiyaharuhi/rl_deploy_v2/deploy/install/legged_system/include/google/protobuf/util/message_differencer.h
-- Installing: /home/suzumiyaharuhi/rl_deploy_v2/deploy/install/legged_system/include/google/protobuf/util/time_util.h
-- Installing: /home/suzumiyaharuhi/rl_deploy_v2/deploy/install/legged_system/include/google/protobuf/util/type_resolver.h
-- Installing: /home/suzumiyaharuhi/rl_deploy_v2/deploy/install/legged_system/include/google/protobuf/util/type_resolver_util.h
-- Installing: /home/suzumiyaharuhi/rl_deploy_v2/deploy/install/legged_system/include/google/protobuf/wire_format.h
-- Installing: /home/suzumiyaharuhi/rl_deploy_v2/deploy/install/legged_system/include/google/protobuf/wire_format_lite.h
-- Installing: /home/suzumiyaharuhi/rl_deploy_v2/deploy/install/legged_system/include/google/protobuf/wrappers.pb.h
-- Installing: /home/suzumiyaharuhi/rl_deploy_v2/deploy/install/legged_system/include/google/protobuf/any.proto
-- Installing: /home/suzumiyaharuhi/rl_deploy_v2/deploy/install/legged_system/include/google/protobuf/api.proto
-- Installing: /home/suzumiyaharuhi/rl_deploy_v2/deploy/install/legged_system/include/google/protobuf/compiler/plugin.proto
-- Installing: /home/suzumiyaharuhi/rl_deploy_v2/deploy/install/legged_system/include/google/protobuf/descriptor.proto
-- Installing: /home/suzumiyaharuhi/rl_deploy_v2/deploy/install/legged_system/include/google/protobuf/duration.proto
-- Installing: /home/suzumiyaharuhi/rl_deploy_v2/deploy/install/legged_system/include/google/protobuf/empty.proto
-- Installing: /home/suzumiyaharuhi/rl_deploy_v2/deploy/install/legged_system/include/google/protobuf/field_mask.proto
-- Installing: /home/suzumiyaharuhi/rl_deploy_v2/deploy/install/legged_system/include/google/protobuf/source_context.proto
-- Installing: /home/suzumiyaharuhi/rl_deploy_v2/deploy/install/legged_system/include/google/protobuf/struct.proto
-- Installing: /home/suzumiyaharuhi/rl_deploy_v2/deploy/install/legged_system/include/google/protobuf/timestamp.proto
-- Installing: /home/suzumiyaharuhi/rl_deploy_v2/deploy/install/legged_system/include/google/protobuf/type.proto
-- Installing: /home/suzumiyaharuhi/rl_deploy_v2/deploy/install/legged_system/include/google/protobuf/wrappers.proto
-- Up-to-date: /home/suzumiyaharuhi/rl_deploy_v2/deploy/install/legged_system/include/google/protobuf/any.proto
-- Up-to-date: /home/suzumiyaharuhi/rl_deploy_v2/deploy/install/legged_system/include/google/protobuf/api.proto
-- Up-to-date: /home/suzumiyaharuhi/rl_deploy_v2/deploy/install/legged_system/include/google/protobuf/compiler/plugin.proto
-- Up-to-date: /home/suzumiyaharuhi/rl_deploy_v2/deploy/install/legged_system/include/google/protobuf/descriptor.proto
-- Up-to-date: /home/suzumiyaharuhi/rl_deploy_v2/deploy/install/legged_system/include/google/protobuf/duration.proto
-- Up-to-date: /home/suzumiyaharuhi/rl_deploy_v2/deploy/install/legged_system/include/google/protobuf/empty.proto
-- Up-to-date: /home/suzumiyaharuhi/rl_deploy_v2/deploy/install/legged_system/include/google/protobuf/field_mask.proto
-- Up-to-date: /home/suzumiyaharuhi/rl_deploy_v2/deploy/install/legged_system/include/google/protobuf/source_context.proto
-- Up-to-date: /home/suzumiyaharuhi/rl_deploy_v2/deploy/install/legged_system/include/google/protobuf/struct.proto
-- Up-to-date: /home/suzumiyaharuhi/rl_deploy_v2/deploy/install/legged_system/include/google/protobuf/timestamp.proto
-- Up-to-date: /home/suzumiyaharuhi/rl_deploy_v2/deploy/install/legged_system/include/google/protobuf/type.proto
-- Up-to-date: /home/suzumiyaharuhi/rl_deploy_v2/deploy/install/legged_system/include/google/protobuf/wrappers.proto
-- Installing: /home/suzumiyaharuhi/rl_deploy_v2/deploy/install/legged_system/lib/cmake/protobuf/protobuf-targets.cmake
-- Up-to-date: /home/suzumiyaharuhi/rl_deploy_v2/deploy/install/legged_system/lib/cmake/protobuf
-- Installing: /home/suzumiyaharuhi/rl_deploy_v2/deploy/install/legged_system/lib/cmake/protobuf/protobuf-module.cmake
-- Installing: /home/suzumiyaharuhi/rl_deploy_v2/deploy/install/legged_system/lib/cmake/protobuf/protobuf-config-version.cmake
-- Installing: /home/suzumiyaharuhi/rl_deploy_v2/deploy/install/legged_system/lib/cmake/protobuf/protobuf-options.cmake
-- Installing: /home/suzumiyaharuhi/rl_deploy_v2/deploy/install/legged_system/lib/cmake/protobuf/protobuf-config.cmake
-- Installing: /home/suzumiyaharuhi/rl_deploy_v2/deploy/install/legged_system/lib/pkgconfig/jsoncpp.pc
-- Installing: /home/suzumiyaharuhi/rl_deploy_v2/deploy/install/legged_system/lib/cmake/jsoncpp/jsoncpp-targets.cmake
-- Installing: /home/suzumiyaharuhi/rl_deploy_v2/deploy/install/legged_system/lib/cmake/jsoncpp/jsoncppConfigVersion.cmake
-- Installing: /home/suzumiyaharuhi/rl_deploy_v2/deploy/install/legged_system/lib/cmake/jsoncpp/jsoncppConfig.cmake
-- Installing: /home/suzumiyaharuhi/rl_deploy_v2/deploy/install/legged_system/lib/cmake/jsoncpp/jsoncpp-namespaced-targets.cmake
-- Installing: /home/suzumiyaharuhi/rl_deploy_v2/deploy/install/legged_system/lib/libjsoncpp.a
-- Installing: /home/suzumiyaharuhi/rl_deploy_v2/deploy/install/legged_system/include/json/allocator.h
-- Installing: /home/suzumiyaharuhi/rl_deploy_v2/deploy/install/legged_system/include/json/assertions.h
-- Installing: /home/suzumiyaharuhi/rl_deploy_v2/deploy/install/legged_system/include/json/config.h
-- Installing: /home/suzumiyaharuhi/rl_deploy_v2/deploy/install/legged_system/include/json/forwards.h
-- Installing: /home/suzumiyaharuhi/rl_deploy_v2/deploy/install/legged_system/include/json/json.h
-- Installing: /home/suzumiyaharuhi/rl_deploy_v2/deploy/install/legged_system/include/json/json_features.h
-- Installing: /home/suzumiyaharuhi/rl_deploy_v2/deploy/install/legged_system/include/json/reader.h
-- Installing: /home/suzumiyaharuhi/rl_deploy_v2/deploy/install/legged_system/include/json/value.h
-- Installing: /home/suzumiyaharuhi/rl_deploy_v2/deploy/install/legged_system/include/json/version.h
-- Installing: /home/suzumiyaharuhi/rl_deploy_v2/deploy/install/legged_system/include/json/writer.h
-- Installing: /home/suzumiyaharuhi/rl_deploy_v2/deploy/install/legged_system/lib/libyaml-cpp.a
-- Up-to-date: /home/suzumiyaharuhi/rl_deploy_v2/deploy/install/legged_system/include
-- Installing: /home/suzumiyaharuhi/rl_deploy_v2/deploy/install/legged_system/include/yaml-cpp
-- Installing: /home/suzumiyaharuhi/rl_deploy_v2/deploy/install/legged_system/include/yaml-cpp/null.h
-- Installing: /home/suzumiyaharuhi/rl_deploy_v2/deploy/install/legged_system/include/yaml-cpp/node
-- Installing: /home/suzumiyaharuhi/rl_deploy_v2/deploy/install/legged_system/include/yaml-cpp/node/ptr.h
-- Installing: /home/suzumiyaharuhi/rl_deploy_v2/deploy/install/legged_system/include/yaml-cpp/node/iterator.h
-- Installing: /home/suzumiyaharuhi/rl_deploy_v2/deploy/install/legged_system/include/yaml-cpp/node/type.h
-- Installing: /home/suzumiyaharuhi/rl_deploy_v2/deploy/install/legged_system/include/yaml-cpp/node/node.h
-- Installing: /home/suzumiyaharuhi/rl_deploy_v2/deploy/install/legged_system/include/yaml-cpp/node/impl.h
-- Installing: /home/suzumiyaharuhi/rl_deploy_v2/deploy/install/legged_system/include/yaml-cpp/node/parse.h
-- Installing: /home/suzumiyaharuhi/rl_deploy_v2/deploy/install/legged_system/include/yaml-cpp/node/detail
-- Installing: /home/suzumiyaharuhi/rl_deploy_v2/deploy/install/legged_system/include/yaml-cpp/node/detail/memory.h
-- Installing: /home/suzumiyaharuhi/rl_deploy_v2/deploy/install/legged_system/include/yaml-cpp/node/detail/iterator.h
-- Installing: /home/suzumiyaharuhi/rl_deploy_v2/deploy/install/legged_system/include/yaml-cpp/node/detail/node_data.h
-- Installing: /home/suzumiyaharuhi/rl_deploy_v2/deploy/install/legged_system/include/yaml-cpp/node/detail/iterator_fwd.h
-- Installing: /home/suzumiyaharuhi/rl_deploy_v2/deploy/install/legged_system/include/yaml-cpp/node/detail/node.h
-- Installing: /home/suzumiyaharuhi/rl_deploy_v2/deploy/install/legged_system/include/yaml-cpp/node/detail/node_ref.h
-- Installing: /home/suzumiyaharuhi/rl_deploy_v2/deploy/install/legged_system/include/yaml-cpp/node/detail/impl.h
-- Installing: /home/suzumiyaharuhi/rl_deploy_v2/deploy/install/legged_system/include/yaml-cpp/node/detail/node_iterator.h
-- Installing: /home/suzumiyaharuhi/rl_deploy_v2/deploy/install/legged_system/include/yaml-cpp/node/convert.h
-- Installing: /home/suzumiyaharuhi/rl_deploy_v2/deploy/install/legged_system/include/yaml-cpp/node/emit.h
-- Installing: /home/suzumiyaharuhi/rl_deploy_v2/deploy/install/legged_system/include/yaml-cpp/traits.h
-- Installing: /home/suzumiyaharuhi/rl_deploy_v2/deploy/install/legged_system/include/yaml-cpp/ostream_wrapper.h
-- Installing: /home/suzumiyaharuhi/rl_deploy_v2/deploy/install/legged_system/include/yaml-cpp/noexcept.h
-- Installing: /home/suzumiyaharuhi/rl_deploy_v2/deploy/install/legged_system/include/yaml-cpp/stlemitter.h
-- Installing: /home/suzumiyaharuhi/rl_deploy_v2/deploy/install/legged_system/include/yaml-cpp/emittermanip.h
-- Installing: /home/suzumiyaharuhi/rl_deploy_v2/deploy/install/legged_system/include/yaml-cpp/emitfromevents.h
-- Installing: /home/suzumiyaharuhi/rl_deploy_v2/deploy/install/legged_system/include/yaml-cpp/contrib
-- Installing: /home/suzumiyaharuhi/rl_deploy_v2/deploy/install/legged_system/include/yaml-cpp/contrib/graphbuilder.h
-- Installing: /home/suzumiyaharuhi/rl_deploy_v2/deploy/install/legged_system/include/yaml-cpp/contrib/anchordict.h
-- Installing: /home/suzumiyaharuhi/rl_deploy_v2/deploy/install/legged_system/include/yaml-cpp/emitter.h
-- Installing: /home/suzumiyaharuhi/rl_deploy_v2/deploy/install/legged_system/include/yaml-cpp/binary.h
-- Installing: /home/suzumiyaharuhi/rl_deploy_v2/deploy/install/legged_system/include/yaml-cpp/mark.h
-- Installing: /home/suzumiyaharuhi/rl_deploy_v2/deploy/install/legged_system/include/yaml-cpp/eventhandler.h
-- Installing: /home/suzumiyaharuhi/rl_deploy_v2/deploy/install/legged_system/include/yaml-cpp/parser.h
-- Installing: /home/suzumiyaharuhi/rl_deploy_v2/deploy/install/legged_system/include/yaml-cpp/emitterstyle.h
-- Installing: /home/suzumiyaharuhi/rl_deploy_v2/deploy/install/legged_system/include/yaml-cpp/emitterdef.h
-- Installing: /home/suzumiyaharuhi/rl_deploy_v2/deploy/install/legged_system/include/yaml-cpp/anchor.h
-- Installing: /home/suzumiyaharuhi/rl_deploy_v2/deploy/install/legged_system/include/yaml-cpp/yaml.h
-- Installing: /home/suzumiyaharuhi/rl_deploy_v2/deploy/install/legged_system/include/yaml-cpp/dll.h
-- Installing: /home/suzumiyaharuhi/rl_deploy_v2/deploy/install/legged_system/include/yaml-cpp/exceptions.h
-- Installing: /home/suzumiyaharuhi/rl_deploy_v2/deploy/install/legged_system/include/yaml-cpp/depthguard.h
-- Installing: /home/suzumiyaharuhi/rl_deploy_v2/deploy/install/legged_system/lib/cmake/yaml-cpp/yaml-cpp-targets.cmake
-- Installing: /home/suzumiyaharuhi/rl_deploy_v2/deploy/install/legged_system/lib/cmake/yaml-cpp/yaml-cpp-config.cmake
-- Installing: /home/suzumiyaharuhi/rl_deploy_v2/deploy/install/legged_system/lib/cmake/yaml-cpp/yaml-cpp-config-version.cmake
-- Installing: /home/suzumiyaharuhi/rl_deploy_v2/deploy/install/legged_system/lib/pkgconfig/yaml-cpp.pc
-- Installing: /home/suzumiyaharuhi/rl_deploy_v2/deploy/install/legged_system/include/asio/asio.hpp
-- Installing: /home/suzumiyaharuhi/rl_deploy_v2/deploy/install/legged_system/include/asio/asio/any_completion_executor.hpp
-- Installing: /home/suzumiyaharuhi/rl_deploy_v2/deploy/install/legged_system/include/asio/asio/any_completion_handler.hpp
-- Installing: /home/suzumiyaharuhi/rl_deploy_v2/deploy/install/legged_system/include/asio/asio/any_io_executor.hpp
-- Installing: /home/suzumiyaharuhi/rl_deploy_v2/deploy/install/legged_system/include/asio/asio/append.hpp
-- Installing: /home/suzumiyaharuhi/rl_deploy_v2/deploy/install/legged_system/include/asio/asio/as_tuple.hpp
-- Installing: /home/suzumiyaharuhi/rl_deploy_v2/deploy/install/legged_system/include/asio/asio/associated_allocator.hpp
-- Installing: /home/suzumiyaharuhi/rl_deploy_v2/deploy/install/legged_system/include/asio/asio/associated_cancellation_slot.hpp
-- Installing: /home/suzumiyaharuhi/rl_deploy_v2/deploy/install/legged_system/include/asio/asio/associated_executor.hpp
-- Installing: /home/suzumiyaharuhi/rl_deploy_v2/deploy/install/legged_system/include/asio/asio/associated_immediate_executor.hpp
-- Installing: /home/suzumiyaharuhi/rl_deploy_v2/deploy/install/legged_system/include/asio/asio/associator.hpp
-- Installing: /home/suzumiyaharuhi/rl_deploy_v2/deploy/install/legged_system/include/asio/asio/async_result.hpp
-- Installing: /home/suzumiyaharuhi/rl_deploy_v2/deploy/install/legged_system/include/asio/asio/awaitable.hpp
-- Installing: /home/suzumiyaharuhi/rl_deploy_v2/deploy/install/legged_system/include/asio/asio/basic_datagram_socket.hpp
-- Installing: /home/suzumiyaharuhi/rl_deploy_v2/deploy/install/legged_system/include/asio/asio/basic_deadline_timer.hpp
-- Installing: /home/suzumiyaharuhi/rl_deploy_v2/deploy/install/legged_system/include/asio/asio/basic_file.hpp
-- Installing: /home/suzumiyaharuhi/rl_deploy_v2/deploy/install/legged_system/include/asio/asio/basic_io_object.hpp
-- Installing: /home/suzumiyaharuhi/rl_deploy_v2/deploy/install/legged_system/include/asio/asio/basic_random_access_file.hpp
-- Installing: /home/suzumiyaharuhi/rl_deploy_v2/deploy/install/legged_system/include/asio/asio/basic_raw_socket.hpp
-- Installing: /home/suzumiyaharuhi/rl_deploy_v2/deploy/install/legged_system/include/asio/asio/basic_readable_pipe.hpp
-- Installing: /home/suzumiyaharuhi/rl_deploy_v2/deploy/install/legged_system/include/asio/asio/basic_seq_packet_socket.hpp
-- Installing: /home/suzumiyaharuhi/rl_deploy_v2/deploy/install/legged_system/include/asio/asio/basic_serial_port.hpp
-- Installing: /home/suzumiyaharuhi/rl_deploy_v2/deploy/install/legged_system/include/asio/asio/basic_signal_set.hpp
-- Installing: /home/suzumiyaharuhi/rl_deploy_v2/deploy/install/legged_system/include/asio/asio/basic_socket.hpp
-- Installing: /home/suzumiyaharuhi/rl_deploy_v2/deploy/install/legged_system/include/asio/asio/basic_socket_acceptor.hpp
-- Installing: /home/suzumiyaharuhi/rl_deploy_v2/deploy/install/legged_system/include/asio/asio/basic_socket_iostream.hpp
-- Installing: /home/suzumiyaharuhi/rl_deploy_v2/deploy/install/legged_system/include/asio/asio/basic_socket_streambuf.hpp
-- Installing: /home/suzumiyaharuhi/rl_deploy_v2/deploy/install/legged_system/include/asio/asio/basic_stream_file.hpp
-- Installing: /home/suzumiyaharuhi/rl_deploy_v2/deploy/install/legged_system/include/asio/asio/basic_stream_socket.hpp
-- Installing: /home/suzumiyaharuhi/rl_deploy_v2/deploy/install/legged_system/include/asio/asio/basic_streambuf.hpp
-- Installing: /home/suzumiyaharuhi/rl_deploy_v2/deploy/install/legged_system/include/asio/asio/basic_streambuf_fwd.hpp
-- Installing: /home/suzumiyaharuhi/rl_deploy_v2/deploy/install/legged_system/include/asio/asio/basic_waitable_timer.hpp
-- Installing: /home/suzumiyaharuhi/rl_deploy_v2/deploy/install/legged_system/include/asio/asio/basic_writable_pipe.hpp
-- Installing: /home/suzumiyaharuhi/rl_deploy_v2/deploy/install/legged_system/include/asio/asio/bind_allocator.hpp
-- Installing: /home/suzumiyaharuhi/rl_deploy_v2/deploy/install/legged_system/include/asio/asio/bind_cancellation_slot.hpp
-- Installing: /home/suzumiyaharuhi/rl_deploy_v2/deploy/install/legged_system/include/asio/asio/bind_executor.hpp
-- Installing: /home/suzumiyaharuhi/rl_deploy_v2/deploy/install/legged_system/include/asio/asio/bind_immediate_executor.hpp
-- Installing: /home/suzumiyaharuhi/rl_deploy_v2/deploy/install/legged_system/include/asio/asio/buffer.hpp
-- Installing: /home/suzumiyaharuhi/rl_deploy_v2/deploy/install/legged_system/include/asio/asio/buffer_registration.hpp
-- Installing: /home/suzumiyaharuhi/rl_deploy_v2/deploy/install/legged_system/include/asio/asio/buffered_read_stream.hpp
-- Installing: /home/suzumiyaharuhi/rl_deploy_v2/deploy/install/legged_system/include/asio/asio/buffered_read_stream_fwd.hpp
-- Installing: /home/suzumiyaharuhi/rl_deploy_v2/deploy/install/legged_system/include/asio/asio/buffered_stream.hpp
-- Installing: /home/suzumiyaharuhi/rl_deploy_v2/deploy/install/legged_system/include/asio/asio/buffered_stream_fwd.hpp
-- Installing: /home/suzumiyaharuhi/rl_deploy_v2/deploy/install/legged_system/include/asio/asio/buffered_write_stream.hpp
-- Installing: /home/suzumiyaharuhi/rl_deploy_v2/deploy/install/legged_system/include/asio/asio/buffered_write_stream_fwd.hpp
-- Installing: /home/suzumiyaharuhi/rl_deploy_v2/deploy/install/legged_system/include/asio/asio/buffers_iterator.hpp
-- Installing: /home/suzumiyaharuhi/rl_deploy_v2/deploy/install/legged_system/include/asio/asio/cancellation_signal.hpp
-- Installing: /home/suzumiyaharuhi/rl_deploy_v2/deploy/install/legged_system/include/asio/asio/cancellation_state.hpp
-- Installing: /home/suzumiyaharuhi/rl_deploy_v2/deploy/install/legged_system/include/asio/asio/cancellation_type.hpp
-- Installing: /home/suzumiyaharuhi/rl_deploy_v2/deploy/install/legged_system/include/asio/asio/co_spawn.hpp
-- Installing: /home/suzumiyaharuhi/rl_deploy_v2/deploy/install/legged_system/include/asio/asio/completion_condition.hpp
-- Installing: /home/suzumiyaharuhi/rl_deploy_v2/deploy/install/legged_system/include/asio/asio/compose.hpp
-- Installing: /home/suzumiyaharuhi/rl_deploy_v2/deploy/install/legged_system/include/asio/asio/connect.hpp
-- Installing: /home/suzumiyaharuhi/rl_deploy_v2/deploy/install/legged_system/include/asio/asio/connect_pipe.hpp
-- Installing: /home/suzumiyaharuhi/rl_deploy_v2/deploy/install/legged_system/include/asio/asio/consign.hpp
-- Installing: /home/suzumiyaharuhi/rl_deploy_v2/deploy/install/legged_system/include/asio/asio/coroutine.hpp
-- Installing: /home/suzumiyaharuhi/rl_deploy_v2/deploy/install/legged_system/include/asio/asio/deadline_timer.hpp
-- Installing: /home/suzumiyaharuhi/rl_deploy_v2/deploy/install/legged_system/include/asio/asio/defer.hpp
-- Installing: /home/suzumiyaharuhi/rl_deploy_v2/deploy/install/legged_system/include/asio/asio/deferred.hpp
-- Installing: /home/suzumiyaharuhi/rl_deploy_v2/deploy/install/legged_system/include/asio/asio/detached.hpp
-- Installing: /home/suzumiyaharuhi/rl_deploy_v2/deploy/install/legged_system/include/asio/asio/dispatch.hpp
-- Installing: /home/suzumiyaharuhi/rl_deploy_v2/deploy/install/legged_system/include/asio/asio/error.hpp
-- Installing: /home/suzumiyaharuhi/rl_deploy_v2/deploy/install/legged_system/include/asio/asio/error_code.hpp
-- Installing: /home/suzumiyaharuhi/rl_deploy_v2/deploy/install/legged_system/include/asio/asio/execution.hpp
-- Installing: /home/suzumiyaharuhi/rl_deploy_v2/deploy/install/legged_system/include/asio/asio/execution_context.hpp
-- Installing: /home/suzumiyaharuhi/rl_deploy_v2/deploy/install/legged_system/include/asio/asio/executor.hpp
-- Installing: /home/suzumiyaharuhi/rl_deploy_v2/deploy/install/legged_system/include/asio/asio/executor_work_guard.hpp
-- Installing: /home/suzumiyaharuhi/rl_deploy_v2/deploy/install/legged_system/include/asio/asio/file_base.hpp
-- Installing: /home/suzumiyaharuhi/rl_deploy_v2/deploy/install/legged_system/include/asio/asio/handler_continuation_hook.hpp
-- Installing: /home/suzumiyaharuhi/rl_deploy_v2/deploy/install/legged_system/include/asio/asio/high_resolution_timer.hpp
-- Installing: /home/suzumiyaharuhi/rl_deploy_v2/deploy/install/legged_system/include/asio/asio/io_context.hpp
-- Installing: /home/suzumiyaharuhi/rl_deploy_v2/deploy/install/legged_system/include/asio/asio/io_context_strand.hpp
-- Installing: /home/suzumiyaharuhi/rl_deploy_v2/deploy/install/legged_system/include/asio/asio/io_service.hpp
-- Installing: /home/suzumiyaharuhi/rl_deploy_v2/deploy/install/legged_system/include/asio/asio/io_service_strand.hpp
-- Installing: /home/suzumiyaharuhi/rl_deploy_v2/deploy/install/legged_system/include/asio/asio/is_applicable_property.hpp
-- Installing: /home/suzumiyaharuhi/rl_deploy_v2/deploy/install/legged_system/include/asio/asio/is_contiguous_iterator.hpp
-- Installing: /home/suzumiyaharuhi/rl_deploy_v2/deploy/install/legged_system/include/asio/asio/is_executor.hpp
-- Installing: /home/suzumiyaharuhi/rl_deploy_v2/deploy/install/legged_system/include/asio/asio/is_read_buffered.hpp
-- Installing: /home/suzumiyaharuhi/rl_deploy_v2/deploy/install/legged_system/include/asio/asio/is_write_buffered.hpp
-- Installing: /home/suzumiyaharuhi/rl_deploy_v2/deploy/install/legged_system/include/asio/asio/multiple_exceptions.hpp
-- Installing: /home/suzumiyaharuhi/rl_deploy_v2/deploy/install/legged_system/include/asio/asio/packaged_task.hpp
-- Installing: /home/suzumiyaharuhi/rl_deploy_v2/deploy/install/legged_system/include/asio/asio/placeholders.hpp
-- Installing: /home/suzumiyaharuhi/rl_deploy_v2/deploy/install/legged_system/include/asio/asio/post.hpp
-- Installing: /home/suzumiyaharuhi/rl_deploy_v2/deploy/install/legged_system/include/asio/asio/prefer.hpp
-- Installing: /home/suzumiyaharuhi/rl_deploy_v2/deploy/install/legged_system/include/asio/asio/prepend.hpp
-- Installing: /home/suzumiyaharuhi/rl_deploy_v2/deploy/install/legged_system/include/asio/asio/query.hpp
-- Installing: /home/suzumiyaharuhi/rl_deploy_v2/deploy/install/legged_system/include/asio/asio/random_access_file.hpp
-- Installing: /home/suzumiyaharuhi/rl_deploy_v2/deploy/install/legged_system/include/asio/asio/read.hpp
-- Installing: /home/suzumiyaharuhi/rl_deploy_v2/deploy/install/legged_system/include/asio/asio/read_at.hpp
-- Installing: /home/suzumiyaharuhi/rl_deploy_v2/deploy/install/legged_system/include/asio/asio/read_until.hpp
-- Installing: /home/suzumiyaharuhi/rl_deploy_v2/deploy/install/legged_system/include/asio/asio/readable_pipe.hpp
-- Installing: /home/suzumiyaharuhi/rl_deploy_v2/deploy/install/legged_system/include/asio/asio/recycling_allocator.hpp
-- Installing: /home/suzumiyaharuhi/rl_deploy_v2/deploy/install/legged_system/include/asio/asio/redirect_error.hpp
-- Installing: /home/suzumiyaharuhi/rl_deploy_v2/deploy/install/legged_system/include/asio/asio/registered_buffer.hpp
-- Installing: /home/suzumiyaharuhi/rl_deploy_v2/deploy/install/legged_system/include/asio/asio/require.hpp
-- Installing: /home/suzumiyaharuhi/rl_deploy_v2/deploy/install/legged_system/include/asio/asio/require_concept.hpp
-- Installing: /home/suzumiyaharuhi/rl_deploy_v2/deploy/install/legged_system/include/asio/asio/serial_port.hpp
-- Installing: /home/suzumiyaharuhi/rl_deploy_v2/deploy/install/legged_system/include/asio/asio/serial_port_base.hpp
-- Installing: /home/suzumiyaharuhi/rl_deploy_v2/deploy/install/legged_system/include/asio/asio/signal_set.hpp
-- Installing: /home/suzumiyaharuhi/rl_deploy_v2/deploy/install/legged_system/include/asio/asio/signal_set_base.hpp
-- Installing: /home/suzumiyaharuhi/rl_deploy_v2/deploy/install/legged_system/include/asio/asio/socket_base.hpp
-- Installing: /home/suzumiyaharuhi/rl_deploy_v2/deploy/install/legged_system/include/asio/asio/spawn.hpp
-- Installing: /home/suzumiyaharuhi/rl_deploy_v2/deploy/install/legged_system/include/asio/asio/ssl.hpp
-- Installing: /home/suzumiyaharuhi/rl_deploy_v2/deploy/install/legged_system/include/asio/asio/static_thread_pool.hpp
-- Installing: /home/suzumiyaharuhi/rl_deploy_v2/deploy/install/legged_system/include/asio/asio/steady_timer.hpp
-- Installing: /home/suzumiyaharuhi/rl_deploy_v2/deploy/install/legged_system/include/asio/asio/strand.hpp
-- Installing: /home/suzumiyaharuhi/rl_deploy_v2/deploy/install/legged_system/include/asio/asio/stream_file.hpp
-- Installing: /home/suzumiyaharuhi/rl_deploy_v2/deploy/install/legged_system/include/asio/asio/streambuf.hpp
-- Installing: /home/suzumiyaharuhi/rl_deploy_v2/deploy/install/legged_system/include/asio/asio/system_context.hpp
-- Installing: /home/suzumiyaharuhi/rl_deploy_v2/deploy/install/legged_system/include/asio/asio/system_error.hpp
-- Installing: /home/suzumiyaharuhi/rl_deploy_v2/deploy/install/legged_system/include/asio/asio/system_executor.hpp
-- Installing: /home/suzumiyaharuhi/rl_deploy_v2/deploy/install/legged_system/include/asio/asio/system_timer.hpp
-- Installing: /home/suzumiyaharuhi/rl_deploy_v2/deploy/install/legged_system/include/asio/asio/this_coro.hpp
-- Installing: /home/suzumiyaharuhi/rl_deploy_v2/deploy/install/legged_system/include/asio/asio/thread.hpp
-- Installing: /home/suzumiyaharuhi/rl_deploy_v2/deploy/install/legged_system/include/asio/asio/thread_pool.hpp
-- Installing: /home/suzumiyaharuhi/rl_deploy_v2/deploy/install/legged_system/include/asio/asio/time_traits.hpp
-- Installing: /home/suzumiyaharuhi/rl_deploy_v2/deploy/install/legged_system/include/asio/asio/unyield.hpp
-- Installing: /home/suzumiyaharuhi/rl_deploy_v2/deploy/install/legged_system/include/asio/asio/use_awaitable.hpp
-- Installing: /home/suzumiyaharuhi/rl_deploy_v2/deploy/install/legged_system/include/asio/asio/use_future.hpp
-- Installing: /home/suzumiyaharuhi/rl_deploy_v2/deploy/install/legged_system/include/asio/asio/uses_executor.hpp
-- Installing: /home/suzumiyaharuhi/rl_deploy_v2/deploy/install/legged_system/include/asio/asio/version.hpp
-- Installing: /home/suzumiyaharuhi/rl_deploy_v2/deploy/install/legged_system/include/asio/asio/wait_traits.hpp
-- Installing: /home/suzumiyaharuhi/rl_deploy_v2/deploy/install/legged_system/include/asio/asio/writable_pipe.hpp
-- Installing: /home/suzumiyaharuhi/rl_deploy_v2/deploy/install/legged_system/include/asio/asio/write.hpp
-- Installing: /home/suzumiyaharuhi/rl_deploy_v2/deploy/install/legged_system/include/asio/asio/write_at.hpp
-- Installing: /home/suzumiyaharuhi/rl_deploy_v2/deploy/install/legged_system/include/asio/asio/yield.hpp
-- Installing: /home/suzumiyaharuhi/rl_deploy_v2/deploy/install/legged_system/include/asio/asio/detail/array.hpp
-- Installing: /home/suzumiyaharuhi/rl_deploy_v2/deploy/install/legged_system/include/asio/asio/detail/array_fwd.hpp
-- Installing: /home/suzumiyaharuhi/rl_deploy_v2/deploy/install/legged_system/include/asio/asio/detail/assert.hpp
-- Installing: /home/suzumiyaharuhi/rl_deploy_v2/deploy/install/legged_system/include/asio/asio/detail/atomic_count.hpp
-- Installing: /home/suzumiyaharuhi/rl_deploy_v2/deploy/install/legged_system/include/asio/asio/detail/base_from_cancellation_state.hpp
-- Installing: /home/suzumiyaharuhi/rl_deploy_v2/deploy/install/legged_system/include/asio/asio/detail/base_from_completion_cond.hpp
-- Installing: /home/suzumiyaharuhi/rl_deploy_v2/deploy/install/legged_system/include/asio/asio/detail/bind_handler.hpp
-- Installing: /home/suzumiyaharuhi/rl_deploy_v2/deploy/install/legged_system/include/asio/asio/detail/blocking_executor_op.hpp
-- Installing: /home/suzumiyaharuhi/rl_deploy_v2/deploy/install/legged_system/include/asio/asio/detail/buffer_resize_guard.hpp
-- Installing: /home/suzumiyaharuhi/rl_deploy_v2/deploy/install/legged_system/include/asio/asio/detail/buffer_sequence_adapter.hpp
-- Installing: /home/suzumiyaharuhi/rl_deploy_v2/deploy/install/legged_system/include/asio/asio/detail/buffered_stream_storage.hpp
-- Installing: /home/suzumiyaharuhi/rl_deploy_v2/deploy/install/legged_system/include/asio/asio/detail/call_stack.hpp
-- Installing: /home/suzumiyaharuhi/rl_deploy_v2/deploy/install/legged_system/include/asio/asio/detail/chrono.hpp
-- Installing: /home/suzumiyaharuhi/rl_deploy_v2/deploy/install/legged_system/include/asio/asio/detail/chrono_time_traits.hpp
-- Installing: /home/suzumiyaharuhi/rl_deploy_v2/deploy/install/legged_system/include/asio/asio/detail/completion_handler.hpp
-- Installing: /home/suzumiyaharuhi/rl_deploy_v2/deploy/install/legged_system/include/asio/asio/detail/composed_work.hpp
-- Installing: /home/suzumiyaharuhi/rl_deploy_v2/deploy/install/legged_system/include/asio/asio/detail/concurrency_hint.hpp
-- Installing: /home/suzumiyaharuhi/rl_deploy_v2/deploy/install/legged_system/include/asio/asio/detail/conditionally_enabled_event.hpp
-- Installing: /home/suzumiyaharuhi/rl_deploy_v2/deploy/install/legged_system/include/asio/asio/detail/conditionally_enabled_mutex.hpp
-- Installing: /home/suzumiyaharuhi/rl_deploy_v2/deploy/install/legged_system/include/asio/asio/detail/config.hpp
-- Installing: /home/suzumiyaharuhi/rl_deploy_v2/deploy/install/legged_system/include/asio/asio/detail/consuming_buffers.hpp
-- Installing: /home/suzumiyaharuhi/rl_deploy_v2/deploy/install/legged_system/include/asio/asio/detail/cstddef.hpp
-- Installing: /home/suzumiyaharuhi/rl_deploy_v2/deploy/install/legged_system/include/asio/asio/detail/cstdint.hpp
-- Installing: /home/suzumiyaharuhi/rl_deploy_v2/deploy/install/legged_system/include/asio/asio/detail/date_time_fwd.hpp
-- Installing: /home/suzumiyaharuhi/rl_deploy_v2/deploy/install/legged_system/include/asio/asio/detail/deadline_timer_service.hpp
-- Installing: /home/suzumiyaharuhi/rl_deploy_v2/deploy/install/legged_system/include/asio/asio/detail/dependent_type.hpp
-- Installing: /home/suzumiyaharuhi/rl_deploy_v2/deploy/install/legged_system/include/asio/asio/detail/descriptor_ops.hpp
-- Installing: /home/suzumiyaharuhi/rl_deploy_v2/deploy/install/legged_system/include/asio/asio/detail/descriptor_read_op.hpp
-- Installing: /home/suzumiyaharuhi/rl_deploy_v2/deploy/install/legged_system/include/asio/asio/detail/descriptor_write_op.hpp
-- Installing: /home/suzumiyaharuhi/rl_deploy_v2/deploy/install/legged_system/include/asio/asio/detail/dev_poll_reactor.hpp
-- Installing: /home/suzumiyaharuhi/rl_deploy_v2/deploy/install/legged_system/include/asio/asio/detail/epoll_reactor.hpp
-- Installing: /home/suzumiyaharuhi/rl_deploy_v2/deploy/install/legged_system/include/asio/asio/detail/event.hpp
-- Installing: /home/suzumiyaharuhi/rl_deploy_v2/deploy/install/legged_system/include/asio/asio/detail/eventfd_select_interrupter.hpp
-- Installing: /home/suzumiyaharuhi/rl_deploy_v2/deploy/install/legged_system/include/asio/asio/detail/exception.hpp
-- Installing: /home/suzumiyaharuhi/rl_deploy_v2/deploy/install/legged_system/include/asio/asio/detail/executor_function.hpp
-- Installing: /home/suzumiyaharuhi/rl_deploy_v2/deploy/install/legged_system/include/asio/asio/detail/executor_op.hpp
-- Installing: /home/suzumiyaharuhi/rl_deploy_v2/deploy/install/legged_system/include/asio/asio/detail/fd_set_adapter.hpp
-- Installing: /home/suzumiyaharuhi/rl_deploy_v2/deploy/install/legged_system/include/asio/asio/detail/fenced_block.hpp
-- Installing: /home/suzumiyaharuhi/rl_deploy_v2/deploy/install/legged_system/include/asio/asio/detail/functional.hpp
-- Installing: /home/suzumiyaharuhi/rl_deploy_v2/deploy/install/legged_system/include/asio/asio/detail/future.hpp
-- Installing: /home/suzumiyaharuhi/rl_deploy_v2/deploy/install/legged_system/include/asio/asio/detail/global.hpp
-- Installing: /home/suzumiyaharuhi/rl_deploy_v2/deploy/install/legged_system/include/asio/asio/detail/handler_alloc_helpers.hpp
-- Installing: /home/suzumiyaharuhi/rl_deploy_v2/deploy/install/legged_system/include/asio/asio/detail/handler_cont_helpers.hpp
-- Installing: /home/suzumiyaharuhi/rl_deploy_v2/deploy/install/legged_system/include/asio/asio/detail/handler_tracking.hpp
-- Installing: /home/suzumiyaharuhi/rl_deploy_v2/deploy/install/legged_system/include/asio/asio/detail/handler_type_requirements.hpp
-- Installing: /home/suzumiyaharuhi/rl_deploy_v2/deploy/install/legged_system/include/asio/asio/detail/handler_work.hpp
-- Installing: /home/suzumiyaharuhi/rl_deploy_v2/deploy/install/legged_system/include/asio/asio/detail/hash_map.hpp
-- Installing: /home/suzumiyaharuhi/rl_deploy_v2/deploy/install/legged_system/include/asio/asio/detail/initiate_defer.hpp
-- Installing: /home/suzumiyaharuhi/rl_deploy_v2/deploy/install/legged_system/include/asio/asio/detail/initiate_dispatch.hpp
-- Installing: /home/suzumiyaharuhi/rl_deploy_v2/deploy/install/legged_system/include/asio/asio/detail/initiate_post.hpp
-- Installing: /home/suzumiyaharuhi/rl_deploy_v2/deploy/install/legged_system/include/asio/asio/detail/io_control.hpp
-- Installing: /home/suzumiyaharuhi/rl_deploy_v2/deploy/install/legged_system/include/asio/asio/detail/io_object_impl.hpp
-- Installing: /home/suzumiyaharuhi/rl_deploy_v2/deploy/install/legged_system/include/asio/asio/detail/io_uring_descriptor_read_at_op.hpp
-- Installing: /home/suzumiyaharuhi/rl_deploy_v2/deploy/install/legged_system/include/asio/asio/detail/io_uring_descriptor_read_op.hpp
-- Installing: /home/suzumiyaharuhi/rl_deploy_v2/deploy/install/legged_system/include/asio/asio/detail/io_uring_descriptor_service.hpp
-- Installing: /home/suzumiyaharuhi/rl_deploy_v2/deploy/install/legged_system/include/asio/asio/detail/io_uring_descriptor_write_at_op.hpp
-- Installing: /home/suzumiyaharuhi/rl_deploy_v2/deploy/install/legged_system/include/asio/asio/detail/io_uring_descriptor_write_op.hpp
-- Installing: /home/suzumiyaharuhi/rl_deploy_v2/deploy/install/legged_system/include/asio/asio/detail/io_uring_file_service.hpp
-- Installing: /home/suzumiyaharuhi/rl_deploy_v2/deploy/install/legged_system/include/asio/asio/detail/io_uring_null_buffers_op.hpp
-- Installing: /home/suzumiyaharuhi/rl_deploy_v2/deploy/install/legged_system/include/asio/asio/detail/io_uring_operation.hpp
-- Installing: /home/suzumiyaharuhi/rl_deploy_v2/deploy/install/legged_system/include/asio/asio/detail/io_uring_service.hpp
-- Installing: /home/suzumiyaharuhi/rl_deploy_v2/deploy/install/legged_system/include/asio/asio/detail/io_uring_socket_accept_op.hpp
-- Installing: /home/suzumiyaharuhi/rl_deploy_v2/deploy/install/legged_system/include/asio/asio/detail/io_uring_socket_connect_op.hpp
-- Installing: /home/suzumiyaharuhi/rl_deploy_v2/deploy/install/legged_system/include/asio/asio/detail/io_uring_socket_recv_op.hpp
-- Installing: /home/suzumiyaharuhi/rl_deploy_v2/deploy/install/legged_system/include/asio/asio/detail/io_uring_socket_recvfrom_op.hpp
-- Installing: /home/suzumiyaharuhi/rl_deploy_v2/deploy/install/legged_system/include/asio/asio/detail/io_uring_socket_recvmsg_op.hpp
-- Installing: /home/suzumiyaharuhi/rl_deploy_v2/deploy/install/legged_system/include/asio/asio/detail/io_uring_socket_send_op.hpp
-- Installing: /home/suzumiyaharuhi/rl_deploy_v2/deploy/install/legged_system/include/asio/asio/detail/io_uring_socket_sendto_op.hpp
-- Installing: /home/suzumiyaharuhi/rl_deploy_v2/deploy/install/legged_system/include/asio/asio/detail/io_uring_socket_service.hpp
-- Installing: /home/suzumiyaharuhi/rl_deploy_v2/deploy/install/legged_system/include/asio/asio/detail/io_uring_socket_service_base.hpp
-- Installing: /home/suzumiyaharuhi/rl_deploy_v2/deploy/install/legged_system/include/asio/asio/detail/io_uring_wait_op.hpp
-- Installing: /home/suzumiyaharuhi/rl_deploy_v2/deploy/install/legged_system/include/asio/asio/detail/is_buffer_sequence.hpp
-- Installing: /home/suzumiyaharuhi/rl_deploy_v2/deploy/install/legged_system/include/asio/asio/detail/is_executor.hpp
-- Installing: /home/suzumiyaharuhi/rl_deploy_v2/deploy/install/legged_system/include/asio/asio/detail/keyword_tss_ptr.hpp
-- Installing: /home/suzumiyaharuhi/rl_deploy_v2/deploy/install/legged_system/include/asio/asio/detail/kqueue_reactor.hpp
-- Installing: /home/suzumiyaharuhi/rl_deploy_v2/deploy/install/legged_system/include/asio/asio/detail/limits.hpp
-- Installing: /home/suzumiyaharuhi/rl_deploy_v2/deploy/install/legged_system/include/asio/asio/detail/local_free_on_block_exit.hpp
-- Installing: /home/suzumiyaharuhi/rl_deploy_v2/deploy/install/legged_system/include/asio/asio/detail/memory.hpp
-- Installing: /home/suzumiyaharuhi/rl_deploy_v2/deploy/install/legged_system/include/asio/asio/detail/mutex.hpp
-- Installing: /home/suzumiyaharuhi/rl_deploy_v2/deploy/install/legged_system/include/asio/asio/detail/non_const_lvalue.hpp
-- Installing: /home/suzumiyaharuhi/rl_deploy_v2/deploy/install/legged_system/include/asio/asio/detail/noncopyable.hpp
-- Installing: /home/suzumiyaharuhi/rl_deploy_v2/deploy/install/legged_system/include/asio/asio/detail/null_event.hpp
-- Installing: /home/suzumiyaharuhi/rl_deploy_v2/deploy/install/legged_system/include/asio/asio/detail/null_fenced_block.hpp
-- Installing: /home/suzumiyaharuhi/rl_deploy_v2/deploy/install/legged_system/include/asio/asio/detail/null_global.hpp
-- Installing: /home/suzumiyaharuhi/rl_deploy_v2/deploy/install/legged_system/include/asio/asio/detail/null_mutex.hpp
-- Installing: /home/suzumiyaharuhi/rl_deploy_v2/deploy/install/legged_system/include/asio/asio/detail/null_reactor.hpp
-- Installing: /home/suzumiyaharuhi/rl_deploy_v2/deploy/install/legged_system/include/asio/asio/detail/null_signal_blocker.hpp
-- Installing: /home/suzumiyaharuhi/rl_deploy_v2/deploy/install/legged_system/include/asio/asio/detail/null_socket_service.hpp
-- Installing: /home/suzumiyaharuhi/rl_deploy_v2/deploy/install/legged_system/include/asio/asio/detail/null_static_mutex.hpp
-- Installing: /home/suzumiyaharuhi/rl_deploy_v2/deploy/install/legged_system/include/asio/asio/detail/null_thread.hpp
-- Installing: /home/suzumiyaharuhi/rl_deploy_v2/deploy/install/legged_system/include/asio/asio/detail/null_tss_ptr.hpp
-- Installing: /home/suzumiyaharuhi/rl_deploy_v2/deploy/install/legged_system/include/asio/asio/detail/object_pool.hpp
-- Installing: /home/suzumiyaharuhi/rl_deploy_v2/deploy/install/legged_system/include/asio/asio/detail/old_win_sdk_compat.hpp
-- Installing: /home/suzumiyaharuhi/rl_deploy_v2/deploy/install/legged_system/include/asio/asio/detail/op_queue.hpp
-- Installing: /home/suzumiyaharuhi/rl_deploy_v2/deploy/install/legged_system/include/asio/asio/detail/operation.hpp
-- Installing: /home/suzumiyaharuhi/rl_deploy_v2/deploy/install/legged_system/include/asio/asio/detail/pipe_select_interrupter.hpp
-- Installing: /home/suzumiyaharuhi/rl_deploy_v2/deploy/install/legged_system/include/asio/asio/detail/pop_options.hpp
-- Installing: /home/suzumiyaharuhi/rl_deploy_v2/deploy/install/legged_system/include/asio/asio/detail/posix_event.hpp
-- Installing: /home/suzumiyaharuhi/rl_deploy_v2/deploy/install/legged_system/include/asio/asio/detail/posix_fd_set_adapter.hpp
-- Installing: /home/suzumiyaharuhi/rl_deploy_v2/deploy/install/legged_system/include/asio/asio/detail/posix_global.hpp
-- Installing: /home/suzumiyaharuhi/rl_deploy_v2/deploy/install/legged_system/include/asio/asio/detail/posix_mutex.hpp
-- Installing: /home/suzumiyaharuhi/rl_deploy_v2/deploy/install/legged_system/include/asio/asio/detail/posix_serial_port_service.hpp
-- Installing: /home/suzumiyaharuhi/rl_deploy_v2/deploy/install/legged_system/include/asio/asio/detail/posix_signal_blocker.hpp
-- Installing: /home/suzumiyaharuhi/rl_deploy_v2/deploy/install/legged_system/include/asio/asio/detail/posix_static_mutex.hpp
-- Installing: /home/suzumiyaharuhi/rl_deploy_v2/deploy/install/legged_system/include/asio/asio/detail/posix_thread.hpp
-- Installing: /home/suzumiyaharuhi/rl_deploy_v2/deploy/install/legged_system/include/asio/asio/detail/posix_tss_ptr.hpp
-- Installing: /home/suzumiyaharuhi/rl_deploy_v2/deploy/install/legged_system/include/asio/asio/detail/push_options.hpp
-- Installing: /home/suzumiyaharuhi/rl_deploy_v2/deploy/install/legged_system/include/asio/asio/detail/reactive_descriptor_service.hpp
-- Installing: /home/suzumiyaharuhi/rl_deploy_v2/deploy/install/legged_system/include/asio/asio/detail/reactive_null_buffers_op.hpp
-- Installing: /home/suzumiyaharuhi/rl_deploy_v2/deploy/install/legged_system/include/asio/asio/detail/reactive_socket_accept_op.hpp
-- Installing: /home/suzumiyaharuhi/rl_deploy_v2/deploy/install/legged_system/include/asio/asio/detail/reactive_socket_connect_op.hpp
-- Installing: /home/suzumiyaharuhi/rl_deploy_v2/deploy/install/legged_system/include/asio/asio/detail/reactive_socket_recv_op.hpp
-- Installing: /home/suzumiyaharuhi/rl_deploy_v2/deploy/install/legged_system/include/asio/asio/detail/reactive_socket_recvfrom_op.hpp
-- Installing: /home/suzumiyaharuhi/rl_deploy_v2/deploy/install/legged_system/include/asio/asio/detail/reactive_socket_recvmsg_op.hpp
-- Installing: /home/suzumiyaharuhi/rl_deploy_v2/deploy/install/legged_system/include/asio/asio/detail/reactive_socket_send_op.hpp
-- Installing: /home/suzumiyaharuhi/rl_deploy_v2/deploy/install/legged_system/include/asio/asio/detail/reactive_socket_sendto_op.hpp
-- Installing: /home/suzumiyaharuhi/rl_deploy_v2/deploy/install/legged_system/include/asio/asio/detail/reactive_socket_service.hpp
-- Installing: /home/suzumiyaharuhi/rl_deploy_v2/deploy/install/legged_system/include/asio/asio/detail/reactive_socket_service_base.hpp
-- Installing: /home/suzumiyaharuhi/rl_deploy_v2/deploy/install/legged_system/include/asio/asio/detail/reactive_wait_op.hpp
-- Installing: /home/suzumiyaharuhi/rl_deploy_v2/deploy/install/legged_system/include/asio/asio/detail/reactor.hpp
-- Installing: /home/suzumiyaharuhi/rl_deploy_v2/deploy/install/legged_system/include/asio/asio/detail/reactor_op.hpp
-- Installing: /home/suzumiyaharuhi/rl_deploy_v2/deploy/install/legged_system/include/asio/asio/detail/reactor_op_queue.hpp
-- Installing: /home/suzumiyaharuhi/rl_deploy_v2/deploy/install/legged_system/include/asio/asio/detail/recycling_allocator.hpp
-- Installing: /home/suzumiyaharuhi/rl_deploy_v2/deploy/install/legged_system/include/asio/asio/detail/regex_fwd.hpp
-- Installing: /home/suzumiyaharuhi/rl_deploy_v2/deploy/install/legged_system/include/asio/asio/detail/resolve_endpoint_op.hpp
-- Installing: /home/suzumiyaharuhi/rl_deploy_v2/deploy/install/legged_system/include/asio/asio/detail/resolve_op.hpp
-- Installing: /home/suzumiyaharuhi/rl_deploy_v2/deploy/install/legged_system/include/asio/asio/detail/resolve_query_op.hpp
-- Installing: /home/suzumiyaharuhi/rl_deploy_v2/deploy/install/legged_system/include/asio/asio/detail/resolver_service.hpp
-- Installing: /home/suzumiyaharuhi/rl_deploy_v2/deploy/install/legged_system/include/asio/asio/detail/resolver_service_base.hpp
-- Installing: /home/suzumiyaharuhi/rl_deploy_v2/deploy/install/legged_system/include/asio/asio/detail/scheduler.hpp
-- Installing: /home/suzumiyaharuhi/rl_deploy_v2/deploy/install/legged_system/include/asio/asio/detail/scheduler_operation.hpp
-- Installing: /home/suzumiyaharuhi/rl_deploy_v2/deploy/install/legged_system/include/asio/asio/detail/scheduler_task.hpp
-- Installing: /home/suzumiyaharuhi/rl_deploy_v2/deploy/install/legged_system/include/asio/asio/detail/scheduler_thread_info.hpp
-- Installing: /home/suzumiyaharuhi/rl_deploy_v2/deploy/install/legged_system/include/asio/asio/detail/scoped_lock.hpp
-- Installing: /home/suzumiyaharuhi/rl_deploy_v2/deploy/install/legged_system/include/asio/asio/detail/scoped_ptr.hpp
-- Installing: /home/suzumiyaharuhi/rl_deploy_v2/deploy/install/legged_system/include/asio/asio/detail/select_interrupter.hpp
-- Installing: /home/suzumiyaharuhi/rl_deploy_v2/deploy/install/legged_system/include/asio/asio/detail/select_reactor.hpp
-- Installing: /home/suzumiyaharuhi/rl_deploy_v2/deploy/install/legged_system/include/asio/asio/detail/service_registry.hpp
-- Installing: /home/suzumiyaharuhi/rl_deploy_v2/deploy/install/legged_system/include/asio/asio/detail/signal_blocker.hpp
-- Installing: /home/suzumiyaharuhi/rl_deploy_v2/deploy/install/legged_system/include/asio/asio/detail/signal_handler.hpp
-- Installing: /home/suzumiyaharuhi/rl_deploy_v2/deploy/install/legged_system/include/asio/asio/detail/signal_init.hpp
-- Installing: /home/suzumiyaharuhi/rl_deploy_v2/deploy/install/legged_system/include/asio/asio/detail/signal_op.hpp
-- Installing: /home/suzumiyaharuhi/rl_deploy_v2/deploy/install/legged_system/include/asio/asio/detail/signal_set_service.hpp
-- Installing: /home/suzumiyaharuhi/rl_deploy_v2/deploy/install/legged_system/include/asio/asio/detail/socket_holder.hpp
-- Installing: /home/suzumiyaharuhi/rl_deploy_v2/deploy/install/legged_system/include/asio/asio/detail/socket_ops.hpp
-- Installing: /home/suzumiyaharuhi/rl_deploy_v2/deploy/install/legged_system/include/asio/asio/detail/socket_option.hpp
-- Installing: /home/suzumiyaharuhi/rl_deploy_v2/deploy/install/legged_system/include/asio/asio/detail/socket_select_interrupter.hpp
-- Installing: /home/suzumiyaharuhi/rl_deploy_v2/deploy/install/legged_system/include/asio/asio/detail/socket_types.hpp
-- Installing: /home/suzumiyaharuhi/rl_deploy_v2/deploy/install/legged_system/include/asio/asio/detail/source_location.hpp
-- Installing: /home/suzumiyaharuhi/rl_deploy_v2/deploy/install/legged_system/include/asio/asio/detail/static_mutex.hpp
-- Installing: /home/suzumiyaharuhi/rl_deploy_v2/deploy/install/legged_system/include/asio/asio/detail/std_event.hpp
-- Installing: /home/suzumiyaharuhi/rl_deploy_v2/deploy/install/legged_system/include/asio/asio/detail/std_fenced_block.hpp
-- Installing: /home/suzumiyaharuhi/rl_deploy_v2/deploy/install/legged_system/include/asio/asio/detail/std_global.hpp
-- Installing: /home/suzumiyaharuhi/rl_deploy_v2/deploy/install/legged_system/include/asio/asio/detail/std_mutex.hpp
-- Installing: /home/suzumiyaharuhi/rl_deploy_v2/deploy/install/legged_system/include/asio/asio/detail/std_static_mutex.hpp
-- Installing: /home/suzumiyaharuhi/rl_deploy_v2/deploy/install/legged_system/include/asio/asio/detail/std_thread.hpp
-- Installing: /home/suzumiyaharuhi/rl_deploy_v2/deploy/install/legged_system/include/asio/asio/detail/strand_executor_service.hpp
-- Installing: /home/suzumiyaharuhi/rl_deploy_v2/deploy/install/legged_system/include/asio/asio/detail/strand_service.hpp
-- Installing: /home/suzumiyaharuhi/rl_deploy_v2/deploy/install/legged_system/include/asio/asio/detail/string_view.hpp
-- Installing: /home/suzumiyaharuhi/rl_deploy_v2/deploy/install/legged_system/include/asio/asio/detail/thread.hpp
-- Installing: /home/suzumiyaharuhi/rl_deploy_v2/deploy/install/legged_system/include/asio/asio/detail/thread_context.hpp
-- Installing: /home/suzumiyaharuhi/rl_deploy_v2/deploy/install/legged_system/include/asio/asio/detail/thread_group.hpp
-- Installing: /home/suzumiyaharuhi/rl_deploy_v2/deploy/install/legged_system/include/asio/asio/detail/thread_info_base.hpp
-- Installing: /home/suzumiyaharuhi/rl_deploy_v2/deploy/install/legged_system/include/asio/asio/detail/throw_error.hpp
-- Installing: /home/suzumiyaharuhi/rl_deploy_v2/deploy/install/legged_system/include/asio/asio/detail/throw_exception.hpp
-- Installing: /home/suzumiyaharuhi/rl_deploy_v2/deploy/install/legged_system/include/asio/asio/detail/timer_queue.hpp
-- Installing: /home/suzumiyaharuhi/rl_deploy_v2/deploy/install/legged_system/include/asio/asio/detail/timer_queue_base.hpp
-- Installing: /home/suzumiyaharuhi/rl_deploy_v2/deploy/install/legged_system/include/asio/asio/detail/timer_queue_ptime.hpp
-- Installing: /home/suzumiyaharuhi/rl_deploy_v2/deploy/install/legged_system/include/asio/asio/detail/timer_queue_set.hpp
-- Installing: /home/suzumiyaharuhi/rl_deploy_v2/deploy/install/legged_system/include/asio/asio/detail/timer_scheduler.hpp
-- Installing: /home/suzumiyaharuhi/rl_deploy_v2/deploy/install/legged_system/include/asio/asio/detail/timer_scheduler_fwd.hpp
-- Installing: /home/suzumiyaharuhi/rl_deploy_v2/deploy/install/legged_system/include/asio/asio/detail/tss_ptr.hpp
-- Installing: /home/suzumiyaharuhi/rl_deploy_v2/deploy/install/legged_system/include/asio/asio/detail/type_traits.hpp
-- Installing: /home/suzumiyaharuhi/rl_deploy_v2/deploy/install/legged_system/include/asio/asio/detail/utility.hpp
-- Installing: /home/suzumiyaharuhi/rl_deploy_v2/deploy/install/legged_system/include/asio/asio/detail/wait_handler.hpp
-- Installing: /home/suzumiyaharuhi/rl_deploy_v2/deploy/install/legged_system/include/asio/asio/detail/wait_op.hpp
-- Installing: /home/suzumiyaharuhi/rl_deploy_v2/deploy/install/legged_system/include/asio/asio/detail/win_event.hpp
-- Installing: /home/suzumiyaharuhi/rl_deploy_v2/deploy/install/legged_system/include/asio/asio/detail/win_fd_set_adapter.hpp
-- Installing: /home/suzumiyaharuhi/rl_deploy_v2/deploy/install/legged_system/include/asio/asio/detail/win_global.hpp
-- Installing: /home/suzumiyaharuhi/rl_deploy_v2/deploy/install/legged_system/include/asio/asio/detail/win_iocp_file_service.hpp
-- Installing: /home/suzumiyaharuhi/rl_deploy_v2/deploy/install/legged_system/include/asio/asio/detail/win_iocp_handle_read_op.hpp
-- Installing: /home/suzumiyaharuhi/rl_deploy_v2/deploy/install/legged_system/include/asio/asio/detail/win_iocp_handle_service.hpp
-- Installing: /home/suzumiyaharuhi/rl_deploy_v2/deploy/install/legged_system/include/asio/asio/detail/win_iocp_handle_write_op.hpp
-- Installing: /home/suzumiyaharuhi/rl_deploy_v2/deploy/install/legged_system/include/asio/asio/detail/win_iocp_io_context.hpp
-- Installing: /home/suzumiyaharuhi/rl_deploy_v2/deploy/install/legged_system/include/asio/asio/detail/win_iocp_null_buffers_op.hpp
-- Installing: /home/suzumiyaharuhi/rl_deploy_v2/deploy/install/legged_system/include/asio/asio/detail/win_iocp_operation.hpp
-- Installing: /home/suzumiyaharuhi/rl_deploy_v2/deploy/install/legged_system/include/asio/asio/detail/win_iocp_overlapped_op.hpp
-- Installing: /home/suzumiyaharuhi/rl_deploy_v2/deploy/install/legged_system/include/asio/asio/detail/win_iocp_overlapped_ptr.hpp
-- Installing: /home/suzumiyaharuhi/rl_deploy_v2/deploy/install/legged_system/include/asio/asio/detail/win_iocp_serial_port_service.hpp
-- Installing: /home/suzumiyaharuhi/rl_deploy_v2/deploy/install/legged_system/include/asio/asio/detail/win_iocp_socket_accept_op.hpp
-- Installing: /home/suzumiyaharuhi/rl_deploy_v2/deploy/install/legged_system/include/asio/asio/detail/win_iocp_socket_connect_op.hpp
-- Installing: /home/suzumiyaharuhi/rl_deploy_v2/deploy/install/legged_system/include/asio/asio/detail/win_iocp_socket_recv_op.hpp
-- Installing: /home/suzumiyaharuhi/rl_deploy_v2/deploy/install/legged_system/include/asio/asio/detail/win_iocp_socket_recvfrom_op.hpp
-- Installing: /home/suzumiyaharuhi/rl_deploy_v2/deploy/install/legged_system/include/asio/asio/detail/win_iocp_socket_recvmsg_op.hpp
-- Installing: /home/suzumiyaharuhi/rl_deploy_v2/deploy/install/legged_system/include/asio/asio/detail/win_iocp_socket_send_op.hpp
-- Installing: /home/suzumiyaharuhi/rl_deploy_v2/deploy/install/legged_system/include/asio/asio/detail/win_iocp_socket_service.hpp
-- Installing: /home/suzumiyaharuhi/rl_deploy_v2/deploy/install/legged_system/include/asio/asio/detail/win_iocp_socket_service_base.hpp
-- Installing: /home/suzumiyaharuhi/rl_deploy_v2/deploy/install/legged_system/include/asio/asio/detail/win_iocp_thread_info.hpp
-- Installing: /home/suzumiyaharuhi/rl_deploy_v2/deploy/install/legged_system/include/asio/asio/detail/win_iocp_wait_op.hpp
-- Installing: /home/suzumiyaharuhi/rl_deploy_v2/deploy/install/legged_system/include/asio/asio/detail/win_mutex.hpp
-- Installing: /home/suzumiyaharuhi/rl_deploy_v2/deploy/install/legged_system/include/asio/asio/detail/win_object_handle_service.hpp
-- Installing: /home/suzumiyaharuhi/rl_deploy_v2/deploy/install/legged_system/include/asio/asio/detail/win_static_mutex.hpp
-- Installing: /home/suzumiyaharuhi/rl_deploy_v2/deploy/install/legged_system/include/asio/asio/detail/win_thread.hpp
-- Installing: /home/suzumiyaharuhi/rl_deploy_v2/deploy/install/legged_system/include/asio/asio/detail/win_tss_ptr.hpp
-- Installing: /home/suzumiyaharuhi/rl_deploy_v2/deploy/install/legged_system/include/asio/asio/detail/winapp_thread.hpp
-- Installing: /home/suzumiyaharuhi/rl_deploy_v2/deploy/install/legged_system/include/asio/asio/detail/wince_thread.hpp
-- Installing: /home/suzumiyaharuhi/rl_deploy_v2/deploy/install/legged_system/include/asio/asio/detail/winrt_async_manager.hpp
-- Installing: /home/suzumiyaharuhi/rl_deploy_v2/deploy/install/legged_system/include/asio/asio/detail/winrt_async_op.hpp
-- Installing: /home/suzumiyaharuhi/rl_deploy_v2/deploy/install/legged_system/include/asio/asio/detail/winrt_resolve_op.hpp
-- Installing: /home/suzumiyaharuhi/rl_deploy_v2/deploy/install/legged_system/include/asio/asio/detail/winrt_resolver_service.hpp
-- Installing: /home/suzumiyaharuhi/rl_deploy_v2/deploy/install/legged_system/include/asio/asio/detail/winrt_socket_connect_op.hpp
-- Installing: /home/suzumiyaharuhi/rl_deploy_v2/deploy/install/legged_system/include/asio/asio/detail/winrt_socket_recv_op.hpp
-- Installing: /home/suzumiyaharuhi/rl_deploy_v2/deploy/install/legged_system/include/asio/asio/detail/winrt_socket_send_op.hpp
-- Installing: /home/suzumiyaharuhi/rl_deploy_v2/deploy/install/legged_system/include/asio/asio/detail/winrt_ssocket_service.hpp
-- Installing: /home/suzumiyaharuhi/rl_deploy_v2/deploy/install/legged_system/include/asio/asio/detail/winrt_ssocket_service_base.hpp
-- Installing: /home/suzumiyaharuhi/rl_deploy_v2/deploy/install/legged_system/include/asio/asio/detail/winrt_timer_scheduler.hpp
-- Installing: /home/suzumiyaharuhi/rl_deploy_v2/deploy/install/legged_system/include/asio/asio/detail/winrt_utils.hpp
-- Installing: /home/suzumiyaharuhi/rl_deploy_v2/deploy/install/legged_system/include/asio/asio/detail/winsock_init.hpp
-- Installing: /home/suzumiyaharuhi/rl_deploy_v2/deploy/install/legged_system/include/asio/asio/detail/work_dispatcher.hpp
-- Installing: /home/suzumiyaharuhi/rl_deploy_v2/deploy/install/legged_system/include/asio/asio/detail/wrapped_handler.hpp
-- Installing: /home/suzumiyaharuhi/rl_deploy_v2/deploy/install/legged_system/include/asio/asio/detail/impl/buffer_sequence_adapter.ipp
-- Installing: /home/suzumiyaharuhi/rl_deploy_v2/deploy/install/legged_system/include/asio/asio/detail/impl/descriptor_ops.ipp
-- Installing: /home/suzumiyaharuhi/rl_deploy_v2/deploy/install/legged_system/include/asio/asio/detail/impl/dev_poll_reactor.hpp
-- Installing: /home/suzumiyaharuhi/rl_deploy_v2/deploy/install/legged_system/include/asio/asio/detail/impl/dev_poll_reactor.ipp
-- Installing: /home/suzumiyaharuhi/rl_deploy_v2/deploy/install/legged_system/include/asio/asio/detail/impl/epoll_reactor.hpp
-- Installing: /home/suzumiyaharuhi/rl_deploy_v2/deploy/install/legged_system/include/asio/asio/detail/impl/epoll_reactor.ipp
-- Installing: /home/suzumiyaharuhi/rl_deploy_v2/deploy/install/legged_system/include/asio/asio/detail/impl/eventfd_select_interrupter.ipp
-- Installing: /home/suzumiyaharuhi/rl_deploy_v2/deploy/install/legged_system/include/asio/asio/detail/impl/handler_tracking.ipp
-- Installing: /home/suzumiyaharuhi/rl_deploy_v2/deploy/install/legged_system/include/asio/asio/detail/impl/io_uring_descriptor_service.ipp
-- Installing: /home/suzumiyaharuhi/rl_deploy_v2/deploy/install/legged_system/include/asio/asio/detail/impl/io_uring_file_service.ipp
-- Installing: /home/suzumiyaharuhi/rl_deploy_v2/deploy/install/legged_system/include/asio/asio/detail/impl/io_uring_service.hpp
-- Installing: /home/suzumiyaharuhi/rl_deploy_v2/deploy/install/legged_system/include/asio/asio/detail/impl/io_uring_service.ipp
-- Installing: /home/suzumiyaharuhi/rl_deploy_v2/deploy/install/legged_system/include/asio/asio/detail/impl/io_uring_socket_service_base.ipp
-- Installing: /home/suzumiyaharuhi/rl_deploy_v2/deploy/install/legged_system/include/asio/asio/detail/impl/kqueue_reactor.hpp
-- Installing: /home/suzumiyaharuhi/rl_deploy_v2/deploy/install/legged_system/include/asio/asio/detail/impl/kqueue_reactor.ipp
-- Installing: /home/suzumiyaharuhi/rl_deploy_v2/deploy/install/legged_system/include/asio/asio/detail/impl/null_event.ipp
-- Installing: /home/suzumiyaharuhi/rl_deploy_v2/deploy/install/legged_system/include/asio/asio/detail/impl/pipe_select_interrupter.ipp
-- Installing: /home/suzumiyaharuhi/rl_deploy_v2/deploy/install/legged_system/include/asio/asio/detail/impl/posix_event.ipp
-- Installing: /home/suzumiyaharuhi/rl_deploy_v2/deploy/install/legged_system/include/asio/asio/detail/impl/posix_mutex.ipp
-- Installing: /home/suzumiyaharuhi/rl_deploy_v2/deploy/install/legged_system/include/asio/asio/detail/impl/posix_serial_port_service.ipp
-- Installing: /home/suzumiyaharuhi/rl_deploy_v2/deploy/install/legged_system/include/asio/asio/detail/impl/posix_thread.ipp
-- Installing: /home/suzumiyaharuhi/rl_deploy_v2/deploy/install/legged_system/include/asio/asio/detail/impl/posix_tss_ptr.ipp
-- Installing: /home/suzumiyaharuhi/rl_deploy_v2/deploy/install/legged_system/include/asio/asio/detail/impl/reactive_descriptor_service.ipp
-- Installing: /home/suzumiyaharuhi/rl_deploy_v2/deploy/install/legged_system/include/asio/asio/detail/impl/reactive_socket_service_base.ipp
-- Installing: /home/suzumiyaharuhi/rl_deploy_v2/deploy/install/legged_system/include/asio/asio/detail/impl/resolver_service_base.ipp
-- Installing: /home/suzumiyaharuhi/rl_deploy_v2/deploy/install/legged_system/include/asio/asio/detail/impl/scheduler.ipp
-- Installing: /home/suzumiyaharuhi/rl_deploy_v2/deploy/install/legged_system/include/asio/asio/detail/impl/select_reactor.hpp
-- Installing: /home/suzumiyaharuhi/rl_deploy_v2/deploy/install/legged_system/include/asio/asio/detail/impl/select_reactor.ipp
-- Installing: /home/suzumiyaharuhi/rl_deploy_v2/deploy/install/legged_system/include/asio/asio/detail/impl/service_registry.hpp
-- Installing: /home/suzumiyaharuhi/rl_deploy_v2/deploy/install/legged_system/include/asio/asio/detail/impl/service_registry.ipp
-- Installing: /home/suzumiyaharuhi/rl_deploy_v2/deploy/install/legged_system/include/asio/asio/detail/impl/signal_set_service.ipp
-- Installing: /home/suzumiyaharuhi/rl_deploy_v2/deploy/install/legged_system/include/asio/asio/detail/impl/socket_ops.ipp
-- Installing: /home/suzumiyaharuhi/rl_deploy_v2/deploy/install/legged_system/include/asio/asio/detail/impl/socket_select_interrupter.ipp
-- Installing: /home/suzumiyaharuhi/rl_deploy_v2/deploy/install/legged_system/include/asio/asio/detail/impl/strand_executor_service.hpp
-- Installing: /home/suzumiyaharuhi/rl_deploy_v2/deploy/install/legged_system/include/asio/asio/detail/impl/strand_executor_service.ipp
-- Installing: /home/suzumiyaharuhi/rl_deploy_v2/deploy/install/legged_system/include/asio/asio/detail/impl/strand_service.hpp
-- Installing: /home/suzumiyaharuhi/rl_deploy_v2/deploy/install/legged_system/include/asio/asio/detail/impl/strand_service.ipp
-- Installing: /home/suzumiyaharuhi/rl_deploy_v2/deploy/install/legged_system/include/asio/asio/detail/impl/thread_context.ipp
-- Installing: /home/suzumiyaharuhi/rl_deploy_v2/deploy/install/legged_system/include/asio/asio/detail/impl/throw_error.ipp
-- Installing: /home/suzumiyaharuhi/rl_deploy_v2/deploy/install/legged_system/include/asio/asio/detail/impl/timer_queue_ptime.ipp
-- Installing: /home/suzumiyaharuhi/rl_deploy_v2/deploy/install/legged_system/include/asio/asio/detail/impl/timer_queue_set.ipp
-- Installing: /home/suzumiyaharuhi/rl_deploy_v2/deploy/install/legged_system/include/asio/asio/detail/impl/win_event.ipp
-- Installing: /home/suzumiyaharuhi/rl_deploy_v2/deploy/install/legged_system/include/asio/asio/detail/impl/win_iocp_file_service.ipp
-- Installing: /home/suzumiyaharuhi/rl_deploy_v2/deploy/install/legged_system/include/asio/asio/detail/impl/win_iocp_handle_service.ipp
-- Installing: /home/suzumiyaharuhi/rl_deploy_v2/deploy/install/legged_system/include/asio/asio/detail/impl/win_iocp_io_context.hpp
-- Installing: /home/suzumiyaharuhi/rl_deploy_v2/deploy/install/legged_system/include/asio/asio/detail/impl/win_iocp_io_context.ipp
-- Installing: /home/suzumiyaharuhi/rl_deploy_v2/deploy/install/legged_system/include/asio/asio/detail/impl/win_iocp_serial_port_service.ipp
-- Installing: /home/suzumiyaharuhi/rl_deploy_v2/deploy/install/legged_system/include/asio/asio/detail/impl/win_iocp_socket_service_base.ipp
-- Installing: /home/suzumiyaharuhi/rl_deploy_v2/deploy/install/legged_system/include/asio/asio/detail/impl/win_mutex.ipp
-- Installing: /home/suzumiyaharuhi/rl_deploy_v2/deploy/install/legged_system/include/asio/asio/detail/impl/win_object_handle_service.ipp
-- Installing: /home/suzumiyaharuhi/rl_deploy_v2/deploy/install/legged_system/include/asio/asio/detail/impl/win_static_mutex.ipp
-- Installing: /home/suzumiyaharuhi/rl_deploy_v2/deploy/install/legged_system/include/asio/asio/detail/impl/win_thread.ipp
-- Installing: /home/suzumiyaharuhi/rl_deploy_v2/deploy/install/legged_system/include/asio/asio/detail/impl/win_tss_ptr.ipp
-- Installing: /home/suzumiyaharuhi/rl_deploy_v2/deploy/install/legged_system/include/asio/asio/detail/impl/winrt_ssocket_service_base.ipp
-- Installing: /home/suzumiyaharuhi/rl_deploy_v2/deploy/install/legged_system/include/asio/asio/detail/impl/winrt_timer_scheduler.hpp
-- Installing: /home/suzumiyaharuhi/rl_deploy_v2/deploy/install/legged_system/include/asio/asio/detail/impl/winrt_timer_scheduler.ipp
-- Installing: /home/suzumiyaharuhi/rl_deploy_v2/deploy/install/legged_system/include/asio/asio/detail/impl/winsock_init.ipp
-- Installing: /home/suzumiyaharuhi/rl_deploy_v2/deploy/install/legged_system/include/asio/asio/execution/allocator.hpp
-- Installing: /home/suzumiyaharuhi/rl_deploy_v2/deploy/install/legged_system/include/asio/asio/execution/any_executor.hpp
-- Installing: /home/suzumiyaharuhi/rl_deploy_v2/deploy/install/legged_system/include/asio/asio/execution/bad_executor.hpp
-- Installing: /home/suzumiyaharuhi/rl_deploy_v2/deploy/install/legged_system/include/asio/asio/execution/blocking.hpp
-- Installing: /home/suzumiyaharuhi/rl_deploy_v2/deploy/install/legged_system/include/asio/asio/execution/blocking_adaptation.hpp
-- Installing: /home/suzumiyaharuhi/rl_deploy_v2/deploy/install/legged_system/include/asio/asio/execution/context.hpp
-- Installing: /home/suzumiyaharuhi/rl_deploy_v2/deploy/install/legged_system/include/asio/asio/execution/context_as.hpp
-- Installing: /home/suzumiyaharuhi/rl_deploy_v2/deploy/install/legged_system/include/asio/asio/execution/executor.hpp
-- Installing: /home/suzumiyaharuhi/rl_deploy_v2/deploy/install/legged_system/include/asio/asio/execution/invocable_archetype.hpp
-- Installing: /home/suzumiyaharuhi/rl_deploy_v2/deploy/install/legged_system/include/asio/asio/execution/mapping.hpp
-- Installing: /home/suzumiyaharuhi/rl_deploy_v2/deploy/install/legged_system/include/asio/asio/execution/occupancy.hpp
-- Installing: /home/suzumiyaharuhi/rl_deploy_v2/deploy/install/legged_system/include/asio/asio/execution/outstanding_work.hpp
-- Installing: /home/suzumiyaharuhi/rl_deploy_v2/deploy/install/legged_system/include/asio/asio/execution/prefer_only.hpp
-- Installing: /home/suzumiyaharuhi/rl_deploy_v2/deploy/install/legged_system/include/asio/asio/execution/relationship.hpp
-- Installing: /home/suzumiyaharuhi/rl_deploy_v2/deploy/install/legged_system/include/asio/asio/execution/impl/bad_executor.ipp
-- Installing: /home/suzumiyaharuhi/rl_deploy_v2/deploy/install/legged_system/include/asio/asio/experimental/append.hpp
-- Installing: /home/suzumiyaharuhi/rl_deploy_v2/deploy/install/legged_system/include/asio/asio/experimental/as_single.hpp
-- Installing: /home/suzumiyaharuhi/rl_deploy_v2/deploy/install/legged_system/include/asio/asio/experimental/as_tuple.hpp
-- Installing: /home/suzumiyaharuhi/rl_deploy_v2/deploy/install/legged_system/include/asio/asio/experimental/awaitable_operators.hpp
-- Installing: /home/suzumiyaharuhi/rl_deploy_v2/deploy/install/legged_system/include/asio/asio/experimental/basic_channel.hpp
-- Installing: /home/suzumiyaharuhi/rl_deploy_v2/deploy/install/legged_system/include/asio/asio/experimental/basic_concurrent_channel.hpp
-- Installing: /home/suzumiyaharuhi/rl_deploy_v2/deploy/install/legged_system/include/asio/asio/experimental/cancellation_condition.hpp
-- Installing: /home/suzumiyaharuhi/rl_deploy_v2/deploy/install/legged_system/include/asio/asio/experimental/channel.hpp
-- Installing: /home/suzumiyaharuhi/rl_deploy_v2/deploy/install/legged_system/include/asio/asio/experimental/channel_error.hpp
-- Installing: /home/suzumiyaharuhi/rl_deploy_v2/deploy/install/legged_system/include/asio/asio/experimental/channel_traits.hpp
-- Installing: /home/suzumiyaharuhi/rl_deploy_v2/deploy/install/legged_system/include/asio/asio/experimental/co_composed.hpp
-- Installing: /home/suzumiyaharuhi/rl_deploy_v2/deploy/install/legged_system/include/asio/asio/experimental/co_spawn.hpp
-- Installing: /home/suzumiyaharuhi/rl_deploy_v2/deploy/install/legged_system/include/asio/asio/experimental/concurrent_channel.hpp
-- Installing: /home/suzumiyaharuhi/rl_deploy_v2/deploy/install/legged_system/include/asio/asio/experimental/coro.hpp
-- Installing: /home/suzumiyaharuhi/rl_deploy_v2/deploy/install/legged_system/include/asio/asio/experimental/coro_traits.hpp
-- Installing: /home/suzumiyaharuhi/rl_deploy_v2/deploy/install/legged_system/include/asio/asio/experimental/deferred.hpp
-- Installing: /home/suzumiyaharuhi/rl_deploy_v2/deploy/install/legged_system/include/asio/asio/experimental/parallel_group.hpp
-- Installing: /home/suzumiyaharuhi/rl_deploy_v2/deploy/install/legged_system/include/asio/asio/experimental/prepend.hpp
-- Installing: /home/suzumiyaharuhi/rl_deploy_v2/deploy/install/legged_system/include/asio/asio/experimental/promise.hpp
-- Installing: /home/suzumiyaharuhi/rl_deploy_v2/deploy/install/legged_system/include/asio/asio/experimental/use_coro.hpp
-- Installing: /home/suzumiyaharuhi/rl_deploy_v2/deploy/install/legged_system/include/asio/asio/experimental/use_promise.hpp
-- Installing: /home/suzumiyaharuhi/rl_deploy_v2/deploy/install/legged_system/include/asio/asio/experimental/detail/channel_handler.hpp
-- Installing: /home/suzumiyaharuhi/rl_deploy_v2/deploy/install/legged_system/include/asio/asio/experimental/detail/channel_message.hpp
-- Installing: /home/suzumiyaharuhi/rl_deploy_v2/deploy/install/legged_system/include/asio/asio/experimental/detail/channel_operation.hpp
-- Installing: /home/suzumiyaharuhi/rl_deploy_v2/deploy/install/legged_system/include/asio/asio/experimental/detail/channel_payload.hpp
-- Installing: /home/suzumiyaharuhi/rl_deploy_v2/deploy/install/legged_system/include/asio/asio/experimental/detail/channel_receive_op.hpp
-- Installing: /home/suzumiyaharuhi/rl_deploy_v2/deploy/install/legged_system/include/asio/asio/experimental/detail/channel_send_functions.hpp
-- Installing: /home/suzumiyaharuhi/rl_deploy_v2/deploy/install/legged_system/include/asio/asio/experimental/detail/channel_send_op.hpp
-- Installing: /home/suzumiyaharuhi/rl_deploy_v2/deploy/install/legged_system/include/asio/asio/experimental/detail/channel_service.hpp
-- Installing: /home/suzumiyaharuhi/rl_deploy_v2/deploy/install/legged_system/include/asio/asio/experimental/detail/coro_completion_handler.hpp
-- Installing: /home/suzumiyaharuhi/rl_deploy_v2/deploy/install/legged_system/include/asio/asio/experimental/detail/coro_promise_allocator.hpp
-- Installing: /home/suzumiyaharuhi/rl_deploy_v2/deploy/install/legged_system/include/asio/asio/experimental/detail/has_signature.hpp
-- Installing: /home/suzumiyaharuhi/rl_deploy_v2/deploy/install/legged_system/include/asio/asio/experimental/detail/partial_promise.hpp
-- Installing: /home/suzumiyaharuhi/rl_deploy_v2/deploy/install/legged_system/include/asio/asio/experimental/detail/impl/channel_service.hpp
-- Installing: /home/suzumiyaharuhi/rl_deploy_v2/deploy/install/legged_system/include/asio/asio/experimental/impl/as_single.hpp
-- Installing: /home/suzumiyaharuhi/rl_deploy_v2/deploy/install/legged_system/include/asio/asio/experimental/impl/channel_error.ipp
-- Installing: /home/suzumiyaharuhi/rl_deploy_v2/deploy/install/legged_system/include/asio/asio/experimental/impl/co_composed.hpp
-- Installing: /home/suzumiyaharuhi/rl_deploy_v2/deploy/install/legged_system/include/asio/asio/experimental/impl/coro.hpp
-- Installing: /home/suzumiyaharuhi/rl_deploy_v2/deploy/install/legged_system/include/asio/asio/experimental/impl/parallel_group.hpp
-- Installing: /home/suzumiyaharuhi/rl_deploy_v2/deploy/install/legged_system/include/asio/asio/experimental/impl/promise.hpp
-- Installing: /home/suzumiyaharuhi/rl_deploy_v2/deploy/install/legged_system/include/asio/asio/experimental/impl/use_coro.hpp
-- Installing: /home/suzumiyaharuhi/rl_deploy_v2/deploy/install/legged_system/include/asio/asio/experimental/impl/use_promise.hpp
-- Installing: /home/suzumiyaharuhi/rl_deploy_v2/deploy/install/legged_system/include/asio/asio/generic/basic_endpoint.hpp
-- Installing: /home/suzumiyaharuhi/rl_deploy_v2/deploy/install/legged_system/include/asio/asio/generic/datagram_protocol.hpp
-- Installing: /home/suzumiyaharuhi/rl_deploy_v2/deploy/install/legged_system/include/asio/asio/generic/raw_protocol.hpp
-- Installing: /home/suzumiyaharuhi/rl_deploy_v2/deploy/install/legged_system/include/asio/asio/generic/seq_packet_protocol.hpp
-- Installing: /home/suzumiyaharuhi/rl_deploy_v2/deploy/install/legged_system/include/asio/asio/generic/stream_protocol.hpp
-- Installing: /home/suzumiyaharuhi/rl_deploy_v2/deploy/install/legged_system/include/asio/asio/generic/detail/endpoint.hpp
-- Installing: /home/suzumiyaharuhi/rl_deploy_v2/deploy/install/legged_system/include/asio/asio/generic/detail/impl/endpoint.ipp
-- Installing: /home/suzumiyaharuhi/rl_deploy_v2/deploy/install/legged_system/include/asio/asio/impl/any_completion_executor.ipp
-- Installing: /home/suzumiyaharuhi/rl_deploy_v2/deploy/install/legged_system/include/asio/asio/impl/any_io_executor.ipp
-- Installing: /home/suzumiyaharuhi/rl_deploy_v2/deploy/install/legged_system/include/asio/asio/impl/append.hpp
-- Installing: /home/suzumiyaharuhi/rl_deploy_v2/deploy/install/legged_system/include/asio/asio/impl/as_tuple.hpp
-- Installing: /home/suzumiyaharuhi/rl_deploy_v2/deploy/install/legged_system/include/asio/asio/impl/awaitable.hpp
-- Installing: /home/suzumiyaharuhi/rl_deploy_v2/deploy/install/legged_system/include/asio/asio/impl/buffered_read_stream.hpp
-- Installing: /home/suzumiyaharuhi/rl_deploy_v2/deploy/install/legged_system/include/asio/asio/impl/buffered_write_stream.hpp
-- Installing: /home/suzumiyaharuhi/rl_deploy_v2/deploy/install/legged_system/include/asio/asio/impl/cancellation_signal.ipp
-- Installing: /home/suzumiyaharuhi/rl_deploy_v2/deploy/install/legged_system/include/asio/asio/impl/co_spawn.hpp
-- Installing: /home/suzumiyaharuhi/rl_deploy_v2/deploy/install/legged_system/include/asio/asio/impl/connect.hpp
-- Installing: /home/suzumiyaharuhi/rl_deploy_v2/deploy/install/legged_system/include/asio/asio/impl/connect_pipe.hpp
-- Installing: /home/suzumiyaharuhi/rl_deploy_v2/deploy/install/legged_system/include/asio/asio/impl/connect_pipe.ipp
-- Installing: /home/suzumiyaharuhi/rl_deploy_v2/deploy/install/legged_system/include/asio/asio/impl/consign.hpp
-- Installing: /home/suzumiyaharuhi/rl_deploy_v2/deploy/install/legged_system/include/asio/asio/impl/deferred.hpp
-- Installing: /home/suzumiyaharuhi/rl_deploy_v2/deploy/install/legged_system/include/asio/asio/impl/detached.hpp
-- Installing: /home/suzumiyaharuhi/rl_deploy_v2/deploy/install/legged_system/include/asio/asio/impl/error.ipp
-- Installing: /home/suzumiyaharuhi/rl_deploy_v2/deploy/install/legged_system/include/asio/asio/impl/error_code.ipp
-- Installing: /home/suzumiyaharuhi/rl_deploy_v2/deploy/install/legged_system/include/asio/asio/impl/execution_context.hpp
-- Installing: /home/suzumiyaharuhi/rl_deploy_v2/deploy/install/legged_system/include/asio/asio/impl/execution_context.ipp
-- Installing: /home/suzumiyaharuhi/rl_deploy_v2/deploy/install/legged_system/include/asio/asio/impl/executor.hpp
-- Installing: /home/suzumiyaharuhi/rl_deploy_v2/deploy/install/legged_system/include/asio/asio/impl/executor.ipp
-- Installing: /home/suzumiyaharuhi/rl_deploy_v2/deploy/install/legged_system/include/asio/asio/impl/io_context.hpp
-- Installing: /home/suzumiyaharuhi/rl_deploy_v2/deploy/install/legged_system/include/asio/asio/impl/io_context.ipp
-- Installing: /home/suzumiyaharuhi/rl_deploy_v2/deploy/install/legged_system/include/asio/asio/impl/multiple_exceptions.ipp
-- Installing: /home/suzumiyaharuhi/rl_deploy_v2/deploy/install/legged_system/include/asio/asio/impl/prepend.hpp
-- Installing: /home/suzumiyaharuhi/rl_deploy_v2/deploy/install/legged_system/include/asio/asio/impl/read.hpp
-- Installing: /home/suzumiyaharuhi/rl_deploy_v2/deploy/install/legged_system/include/asio/asio/impl/read_at.hpp
-- Installing: /home/suzumiyaharuhi/rl_deploy_v2/deploy/install/legged_system/include/asio/asio/impl/read_until.hpp
-- Installing: /home/suzumiyaharuhi/rl_deploy_v2/deploy/install/legged_system/include/asio/asio/impl/redirect_error.hpp
-- Installing: /home/suzumiyaharuhi/rl_deploy_v2/deploy/install/legged_system/include/asio/asio/impl/serial_port_base.hpp
-- Installing: /home/suzumiyaharuhi/rl_deploy_v2/deploy/install/legged_system/include/asio/asio/impl/serial_port_base.ipp
-- Installing: /home/suzumiyaharuhi/rl_deploy_v2/deploy/install/legged_system/include/asio/asio/impl/spawn.hpp
-- Installing: /home/suzumiyaharuhi/rl_deploy_v2/deploy/install/legged_system/include/asio/asio/impl/src.hpp
-- Installing: /home/suzumiyaharuhi/rl_deploy_v2/deploy/install/legged_system/include/asio/asio/impl/system_context.hpp
-- Installing: /home/suzumiyaharuhi/rl_deploy_v2/deploy/install/legged_system/include/asio/asio/impl/system_context.ipp
-- Installing: /home/suzumiyaharuhi/rl_deploy_v2/deploy/install/legged_system/include/asio/asio/impl/system_executor.hpp
-- Installing: /home/suzumiyaharuhi/rl_deploy_v2/deploy/install/legged_system/include/asio/asio/impl/thread_pool.hpp
-- Installing: /home/suzumiyaharuhi/rl_deploy_v2/deploy/install/legged_system/include/asio/asio/impl/thread_pool.ipp
-- Installing: /home/suzumiyaharuhi/rl_deploy_v2/deploy/install/legged_system/include/asio/asio/impl/use_awaitable.hpp
-- Installing: /home/suzumiyaharuhi/rl_deploy_v2/deploy/install/legged_system/include/asio/asio/impl/use_future.hpp
-- Installing: /home/suzumiyaharuhi/rl_deploy_v2/deploy/install/legged_system/include/asio/asio/impl/write.hpp
-- Installing: /home/suzumiyaharuhi/rl_deploy_v2/deploy/install/legged_system/include/asio/asio/impl/write_at.hpp
-- Installing: /home/suzumiyaharuhi/rl_deploy_v2/deploy/install/legged_system/include/asio/asio/ip/address.hpp
-- Installing: /home/suzumiyaharuhi/rl_deploy_v2/deploy/install/legged_system/include/asio/asio/ip/address_v4.hpp
-- Installing: /home/suzumiyaharuhi/rl_deploy_v2/deploy/install/legged_system/include/asio/asio/ip/address_v4_iterator.hpp
-- Installing: /home/suzumiyaharuhi/rl_deploy_v2/deploy/install/legged_system/include/asio/asio/ip/address_v4_range.hpp
-- Installing: /home/suzumiyaharuhi/rl_deploy_v2/deploy/install/legged_system/include/asio/asio/ip/address_v6.hpp
-- Installing: /home/suzumiyaharuhi/rl_deploy_v2/deploy/install/legged_system/include/asio/asio/ip/address_v6_iterator.hpp
-- Installing: /home/suzumiyaharuhi/rl_deploy_v2/deploy/install/legged_system/include/asio/asio/ip/address_v6_range.hpp
-- Installing: /home/suzumiyaharuhi/rl_deploy_v2/deploy/install/legged_system/include/asio/asio/ip/bad_address_cast.hpp
-- Installing: /home/suzumiyaharuhi/rl_deploy_v2/deploy/install/legged_system/include/asio/asio/ip/basic_endpoint.hpp
-- Installing: /home/suzumiyaharuhi/rl_deploy_v2/deploy/install/legged_system/include/asio/asio/ip/basic_resolver.hpp
-- Installing: /home/suzumiyaharuhi/rl_deploy_v2/deploy/install/legged_system/include/asio/asio/ip/basic_resolver_entry.hpp
-- Installing: /home/suzumiyaharuhi/rl_deploy_v2/deploy/install/legged_system/include/asio/asio/ip/basic_resolver_iterator.hpp
-- Installing: /home/suzumiyaharuhi/rl_deploy_v2/deploy/install/legged_system/include/asio/asio/ip/basic_resolver_query.hpp
-- Installing: /home/suzumiyaharuhi/rl_deploy_v2/deploy/install/legged_system/include/asio/asio/ip/basic_resolver_results.hpp
-- Installing: /home/suzumiyaharuhi/rl_deploy_v2/deploy/install/legged_system/include/asio/asio/ip/host_name.hpp
-- Installing: /home/suzumiyaharuhi/rl_deploy_v2/deploy/install/legged_system/include/asio/asio/ip/icmp.hpp
-- Installing: /home/suzumiyaharuhi/rl_deploy_v2/deploy/install/legged_system/include/asio/asio/ip/multicast.hpp
-- Installing: /home/suzumiyaharuhi/rl_deploy_v2/deploy/install/legged_system/include/asio/asio/ip/network_v4.hpp
-- Installing: /home/suzumiyaharuhi/rl_deploy_v2/deploy/install/legged_system/include/asio/asio/ip/network_v6.hpp
-- Installing: /home/suzumiyaharuhi/rl_deploy_v2/deploy/install/legged_system/include/asio/asio/ip/resolver_base.hpp
-- Installing: /home/suzumiyaharuhi/rl_deploy_v2/deploy/install/legged_system/include/asio/asio/ip/resolver_query_base.hpp
-- Installing: /home/suzumiyaharuhi/rl_deploy_v2/deploy/install/legged_system/include/asio/asio/ip/tcp.hpp
-- Installing: /home/suzumiyaharuhi/rl_deploy_v2/deploy/install/legged_system/include/asio/asio/ip/udp.hpp
-- Installing: /home/suzumiyaharuhi/rl_deploy_v2/deploy/install/legged_system/include/asio/asio/ip/unicast.hpp
-- Installing: /home/suzumiyaharuhi/rl_deploy_v2/deploy/install/legged_system/include/asio/asio/ip/v6_only.hpp
-- Installing: /home/suzumiyaharuhi/rl_deploy_v2/deploy/install/legged_system/include/asio/asio/ip/detail/endpoint.hpp
-- Installing: /home/suzumiyaharuhi/rl_deploy_v2/deploy/install/legged_system/include/asio/asio/ip/detail/socket_option.hpp
-- Installing: /home/suzumiyaharuhi/rl_deploy_v2/deploy/install/legged_system/include/asio/asio/ip/detail/impl/endpoint.ipp
-- Installing: /home/suzumiyaharuhi/rl_deploy_v2/deploy/install/legged_system/include/asio/asio/ip/impl/address.hpp
-- Installing: /home/suzumiyaharuhi/rl_deploy_v2/deploy/install/legged_system/include/asio/asio/ip/impl/address.ipp
-- Installing: /home/suzumiyaharuhi/rl_deploy_v2/deploy/install/legged_system/include/asio/asio/ip/impl/address_v4.hpp
-- Installing: /home/suzumiyaharuhi/rl_deploy_v2/deploy/install/legged_system/include/asio/asio/ip/impl/address_v4.ipp
-- Installing: /home/suzumiyaharuhi/rl_deploy_v2/deploy/install/legged_system/include/asio/asio/ip/impl/address_v6.hpp
-- Installing: /home/suzumiyaharuhi/rl_deploy_v2/deploy/install/legged_system/include/asio/asio/ip/impl/address_v6.ipp
-- Installing: /home/suzumiyaharuhi/rl_deploy_v2/deploy/install/legged_system/include/asio/asio/ip/impl/basic_endpoint.hpp
-- Installing: /home/suzumiyaharuhi/rl_deploy_v2/deploy/install/legged_system/include/asio/asio/ip/impl/host_name.ipp
-- Installing: /home/suzumiyaharuhi/rl_deploy_v2/deploy/install/legged_system/include/asio/asio/ip/impl/network_v4.hpp
-- Installing: /home/suzumiyaharuhi/rl_deploy_v2/deploy/install/legged_system/include/asio/asio/ip/impl/network_v4.ipp
-- Installing: /home/suzumiyaharuhi/rl_deploy_v2/deploy/install/legged_system/include/asio/asio/ip/impl/network_v6.hpp
-- Installing: /home/suzumiyaharuhi/rl_deploy_v2/deploy/install/legged_system/include/asio/asio/ip/impl/network_v6.ipp
-- Installing: /home/suzumiyaharuhi/rl_deploy_v2/deploy/install/legged_system/include/asio/asio/local/basic_endpoint.hpp
-- Installing: /home/suzumiyaharuhi/rl_deploy_v2/deploy/install/legged_system/include/asio/asio/local/connect_pair.hpp
-- Installing: /home/suzumiyaharuhi/rl_deploy_v2/deploy/install/legged_system/include/asio/asio/local/datagram_protocol.hpp
-- Installing: /home/suzumiyaharuhi/rl_deploy_v2/deploy/install/legged_system/include/asio/asio/local/seq_packet_protocol.hpp
-- Installing: /home/suzumiyaharuhi/rl_deploy_v2/deploy/install/legged_system/include/asio/asio/local/stream_protocol.hpp
-- Installing: /home/suzumiyaharuhi/rl_deploy_v2/deploy/install/legged_system/include/asio/asio/local/detail/endpoint.hpp
-- Installing: /home/suzumiyaharuhi/rl_deploy_v2/deploy/install/legged_system/include/asio/asio/local/detail/impl/endpoint.ipp
-- Installing: /home/suzumiyaharuhi/rl_deploy_v2/deploy/install/legged_system/include/asio/asio/posix/basic_descriptor.hpp
-- Installing: /home/suzumiyaharuhi/rl_deploy_v2/deploy/install/legged_system/include/asio/asio/posix/basic_stream_descriptor.hpp
-- Installing: /home/suzumiyaharuhi/rl_deploy_v2/deploy/install/legged_system/include/asio/asio/posix/descriptor.hpp
-- Installing: /home/suzumiyaharuhi/rl_deploy_v2/deploy/install/legged_system/include/asio/asio/posix/descriptor_base.hpp
-- Installing: /home/suzumiyaharuhi/rl_deploy_v2/deploy/install/legged_system/include/asio/asio/posix/stream_descriptor.hpp
-- Installing: /home/suzumiyaharuhi/rl_deploy_v2/deploy/install/legged_system/include/asio/asio/ssl/context.hpp
-- Installing: /home/suzumiyaharuhi/rl_deploy_v2/deploy/install/legged_system/include/asio/asio/ssl/context_base.hpp
-- Installing: /home/suzumiyaharuhi/rl_deploy_v2/deploy/install/legged_system/include/asio/asio/ssl/error.hpp
-- Installing: /home/suzumiyaharuhi/rl_deploy_v2/deploy/install/legged_system/include/asio/asio/ssl/host_name_verification.hpp
-- Installing: /home/suzumiyaharuhi/rl_deploy_v2/deploy/install/legged_system/include/asio/asio/ssl/rfc2818_verification.hpp
-- Installing: /home/suzumiyaharuhi/rl_deploy_v2/deploy/install/legged_system/include/asio/asio/ssl/stream.hpp
-- Installing: /home/suzumiyaharuhi/rl_deploy_v2/deploy/install/legged_system/include/asio/asio/ssl/stream_base.hpp
-- Installing: /home/suzumiyaharuhi/rl_deploy_v2/deploy/install/legged_system/include/asio/asio/ssl/verify_context.hpp
-- Installing: /home/suzumiyaharuhi/rl_deploy_v2/deploy/install/legged_system/include/asio/asio/ssl/verify_mode.hpp
-- Installing: /home/suzumiyaharuhi/rl_deploy_v2/deploy/install/legged_system/include/asio/asio/ssl/detail/buffered_handshake_op.hpp
-- Installing: /home/suzumiyaharuhi/rl_deploy_v2/deploy/install/legged_system/include/asio/asio/ssl/detail/engine.hpp
-- Installing: /home/suzumiyaharuhi/rl_deploy_v2/deploy/install/legged_system/include/asio/asio/ssl/detail/handshake_op.hpp
-- Installing: /home/suzumiyaharuhi/rl_deploy_v2/deploy/install/legged_system/include/asio/asio/ssl/detail/io.hpp
-- Installing: /home/suzumiyaharuhi/rl_deploy_v2/deploy/install/legged_system/include/asio/asio/ssl/detail/openssl_init.hpp
-- Installing: /home/suzumiyaharuhi/rl_deploy_v2/deploy/install/legged_system/include/asio/asio/ssl/detail/openssl_types.hpp
-- Installing: /home/suzumiyaharuhi/rl_deploy_v2/deploy/install/legged_system/include/asio/asio/ssl/detail/password_callback.hpp
-- Installing: /home/suzumiyaharuhi/rl_deploy_v2/deploy/install/legged_system/include/asio/asio/ssl/detail/read_op.hpp
-- Installing: /home/suzumiyaharuhi/rl_deploy_v2/deploy/install/legged_system/include/asio/asio/ssl/detail/shutdown_op.hpp
-- Installing: /home/suzumiyaharuhi/rl_deploy_v2/deploy/install/legged_system/include/asio/asio/ssl/detail/stream_core.hpp
-- Installing: /home/suzumiyaharuhi/rl_deploy_v2/deploy/install/legged_system/include/asio/asio/ssl/detail/verify_callback.hpp
-- Installing: /home/suzumiyaharuhi/rl_deploy_v2/deploy/install/legged_system/include/asio/asio/ssl/detail/write_op.hpp
-- Installing: /home/suzumiyaharuhi/rl_deploy_v2/deploy/install/legged_system/include/asio/asio/ssl/detail/impl/engine.ipp
-- Installing: /home/suzumiyaharuhi/rl_deploy_v2/deploy/install/legged_system/include/asio/asio/ssl/detail/impl/openssl_init.ipp
-- Installing: /home/suzumiyaharuhi/rl_deploy_v2/deploy/install/legged_system/include/asio/asio/ssl/impl/context.hpp
-- Installing: /home/suzumiyaharuhi/rl_deploy_v2/deploy/install/legged_system/include/asio/asio/ssl/impl/context.ipp
-- Installing: /home/suzumiyaharuhi/rl_deploy_v2/deploy/install/legged_system/include/asio/asio/ssl/impl/error.ipp
-- Installing: /home/suzumiyaharuhi/rl_deploy_v2/deploy/install/legged_system/include/asio/asio/ssl/impl/host_name_verification.ipp
-- Installing: /home/suzumiyaharuhi/rl_deploy_v2/deploy/install/legged_system/include/asio/asio/ssl/impl/rfc2818_verification.ipp
-- Installing: /home/suzumiyaharuhi/rl_deploy_v2/deploy/install/legged_system/include/asio/asio/ssl/impl/src.hpp
-- Installing: /home/suzumiyaharuhi/rl_deploy_v2/deploy/install/legged_system/include/asio/asio/traits/equality_comparable.hpp
-- Installing: /home/suzumiyaharuhi/rl_deploy_v2/deploy/install/legged_system/include/asio/asio/traits/execute_member.hpp
-- Installing: /home/suzumiyaharuhi/rl_deploy_v2/deploy/install/legged_system/include/asio/asio/traits/prefer_free.hpp
-- Installing: /home/suzumiyaharuhi/rl_deploy_v2/deploy/install/legged_system/include/asio/asio/traits/prefer_member.hpp
-- Installing: /home/suzumiyaharuhi/rl_deploy_v2/deploy/install/legged_system/include/asio/asio/traits/query_free.hpp
-- Installing: /home/suzumiyaharuhi/rl_deploy_v2/deploy/install/legged_system/include/asio/asio/traits/query_member.hpp
-- Installing: /home/suzumiyaharuhi/rl_deploy_v2/deploy/install/legged_system/include/asio/asio/traits/query_static_constexpr_member.hpp
-- Installing: /home/suzumiyaharuhi/rl_deploy_v2/deploy/install/legged_system/include/asio/asio/traits/require_concept_free.hpp
-- Installing: /home/suzumiyaharuhi/rl_deploy_v2/deploy/install/legged_system/include/asio/asio/traits/require_concept_member.hpp
-- Installing: /home/suzumiyaharuhi/rl_deploy_v2/deploy/install/legged_system/include/asio/asio/traits/require_free.hpp
-- Installing: /home/suzumiyaharuhi/rl_deploy_v2/deploy/install/legged_system/include/asio/asio/traits/require_member.hpp
-- Installing: /home/suzumiyaharuhi/rl_deploy_v2/deploy/install/legged_system/include/asio/asio/traits/static_query.hpp
-- Installing: /home/suzumiyaharuhi/rl_deploy_v2/deploy/install/legged_system/include/asio/asio/traits/static_require.hpp
-- Installing: /home/suzumiyaharuhi/rl_deploy_v2/deploy/install/legged_system/include/asio/asio/traits/static_require_concept.hpp
-- Installing: /home/suzumiyaharuhi/rl_deploy_v2/deploy/install/legged_system/include/asio/asio/ts/buffer.hpp
-- Installing: /home/suzumiyaharuhi/rl_deploy_v2/deploy/install/legged_system/include/asio/asio/ts/executor.hpp
-- Installing: /home/suzumiyaharuhi/rl_deploy_v2/deploy/install/legged_system/include/asio/asio/ts/internet.hpp
-- Installing: /home/suzumiyaharuhi/rl_deploy_v2/deploy/install/legged_system/include/asio/asio/ts/io_context.hpp
-- Installing: /home/suzumiyaharuhi/rl_deploy_v2/deploy/install/legged_system/include/asio/asio/ts/net.hpp
-- Installing: /home/suzumiyaharuhi/rl_deploy_v2/deploy/install/legged_system/include/asio/asio/ts/netfwd.hpp
-- Installing: /home/suzumiyaharuhi/rl_deploy_v2/deploy/install/legged_system/include/asio/asio/ts/socket.hpp
-- Installing: /home/suzumiyaharuhi/rl_deploy_v2/deploy/install/legged_system/include/asio/asio/ts/timer.hpp
-- Installing: /home/suzumiyaharuhi/rl_deploy_v2/deploy/install/legged_system/include/asio/asio/windows/basic_object_handle.hpp
-- Installing: /home/suzumiyaharuhi/rl_deploy_v2/deploy/install/legged_system/include/asio/asio/windows/basic_overlapped_handle.hpp
-- Installing: /home/suzumiyaharuhi/rl_deploy_v2/deploy/install/legged_system/include/asio/asio/windows/basic_random_access_handle.hpp
-- Installing: /home/suzumiyaharuhi/rl_deploy_v2/deploy/install/legged_system/include/asio/asio/windows/basic_stream_handle.hpp
-- Installing: /home/suzumiyaharuhi/rl_deploy_v2/deploy/install/legged_system/include/asio/asio/windows/object_handle.hpp
-- Installing: /home/suzumiyaharuhi/rl_deploy_v2/deploy/install/legged_system/include/asio/asio/windows/overlapped_handle.hpp
-- Installing: /home/suzumiyaharuhi/rl_deploy_v2/deploy/install/legged_system/include/asio/asio/windows/overlapped_ptr.hpp
-- Installing: /home/suzumiyaharuhi/rl_deploy_v2/deploy/install/legged_system/include/asio/asio/windows/random_access_handle.hpp
-- Installing: /home/suzumiyaharuhi/rl_deploy_v2/deploy/install/legged_system/include/asio/asio/windows/stream_handle.hpp
-- Installing: /home/suzumiyaharuhi/rl_deploy_v2/deploy/install/legged_system/lib/cmake/asio/asio-config.cmake
-- Up-to-date: /home/suzumiyaharuhi/rl_deploy_v2/deploy/install/legged_system/include
-- Installing: /home/suzumiyaharuhi/rl_deploy_v2/deploy/install/legged_system/include/tbb
-- Installing: /home/suzumiyaharuhi/rl_deploy_v2/deploy/install/legged_system/include/tbb/profiling.h
-- Installing: /home/suzumiyaharuhi/rl_deploy_v2/deploy/install/legged_system/include/tbb/flow_graph_abstractions.h
-- Installing: /home/suzumiyaharuhi/rl_deploy_v2/deploy/install/legged_system/include/tbb/blocked_range3d.h
-- Installing: /home/suzumiyaharuhi/rl_deploy_v2/deploy/install/legged_system/include/tbb/concurrent_map.h
-- Installing: /home/suzumiyaharuhi/rl_deploy_v2/deploy/install/legged_system/include/tbb/concurrent_hash_map.h
-- Installing: /home/suzumiyaharuhi/rl_deploy_v2/deploy/install/legged_system/include/tbb/concurrent_vector.h
-- Installing: /home/suzumiyaharuhi/rl_deploy_v2/deploy/install/legged_system/include/tbb/mutex.h
-- Installing: /home/suzumiyaharuhi/rl_deploy_v2/deploy/install/legged_system/include/tbb/null_rw_mutex.h
-- Installing: /home/suzumiyaharuhi/rl_deploy_v2/deploy/install/legged_system/include/tbb/parallel_reduce.h
-- Installing: /home/suzumiyaharuhi/rl_deploy_v2/deploy/install/legged_system/include/tbb/partitioner.h
-- Installing: /home/suzumiyaharuhi/rl_deploy_v2/deploy/install/legged_system/include/tbb/task_arena.h
-- Installing: /home/suzumiyaharuhi/rl_deploy_v2/deploy/install/legged_system/include/tbb/tbbmalloc_proxy.h
-- Installing: /home/suzumiyaharuhi/rl_deploy_v2/deploy/install/legged_system/include/tbb/flow_graph.h
-- Installing: /home/suzumiyaharuhi/rl_deploy_v2/deploy/install/legged_system/include/tbb/parallel_scan.h
-- Installing: /home/suzumiyaharuhi/rl_deploy_v2/deploy/install/legged_system/include/tbb/parallel_pipeline.h
-- Installing: /home/suzumiyaharuhi/rl_deploy_v2/deploy/install/legged_system/include/tbb/collaborative_call_once.h
-- Installing: /home/suzumiyaharuhi/rl_deploy_v2/deploy/install/legged_system/include/tbb/tbb.h
-- Installing: /home/suzumiyaharuhi/rl_deploy_v2/deploy/install/legged_system/include/tbb/blocked_range.h
-- Installing: /home/suzumiyaharuhi/rl_deploy_v2/deploy/install/legged_system/include/tbb/concurrent_priority_queue.h
-- Installing: /home/suzumiyaharuhi/rl_deploy_v2/deploy/install/legged_system/include/tbb/blocked_range2d.h
-- Installing: /home/suzumiyaharuhi/rl_deploy_v2/deploy/install/legged_system/include/tbb/parallel_for_each.h
-- Installing: /home/suzumiyaharuhi/rl_deploy_v2/deploy/install/legged_system/include/tbb/parallel_for.h
-- Installing: /home/suzumiyaharuhi/rl_deploy_v2/deploy/install/legged_system/include/tbb/concurrent_unordered_set.h
-- Installing: /home/suzumiyaharuhi/rl_deploy_v2/deploy/install/legged_system/include/tbb/null_mutex.h
-- Installing: /home/suzumiyaharuhi/rl_deploy_v2/deploy/install/legged_system/include/tbb/queuing_mutex.h
-- Installing: /home/suzumiyaharuhi/rl_deploy_v2/deploy/install/legged_system/include/tbb/tbb_allocator.h
-- Installing: /home/suzumiyaharuhi/rl_deploy_v2/deploy/install/legged_system/include/tbb/info.h
-- Installing: /home/suzumiyaharuhi/rl_deploy_v2/deploy/install/legged_system/include/tbb/enumerable_thread_specific.h
-- Installing: /home/suzumiyaharuhi/rl_deploy_v2/deploy/install/legged_system/include/tbb/concurrent_queue.h
-- Installing: /home/suzumiyaharuhi/rl_deploy_v2/deploy/install/legged_system/include/tbb/cache_aligned_allocator.h
-- Installing: /home/suzumiyaharuhi/rl_deploy_v2/deploy/install/legged_system/include/tbb/task.h
-- Installing: /home/suzumiyaharuhi/rl_deploy_v2/deploy/install/legged_system/include/tbb/concurrent_set.h
-- Installing: /home/suzumiyaharuhi/rl_deploy_v2/deploy/install/legged_system/include/tbb/concurrent_lru_cache.h
-- Installing: /home/suzumiyaharuhi/rl_deploy_v2/deploy/install/legged_system/include/tbb/rw_mutex.h
-- Installing: /home/suzumiyaharuhi/rl_deploy_v2/deploy/install/legged_system/include/tbb/spin_rw_mutex.h
-- Installing: /home/suzumiyaharuhi/rl_deploy_v2/deploy/install/legged_system/include/tbb/task_group.h
-- Installing: /home/suzumiyaharuhi/rl_deploy_v2/deploy/install/legged_system/include/tbb/memory_pool.h
-- Installing: /home/suzumiyaharuhi/rl_deploy_v2/deploy/install/legged_system/include/tbb/concurrent_unordered_map.h
-- Installing: /home/suzumiyaharuhi/rl_deploy_v2/deploy/install/legged_system/include/tbb/global_control.h
-- Installing: /home/suzumiyaharuhi/rl_deploy_v2/deploy/install/legged_system/include/tbb/combinable.h
-- Installing: /home/suzumiyaharuhi/rl_deploy_v2/deploy/install/legged_system/include/tbb/queuing_rw_mutex.h
-- Installing: /home/suzumiyaharuhi/rl_deploy_v2/deploy/install/legged_system/include/tbb/parallel_invoke.h
-- Installing: /home/suzumiyaharuhi/rl_deploy_v2/deploy/install/legged_system/include/tbb/task_scheduler_observer.h
-- Installing: /home/suzumiyaharuhi/rl_deploy_v2/deploy/install/legged_system/include/tbb/tick_count.h
-- Installing: /home/suzumiyaharuhi/rl_deploy_v2/deploy/install/legged_system/include/tbb/scalable_allocator.h
-- Installing: /home/suzumiyaharuhi/rl_deploy_v2/deploy/install/legged_system/include/tbb/spin_mutex.h
-- Installing: /home/suzumiyaharuhi/rl_deploy_v2/deploy/install/legged_system/include/tbb/blocked_rangeNd.h
-- Installing: /home/suzumiyaharuhi/rl_deploy_v2/deploy/install/legged_system/include/tbb/version.h
-- Installing: /home/suzumiyaharuhi/rl_deploy_v2/deploy/install/legged_system/include/tbb/parallel_sort.h
-- Installing: /home/suzumiyaharuhi/rl_deploy_v2/deploy/install/legged_system/include/oneapi
-- Installing: /home/suzumiyaharuhi/rl_deploy_v2/deploy/install/legged_system/include/oneapi/tbb
-- Installing: /home/suzumiyaharuhi/rl_deploy_v2/deploy/install/legged_system/include/oneapi/tbb/profiling.h
-- Installing: /home/suzumiyaharuhi/rl_deploy_v2/deploy/install/legged_system/include/oneapi/tbb/flow_graph_abstractions.h
-- Installing: /home/suzumiyaharuhi/rl_deploy_v2/deploy/install/legged_system/include/oneapi/tbb/blocked_range3d.h
-- Installing: /home/suzumiyaharuhi/rl_deploy_v2/deploy/install/legged_system/include/oneapi/tbb/concurrent_map.h
-- Installing: /home/suzumiyaharuhi/rl_deploy_v2/deploy/install/legged_system/include/oneapi/tbb/concurrent_hash_map.h
-- Installing: /home/suzumiyaharuhi/rl_deploy_v2/deploy/install/legged_system/include/oneapi/tbb/concurrent_vector.h
-- Installing: /home/suzumiyaharuhi/rl_deploy_v2/deploy/install/legged_system/include/oneapi/tbb/mutex.h
-- Installing: /home/suzumiyaharuhi/rl_deploy_v2/deploy/install/legged_system/include/oneapi/tbb/null_rw_mutex.h
-- Installing: /home/suzumiyaharuhi/rl_deploy_v2/deploy/install/legged_system/include/oneapi/tbb/parallel_reduce.h
-- Installing: /home/suzumiyaharuhi/rl_deploy_v2/deploy/install/legged_system/include/oneapi/tbb/partitioner.h
-- Installing: /home/suzumiyaharuhi/rl_deploy_v2/deploy/install/legged_system/include/oneapi/tbb/task_arena.h
-- Installing: /home/suzumiyaharuhi/rl_deploy_v2/deploy/install/legged_system/include/oneapi/tbb/tbbmalloc_proxy.h
-- Installing: /home/suzumiyaharuhi/rl_deploy_v2/deploy/install/legged_system/include/oneapi/tbb/flow_graph.h
-- Installing: /home/suzumiyaharuhi/rl_deploy_v2/deploy/install/legged_system/include/oneapi/tbb/parallel_scan.h
-- Installing: /home/suzumiyaharuhi/rl_deploy_v2/deploy/install/legged_system/include/oneapi/tbb/parallel_pipeline.h
-- Installing: /home/suzumiyaharuhi/rl_deploy_v2/deploy/install/legged_system/include/oneapi/tbb/collaborative_call_once.h
-- Installing: /home/suzumiyaharuhi/rl_deploy_v2/deploy/install/legged_system/include/oneapi/tbb/blocked_range.h
-- Installing: /home/suzumiyaharuhi/rl_deploy_v2/deploy/install/legged_system/include/oneapi/tbb/concurrent_priority_queue.h
-- Installing: /home/suzumiyaharuhi/rl_deploy_v2/deploy/install/legged_system/include/oneapi/tbb/blocked_range2d.h
-- Installing: /home/suzumiyaharuhi/rl_deploy_v2/deploy/install/legged_system/include/oneapi/tbb/parallel_for_each.h
-- Installing: /home/suzumiyaharuhi/rl_deploy_v2/deploy/install/legged_system/include/oneapi/tbb/parallel_for.h
-- Installing: /home/suzumiyaharuhi/rl_deploy_v2/deploy/install/legged_system/include/oneapi/tbb/concurrent_unordered_set.h
-- Installing: /home/suzumiyaharuhi/rl_deploy_v2/deploy/install/legged_system/include/oneapi/tbb/null_mutex.h
-- Installing: /home/suzumiyaharuhi/rl_deploy_v2/deploy/install/legged_system/include/oneapi/tbb/queuing_mutex.h
-- Installing: /home/suzumiyaharuhi/rl_deploy_v2/deploy/install/legged_system/include/oneapi/tbb/tbb_allocator.h
-- Installing: /home/suzumiyaharuhi/rl_deploy_v2/deploy/install/legged_system/include/oneapi/tbb/info.h
-- Installing: /home/suzumiyaharuhi/rl_deploy_v2/deploy/install/legged_system/include/oneapi/tbb/enumerable_thread_specific.h
-- Installing: /home/suzumiyaharuhi/rl_deploy_v2/deploy/install/legged_system/include/oneapi/tbb/concurrent_queue.h
-- Installing: /home/suzumiyaharuhi/rl_deploy_v2/deploy/install/legged_system/include/oneapi/tbb/cache_aligned_allocator.h
-- Installing: /home/suzumiyaharuhi/rl_deploy_v2/deploy/install/legged_system/include/oneapi/tbb/task.h
-- Installing: /home/suzumiyaharuhi/rl_deploy_v2/deploy/install/legged_system/include/oneapi/tbb/concurrent_set.h
-- Installing: /home/suzumiyaharuhi/rl_deploy_v2/deploy/install/legged_system/include/oneapi/tbb/concurrent_lru_cache.h
-- Installing: /home/suzumiyaharuhi/rl_deploy_v2/deploy/install/legged_system/include/oneapi/tbb/rw_mutex.h
-- Installing: /home/suzumiyaharuhi/rl_deploy_v2/deploy/install/legged_system/include/oneapi/tbb/spin_rw_mutex.h
-- Installing: /home/suzumiyaharuhi/rl_deploy_v2/deploy/install/legged_system/include/oneapi/tbb/task_group.h
-- Installing: /home/suzumiyaharuhi/rl_deploy_v2/deploy/install/legged_system/include/oneapi/tbb/memory_pool.h
-- Installing: /home/suzumiyaharuhi/rl_deploy_v2/deploy/install/legged_system/include/oneapi/tbb/detail
-- Installing: /home/suzumiyaharuhi/rl_deploy_v2/deploy/install/legged_system/include/oneapi/tbb/detail/_string_resource.h
-- Installing: /home/suzumiyaharuhi/rl_deploy_v2/deploy/install/legged_system/include/oneapi/tbb/detail/_hash_compare.h
-- Installing: /home/suzumiyaharuhi/rl_deploy_v2/deploy/install/legged_system/include/oneapi/tbb/detail/_task_handle.h
-- Installing: /home/suzumiyaharuhi/rl_deploy_v2/deploy/install/legged_system/include/oneapi/tbb/detail/_aggregator.h
-- Installing: /home/suzumiyaharuhi/rl_deploy_v2/deploy/install/legged_system/include/oneapi/tbb/detail/_aligned_space.h
-- Installing: /home/suzumiyaharuhi/rl_deploy_v2/deploy/install/legged_system/include/oneapi/tbb/detail/_attach.h
-- Installing: /home/suzumiyaharuhi/rl_deploy_v2/deploy/install/legged_system/include/oneapi/tbb/detail/_machine.h
-- Installing: /home/suzumiyaharuhi/rl_deploy_v2/deploy/install/legged_system/include/oneapi/tbb/detail/_small_object_pool.h
-- Installing: /home/suzumiyaharuhi/rl_deploy_v2/deploy/install/legged_system/include/oneapi/tbb/detail/_exception.h
-- Installing: /home/suzumiyaharuhi/rl_deploy_v2/deploy/install/legged_system/include/oneapi/tbb/detail/_utils.h
-- Installing: /home/suzumiyaharuhi/rl_deploy_v2/deploy/install/legged_system/include/oneapi/tbb/detail/_range_common.h
-- Installing: /home/suzumiyaharuhi/rl_deploy_v2/deploy/install/legged_system/include/oneapi/tbb/detail/_flow_graph_cache_impl.h
-- Installing: /home/suzumiyaharuhi/rl_deploy_v2/deploy/install/legged_system/include/oneapi/tbb/detail/_pipeline_filters.h
-- Installing: /home/suzumiyaharuhi/rl_deploy_v2/deploy/install/legged_system/include/oneapi/tbb/detail/_flow_graph_impl.h
-- Installing: /home/suzumiyaharuhi/rl_deploy_v2/deploy/install/legged_system/include/oneapi/tbb/detail/_concurrent_skip_list.h
-- Installing: /home/suzumiyaharuhi/rl_deploy_v2/deploy/install/legged_system/include/oneapi/tbb/detail/_namespace_injection.h
-- Installing: /home/suzumiyaharuhi/rl_deploy_v2/deploy/install/legged_system/include/oneapi/tbb/detail/_flow_graph_body_impl.h
-- Installing: /home/suzumiyaharuhi/rl_deploy_v2/deploy/install/legged_system/include/oneapi/tbb/detail/_assert.h
-- Installing: /home/suzumiyaharuhi/rl_deploy_v2/deploy/install/legged_system/include/oneapi/tbb/detail/_rtm_rw_mutex.h
-- Installing: /home/suzumiyaharuhi/rl_deploy_v2/deploy/install/legged_system/include/oneapi/tbb/detail/_waitable_atomic.h
-- Installing: /home/suzumiyaharuhi/rl_deploy_v2/deploy/install/legged_system/include/oneapi/tbb/detail/_flow_graph_node_set_impl.h
-- Installing: /home/suzumiyaharuhi/rl_deploy_v2/deploy/install/legged_system/include/oneapi/tbb/detail/_flow_graph_item_buffer_impl.h
-- Installing: /home/suzumiyaharuhi/rl_deploy_v2/deploy/install/legged_system/include/oneapi/tbb/detail/_mutex_common.h
-- Installing: /home/suzumiyaharuhi/rl_deploy_v2/deploy/install/legged_system/include/oneapi/tbb/detail/_scoped_lock.h
-- Installing: /home/suzumiyaharuhi/rl_deploy_v2/deploy/install/legged_system/include/oneapi/tbb/detail/_export.h
-- Installing: /home/suzumiyaharuhi/rl_deploy_v2/deploy/install/legged_system/include/oneapi/tbb/detail/_flow_graph_join_impl.h
-- Installing: /home/suzumiyaharuhi/rl_deploy_v2/deploy/install/legged_system/include/oneapi/tbb/detail/_flow_graph_node_impl.h
-- Installing: /home/suzumiyaharuhi/rl_deploy_v2/deploy/install/legged_system/include/oneapi/tbb/detail/_flow_graph_types_impl.h
-- Installing: /home/suzumiyaharuhi/rl_deploy_v2/deploy/install/legged_system/include/oneapi/tbb/detail/_task.h
-- Installing: /home/suzumiyaharuhi/rl_deploy_v2/deploy/install/legged_system/include/oneapi/tbb/detail/_pipeline_filters_deduction.h
-- Installing: /home/suzumiyaharuhi/rl_deploy_v2/deploy/install/legged_system/include/oneapi/tbb/detail/_segment_table.h
-- Installing: /home/suzumiyaharuhi/rl_deploy_v2/deploy/install/legged_system/include/oneapi/tbb/detail/_flow_graph_tagged_buffer_impl.h
-- Installing: /home/suzumiyaharuhi/rl_deploy_v2/deploy/install/legged_system/include/oneapi/tbb/detail/_flow_graph_nodes_deduction.h
-- Installing: /home/suzumiyaharuhi/rl_deploy_v2/deploy/install/legged_system/include/oneapi/tbb/detail/_containers_helpers.h
-- Installing: /home/suzumiyaharuhi/rl_deploy_v2/deploy/install/legged_system/include/oneapi/tbb/detail/_flow_graph_indexer_impl.h
-- Installing: /home/suzumiyaharuhi/rl_deploy_v2/deploy/install/legged_system/include/oneapi/tbb/detail/_allocator_traits.h
-- Installing: /home/suzumiyaharuhi/rl_deploy_v2/deploy/install/legged_system/include/oneapi/tbb/detail/_flow_graph_trace_impl.h
-- Installing: /home/suzumiyaharuhi/rl_deploy_v2/deploy/install/legged_system/include/oneapi/tbb/detail/_concurrent_unordered_base.h
-- Installing: /home/suzumiyaharuhi/rl_deploy_v2/deploy/install/legged_system/include/oneapi/tbb/detail/_config.h
-- Installing: /home/suzumiyaharuhi/rl_deploy_v2/deploy/install/legged_system/include/oneapi/tbb/detail/_template_helpers.h
-- Installing: /home/suzumiyaharuhi/rl_deploy_v2/deploy/install/legged_system/include/oneapi/tbb/detail/_rtm_mutex.h
-- Installing: /home/suzumiyaharuhi/rl_deploy_v2/deploy/install/legged_system/include/oneapi/tbb/detail/_intrusive_list_node.h
-- Installing: /home/suzumiyaharuhi/rl_deploy_v2/deploy/install/legged_system/include/oneapi/tbb/detail/_node_handle.h
-- Installing: /home/suzumiyaharuhi/rl_deploy_v2/deploy/install/legged_system/include/oneapi/tbb/detail/_concurrent_queue_base.h
-- Installing: /home/suzumiyaharuhi/rl_deploy_v2/deploy/install/legged_system/include/oneapi/tbb/concurrent_unordered_map.h
-- Installing: /home/suzumiyaharuhi/rl_deploy_v2/deploy/install/legged_system/include/oneapi/tbb/global_control.h
-- Installing: /home/suzumiyaharuhi/rl_deploy_v2/deploy/install/legged_system/include/oneapi/tbb/combinable.h
-- Installing: /home/suzumiyaharuhi/rl_deploy_v2/deploy/install/legged_system/include/oneapi/tbb/queuing_rw_mutex.h
-- Installing: /home/suzumiyaharuhi/rl_deploy_v2/deploy/install/legged_system/include/oneapi/tbb/parallel_invoke.h
-- Installing: /home/suzumiyaharuhi/rl_deploy_v2/deploy/install/legged_system/include/oneapi/tbb/task_scheduler_observer.h
-- Installing: /home/suzumiyaharuhi/rl_deploy_v2/deploy/install/legged_system/include/oneapi/tbb/tick_count.h
-- Installing: /home/suzumiyaharuhi/rl_deploy_v2/deploy/install/legged_system/include/oneapi/tbb/scalable_allocator.h
-- Installing: /home/suzumiyaharuhi/rl_deploy_v2/deploy/install/legged_system/include/oneapi/tbb/spin_mutex.h
-- Installing: /home/suzumiyaharuhi/rl_deploy_v2/deploy/install/legged_system/include/oneapi/tbb/blocked_rangeNd.h
-- Installing: /home/suzumiyaharuhi/rl_deploy_v2/deploy/install/legged_system/include/oneapi/tbb/version.h
-- Installing: /home/suzumiyaharuhi/rl_deploy_v2/deploy/install/legged_system/include/oneapi/tbb/parallel_sort.h
-- Installing: /home/suzumiyaharuhi/rl_deploy_v2/deploy/install/legged_system/include/oneapi/tbb.h
-- Installing: /home/suzumiyaharuhi/rl_deploy_v2/deploy/install/legged_system/lib/cmake/TBB/TBBTargets.cmake
-- Installing: /home/suzumiyaharuhi/rl_deploy_v2/deploy/install/legged_system/lib/cmake/TBB/TBBConfig.cmake
-- Installing: /home/suzumiyaharuhi/rl_deploy_v2/deploy/install/legged_system/lib/cmake/TBB/TBBConfigVersion.cmake
-- Installing: /home/suzumiyaharuhi/rl_deploy_v2/deploy/install/legged_system/share/doc/TBB/README.md
-- Installing: /home/suzumiyaharuhi/rl_deploy_v2/deploy/install/legged_system/lib/libtbb.so.12.13
-- Installing: /home/suzumiyaharuhi/rl_deploy_v2/deploy/install/legged_system/lib/libtbb.so.12
-- Installing: /home/suzumiyaharuhi/rl_deploy_v2/deploy/install/legged_system/lib/libtbb.so
-- Installing: /home/suzumiyaharuhi/rl_deploy_v2/deploy/install/legged_system/lib/pkgconfig/tbb.pc
-- Installing: /home/suzumiyaharuhi/rl_deploy_v2/deploy/install/legged_system/lib/libtbbmalloc.so.2.13
-- Installing: /home/suzumiyaharuhi/rl_deploy_v2/deploy/install/legged_system/lib/libtbbmalloc.so.2
-- Installing: /home/suzumiyaharuhi/rl_deploy_v2/deploy/install/legged_system/lib/libtbbmalloc.so
-- Installing: /home/suzumiyaharuhi/rl_deploy_v2/deploy/install/legged_system/lib/libtbbmalloc_proxy.so.2.13
-- Installing: /home/suzumiyaharuhi/rl_deploy_v2/deploy/install/legged_system/lib/libtbbmalloc_proxy.so.2
-- Set runtime path of "/home/suzumiyaharuhi/rl_deploy_v2/deploy/install/legged_system/lib/libtbbmalloc_proxy.so.2.13" to ""
-- Installing: /home/suzumiyaharuhi/rl_deploy_v2/deploy/install/legged_system/lib/libtbbmalloc_proxy.so
-- Installing: /home/suzumiyaharuhi/rl_deploy_v2/deploy/install/legged_system/lib/libtbbbind_2_5.so.3.13
-- Installing: /home/suzumiyaharuhi/rl_deploy_v2/deploy/install/legged_system/lib/libtbbbind_2_5.so.3
-- Installing: /home/suzumiyaharuhi/rl_deploy_v2/deploy/install/legged_system/lib/libtbbbind_2_5.so
-- Installing: /home/suzumiyaharuhi/rl_deploy_v2/deploy/install/legged_system/include/cpptoml.h
-- Installing: /home/suzumiyaharuhi/rl_deploy_v2/deploy/install/legged_system/lib/cmake/cpptoml/cpptomlTargets.cmake
-- Installing: /home/suzumiyaharuhi/rl_deploy_v2/deploy/install/legged_system/lib/cmake/cpptoml/cpptomlConfigVersion.cmake
-- Installing: /home/suzumiyaharuhi/rl_deploy_v2/deploy/install/legged_system/lib/cmake/cpptoml/cpptomlConfig.cmake
-- Installing: /home/suzumiyaharuhi/rl_deploy_v2/deploy/install/legged_system/share/doc/iceoryx/FAQ.md
-- Installing: /home/suzumiyaharuhi/rl_deploy_v2/deploy/install/legged_system/share/doc/iceoryx/overview.md
-- Installing: /home/suzumiyaharuhi/rl_deploy_v2/deploy/install/legged_system/share/doc/iceoryx/installation-guide-for-contributors.md
-- Installing: /home/suzumiyaharuhi/rl_deploy_v2/deploy/install/legged_system/share/doc/iceoryx/LICENSE
-- Installing: /home/suzumiyaharuhi/rl_deploy_v2/deploy/install/legged_system/share/doc/iceoryx/NOTICE.md
-- Installing: /home/suzumiyaharuhi/rl_deploy_v2/deploy/install/legged_system/share/doc/iceoryx/README.md
-- Installing: /home/suzumiyaharuhi/rl_deploy_v2/deploy/install/legged_system/share/doc/iceoryx/3rd_party_licenses
-- Installing: /home/suzumiyaharuhi/rl_deploy_v2/deploy/install/legged_system/share/doc/iceoryx/3rd_party_licenses/googletest
-- Installing: /home/suzumiyaharuhi/rl_deploy_v2/deploy/install/legged_system/share/doc/iceoryx/3rd_party_licenses/googletest/LICENSE
-- Installing: /home/suzumiyaharuhi/rl_deploy_v2/deploy/install/legged_system/share/doc/iceoryx/release-notes
-- Installing: /home/suzumiyaharuhi/rl_deploy_v2/deploy/install/legged_system/share/doc/iceoryx/release-notes/iceoryx-v2-0-4.md
-- Installing: /home/suzumiyaharuhi/rl_deploy_v2/deploy/install/legged_system/share/doc/iceoryx/release-notes/iceoryx-v1-0-2.md
-- Installing: /home/suzumiyaharuhi/rl_deploy_v2/deploy/install/legged_system/share/doc/iceoryx/release-notes/iceoryx-v1-0-0.md
-- Installing: /home/suzumiyaharuhi/rl_deploy_v2/deploy/install/legged_system/share/doc/iceoryx/release-notes/iceoryx-v2-0-1.md
-- Installing: /home/suzumiyaharuhi/rl_deploy_v2/deploy/install/legged_system/share/doc/iceoryx/release-notes/iceoryx-v2-0-5.md
-- Installing: /home/suzumiyaharuhi/rl_deploy_v2/deploy/install/legged_system/share/doc/iceoryx/release-notes/iceoryx-v2-0-3.md
-- Installing: /home/suzumiyaharuhi/rl_deploy_v2/deploy/install/legged_system/share/doc/iceoryx/release-notes/.pages
-- Installing: /home/suzumiyaharuhi/rl_deploy_v2/deploy/install/legged_system/share/doc/iceoryx/release-notes/iceoryx-unreleased.md
-- Installing: /home/suzumiyaharuhi/rl_deploy_v2/deploy/install/legged_system/share/doc/iceoryx/release-notes/iceoryx-v2-0-2.md
-- Installing: /home/suzumiyaharuhi/rl_deploy_v2/deploy/install/legged_system/share/doc/iceoryx/release-notes/iceoryx-v1-0-1.md
-- Installing: /home/suzumiyaharuhi/rl_deploy_v2/deploy/install/legged_system/share/doc/iceoryx/release-notes/iceoryx-v2-0-0.md
-- Installing: /home/suzumiyaharuhi/rl_deploy_v2/deploy/install/legged_system/share/doc/iceoryx/release-notes/iceoryx-v2-0-6.md
-- Installing: /home/suzumiyaharuhi/rl_deploy_v2/deploy/install/legged_system/include/iceoryx/v0.1.0/iceoryx_versions.h
-- Installing: /home/suzumiyaharuhi/rl_deploy_v2/deploy/install/legged_system/share/doc/iceoryx_platform/LICENSE
-- Installing: /home/suzumiyaharuhi/rl_deploy_v2/deploy/install/legged_system/lib/libiceoryx_platform.a
-- Up-to-date: /home/suzumiyaharuhi/rl_deploy_v2/deploy/install/legged_system/include/iceoryx/v0.1.0
-- Installing: /home/suzumiyaharuhi/rl_deploy_v2/deploy/install/legged_system/include/iceoryx/v0.1.0/iceoryx_platform
-- Installing: /home/suzumiyaharuhi/rl_deploy_v2/deploy/install/legged_system/include/iceoryx/v0.1.0/iceoryx_platform/acl.hpp
-- Installing: /home/suzumiyaharuhi/rl_deploy_v2/deploy/install/legged_system/include/iceoryx/v0.1.0/iceoryx_platform/string.hpp
-- Installing: /home/suzumiyaharuhi/rl_deploy_v2/deploy/install/legged_system/include/iceoryx/v0.1.0/iceoryx_platform/stdlib.hpp
-- Installing: /home/suzumiyaharuhi/rl_deploy_v2/deploy/install/legged_system/include/iceoryx/v0.1.0/iceoryx_platform/atomic.hpp
-- Installing: /home/suzumiyaharuhi/rl_deploy_v2/deploy/install/legged_system/include/iceoryx/v0.1.0/iceoryx_platform/logging.hpp
-- Installing: /home/suzumiyaharuhi/rl_deploy_v2/deploy/install/legged_system/include/iceoryx/v0.1.0/iceoryx_platform/generic
-- Installing: /home/suzumiyaharuhi/rl_deploy_v2/deploy/install/legged_system/include/iceoryx/v0.1.0/iceoryx_platform/generic/acl.hpp
-- Installing: /home/suzumiyaharuhi/rl_deploy_v2/deploy/install/legged_system/include/iceoryx/v0.1.0/iceoryx_platform/generic/string.hpp
-- Installing: /home/suzumiyaharuhi/rl_deploy_v2/deploy/install/legged_system/include/iceoryx/v0.1.0/iceoryx_platform/generic/stdlib.hpp
-- Installing: /home/suzumiyaharuhi/rl_deploy_v2/deploy/install/legged_system/include/iceoryx/v0.1.0/iceoryx_versions.hpp
-- Up-to-date: /home/suzumiyaharuhi/rl_deploy_v2/deploy/install/legged_system/include/iceoryx/v0.1.0
-- Up-to-date: /home/suzumiyaharuhi/rl_deploy_v2/deploy/install/legged_system/include/iceoryx/v0.1.0/iceoryx_platform
-- Installing: /home/suzumiyaharuhi/rl_deploy_v2/deploy/install/legged_system/include/iceoryx/v0.1.0/iceoryx_platform/stdio.hpp
-- Installing: /home/suzumiyaharuhi/rl_deploy_v2/deploy/install/legged_system/include/iceoryx/v0.1.0/iceoryx_platform/inet.hpp
-- Installing: /home/suzumiyaharuhi/rl_deploy_v2/deploy/install/legged_system/include/iceoryx/v0.1.0/iceoryx_platform/signal.hpp
-- Installing: /home/suzumiyaharuhi/rl_deploy_v2/deploy/install/legged_system/include/iceoryx/v0.1.0/iceoryx_platform/time.hpp
-- Installing: /home/suzumiyaharuhi/rl_deploy_v2/deploy/install/legged_system/include/iceoryx/v0.1.0/iceoryx_platform/resource.hpp
-- Installing: /home/suzumiyaharuhi/rl_deploy_v2/deploy/install/legged_system/include/iceoryx/v0.1.0/iceoryx_platform/file.hpp
-- Installing: /home/suzumiyaharuhi/rl_deploy_v2/deploy/install/legged_system/include/iceoryx/v0.1.0/iceoryx_platform/dlfcn.hpp
-- Installing: /home/suzumiyaharuhi/rl_deploy_v2/deploy/install/legged_system/include/iceoryx/v0.1.0/iceoryx_platform/fcntl.hpp
-- Installing: /home/suzumiyaharuhi/rl_deploy_v2/deploy/install/legged_system/include/iceoryx/v0.1.0/iceoryx_platform/errno.hpp
-- Installing: /home/suzumiyaharuhi/rl_deploy_v2/deploy/install/legged_system/include/iceoryx/v0.1.0/iceoryx_platform/un.hpp
-- Installing: /home/suzumiyaharuhi/rl_deploy_v2/deploy/install/legged_system/include/iceoryx/v0.1.0/iceoryx_platform/wait.hpp
-- Installing: /home/suzumiyaharuhi/rl_deploy_v2/deploy/install/legged_system/include/iceoryx/v0.1.0/iceoryx_platform/unistd.hpp
-- Installing: /home/suzumiyaharuhi/rl_deploy_v2/deploy/install/legged_system/include/iceoryx/v0.1.0/iceoryx_platform/pthread.hpp
-- Installing: /home/suzumiyaharuhi/rl_deploy_v2/deploy/install/legged_system/include/iceoryx/v0.1.0/iceoryx_platform/types.hpp
-- Installing: /home/suzumiyaharuhi/rl_deploy_v2/deploy/install/legged_system/include/iceoryx/v0.1.0/iceoryx_platform/socket.hpp
-- Installing: /home/suzumiyaharuhi/rl_deploy_v2/deploy/install/legged_system/include/iceoryx/v0.1.0/iceoryx_platform/stat.hpp
-- Installing: /home/suzumiyaharuhi/rl_deploy_v2/deploy/install/legged_system/include/iceoryx/v0.1.0/iceoryx_platform/getopt.hpp
-- Installing: /home/suzumiyaharuhi/rl_deploy_v2/deploy/install/legged_system/include/iceoryx/v0.1.0/iceoryx_platform/platform_correction.hpp
-- Installing: /home/suzumiyaharuhi/rl_deploy_v2/deploy/install/legged_system/include/iceoryx/v0.1.0/iceoryx_platform/semaphore.hpp
-- Installing: /home/suzumiyaharuhi/rl_deploy_v2/deploy/install/legged_system/include/iceoryx/v0.1.0/iceoryx_platform/pwd.hpp
-- Installing: /home/suzumiyaharuhi/rl_deploy_v2/deploy/install/legged_system/include/iceoryx/v0.1.0/iceoryx_platform/grp.hpp
-- Installing: /home/suzumiyaharuhi/rl_deploy_v2/deploy/install/legged_system/include/iceoryx/v0.1.0/iceoryx_platform/sched.hpp
-- Installing: /home/suzumiyaharuhi/rl_deploy_v2/deploy/install/legged_system/include/iceoryx/v0.1.0/iceoryx_platform/mqueue.hpp
-- Installing: /home/suzumiyaharuhi/rl_deploy_v2/deploy/install/legged_system/include/iceoryx/v0.1.0/iceoryx_platform/mman.hpp
-- Installing: /home/suzumiyaharuhi/rl_deploy_v2/deploy/install/legged_system/lib/cmake/iceoryx_platform/iceoryx_platformConfigVersion.cmake
-- Installing: /home/suzumiyaharuhi/rl_deploy_v2/deploy/install/legged_system/lib/cmake/iceoryx_platform/iceoryx_platformConfig.cmake
-- Installing: /home/suzumiyaharuhi/rl_deploy_v2/deploy/install/legged_system/lib/cmake/iceoryx_platform/iceoryx_platformTargets.cmake
-- Installing: /home/suzumiyaharuhi/rl_deploy_v2/deploy/install/legged_system/include/iceoryx/v0.1.0/iceoryx_platform/platform_settings.hpp
-- Installing: /home/suzumiyaharuhi/rl_deploy_v2/deploy/install/legged_system/lib/cmake/iceoryx_platform/IceoryxConfigureOptionMacro.cmake
-- Installing: /home/suzumiyaharuhi/rl_deploy_v2/deploy/install/legged_system/lib/cmake/iceoryx_platform/IceoryxPackageHelper.cmake
-- Installing: /home/suzumiyaharuhi/rl_deploy_v2/deploy/install/legged_system/lib/cmake/iceoryx_platform/IceoryxPlatform.cmake
-- Installing: /home/suzumiyaharuhi/rl_deploy_v2/deploy/install/legged_system/lib/cmake/iceoryx_platform/IceoryxVersion.cmake
-- Installing: /home/suzumiyaharuhi/rl_deploy_v2/deploy/install/legged_system/lib/cmake/iceoryx_platform/IceoryxPlatformSettings.cmake
-- Installing: /home/suzumiyaharuhi/rl_deploy_v2/deploy/install/legged_system/share/doc/iceoryx_hoofs/LICENSE
-- Installing: /home/suzumiyaharuhi/rl_deploy_v2/deploy/install/legged_system/lib/libiceoryx_hoofs.a
-- Up-to-date: /home/suzumiyaharuhi/rl_deploy_v2/deploy/install/legged_system/include/iceoryx/v0.1.0
-- Installing: /home/suzumiyaharuhi/rl_deploy_v2/deploy/install/legged_system/include/iceoryx/v0.1.0/iox
-- Installing: /home/suzumiyaharuhi/rl_deploy_v2/deploy/install/legged_system/include/iceoryx/v0.1.0/iox/stack.hpp
-- Installing: /home/suzumiyaharuhi/rl_deploy_v2/deploy/install/legged_system/include/iceoryx/v0.1.0/iox/buffer_info.hpp
-- Installing: /home/suzumiyaharuhi/rl_deploy_v2/deploy/install/legged_system/include/iceoryx/v0.1.0/iox/detail
-- Installing: /home/suzumiyaharuhi/rl_deploy_v2/deploy/install/legged_system/include/iceoryx/v0.1.0/iox/detail/stack.inl
-- Up-to-date: /home/suzumiyaharuhi/rl_deploy_v2/deploy/install/legged_system/include/iceoryx/v0.1.0
-- Up-to-date: /home/suzumiyaharuhi/rl_deploy_v2/deploy/install/legged_system/include/iceoryx/v0.1.0/iox
-- Installing: /home/suzumiyaharuhi/rl_deploy_v2/deploy/install/legged_system/include/iceoryx/v0.1.0/iox/cli
-- Installing: /home/suzumiyaharuhi/rl_deploy_v2/deploy/install/legged_system/include/iceoryx/v0.1.0/iox/cli/option_definition.hpp
-- Installing: /home/suzumiyaharuhi/rl_deploy_v2/deploy/install/legged_system/include/iceoryx/v0.1.0/iox/cli/arguments.hpp
-- Installing: /home/suzumiyaharuhi/rl_deploy_v2/deploy/install/legged_system/include/iceoryx/v0.1.0/iox/cli/option_manager.hpp
-- Installing: /home/suzumiyaharuhi/rl_deploy_v2/deploy/install/legged_system/include/iceoryx/v0.1.0/iox/cli/types.hpp
-- Installing: /home/suzumiyaharuhi/rl_deploy_v2/deploy/install/legged_system/include/iceoryx/v0.1.0/iox/cli/option_manager.inl
-- Installing: /home/suzumiyaharuhi/rl_deploy_v2/deploy/install/legged_system/include/iceoryx/v0.1.0/iox/cli/command_line_parser.hpp
-- Installing: /home/suzumiyaharuhi/rl_deploy_v2/deploy/install/legged_system/include/iceoryx/v0.1.0/iox/cli/arguments.inl
-- Installing: /home/suzumiyaharuhi/rl_deploy_v2/deploy/install/legged_system/include/iceoryx/v0.1.0/iox/cli/option.hpp
-- Installing: /home/suzumiyaharuhi/rl_deploy_v2/deploy/install/legged_system/include/iceoryx/v0.1.0/iox/cli_definition.hpp
-- Up-to-date: /home/suzumiyaharuhi/rl_deploy_v2/deploy/install/legged_system/include/iceoryx/v0.1.0
-- Up-to-date: /home/suzumiyaharuhi/rl_deploy_v2/deploy/install/legged_system/include/iceoryx/v0.1.0/iox
-- Up-to-date: /home/suzumiyaharuhi/rl_deploy_v2/deploy/install/legged_system/include/iceoryx/v0.1.0/iox/detail
-- Installing: /home/suzumiyaharuhi/rl_deploy_v2/deploy/install/legged_system/include/iceoryx/v0.1.0/iox/detail/mpmc_loffli.inl
-- Installing: /home/suzumiyaharuhi/rl_deploy_v2/deploy/install/legged_system/include/iceoryx/v0.1.0/iox/detail/mpmc_loffli.hpp
-- Installing: /home/suzumiyaharuhi/rl_deploy_v2/deploy/install/legged_system/include/iceoryx/v0.1.0/iox/detail/mpmc_resizeable_lockfree_queue.hpp
-- Installing: /home/suzumiyaharuhi/rl_deploy_v2/deploy/install/legged_system/include/iceoryx/v0.1.0/iox/detail/spsc_fifo.inl
-- Installing: /home/suzumiyaharuhi/rl_deploy_v2/deploy/install/legged_system/include/iceoryx/v0.1.0/iox/detail/mpmc_lockfree_queue.hpp
-- Installing: /home/suzumiyaharuhi/rl_deploy_v2/deploy/install/legged_system/include/iceoryx/v0.1.0/iox/detail/mpmc_lockfree_queue
-- Installing: /home/suzumiyaharuhi/rl_deploy_v2/deploy/install/legged_system/include/iceoryx/v0.1.0/iox/detail/mpmc_lockfree_queue/mpmc_index_queue.inl
-- Installing: /home/suzumiyaharuhi/rl_deploy_v2/deploy/install/legged_system/include/iceoryx/v0.1.0/iox/detail/mpmc_lockfree_queue/cyclic_index.hpp
-- Installing: /home/suzumiyaharuhi/rl_deploy_v2/deploy/install/legged_system/include/iceoryx/v0.1.0/iox/detail/mpmc_lockfree_queue/mpmc_lockfree_queue.inl
-- Installing: /home/suzumiyaharuhi/rl_deploy_v2/deploy/install/legged_system/include/iceoryx/v0.1.0/iox/detail/mpmc_lockfree_queue/cyclic_index.inl
-- Installing: /home/suzumiyaharuhi/rl_deploy_v2/deploy/install/legged_system/include/iceoryx/v0.1.0/iox/detail/mpmc_lockfree_queue/mpmc_resizeable_lockfree_queue.inl
-- Installing: /home/suzumiyaharuhi/rl_deploy_v2/deploy/install/legged_system/include/iceoryx/v0.1.0/iox/detail/mpmc_lockfree_queue/mpmc_index_queue.hpp
-- Installing: /home/suzumiyaharuhi/rl_deploy_v2/deploy/install/legged_system/include/iceoryx/v0.1.0/iox/detail/spsc_sofi.inl
-- Installing: /home/suzumiyaharuhi/rl_deploy_v2/deploy/install/legged_system/include/iceoryx/v0.1.0/iox/detail/spsc_fifo.hpp
-- Installing: /home/suzumiyaharuhi/rl_deploy_v2/deploy/install/legged_system/include/iceoryx/v0.1.0/iox/detail/spsc_sofi.hpp
-- Up-to-date: /home/suzumiyaharuhi/rl_deploy_v2/deploy/install/legged_system/include/iceoryx/v0.1.0
-- Up-to-date: /home/suzumiyaharuhi/rl_deploy_v2/deploy/install/legged_system/include/iceoryx/v0.1.0/iox
-- Installing: /home/suzumiyaharuhi/rl_deploy_v2/deploy/install/legged_system/include/iceoryx/v0.1.0/iox/spin_lock.hpp
-- Installing: /home/suzumiyaharuhi/rl_deploy_v2/deploy/install/legged_system/include/iceoryx/v0.1.0/iox/atomic.hpp
-- Installing: /home/suzumiyaharuhi/rl_deploy_v2/deploy/install/legged_system/include/iceoryx/v0.1.0/iox/smart_lock.hpp
-- Installing: /home/suzumiyaharuhi/rl_deploy_v2/deploy/install/legged_system/include/iceoryx/v0.1.0/iox/spin_semaphore.hpp
-- Up-to-date: /home/suzumiyaharuhi/rl_deploy_v2/deploy/install/legged_system/include/iceoryx/v0.1.0/iox/detail
-- Installing: /home/suzumiyaharuhi/rl_deploy_v2/deploy/install/legged_system/include/iceoryx/v0.1.0/iox/detail/periodic_task.inl
-- Installing: /home/suzumiyaharuhi/rl_deploy_v2/deploy/install/legged_system/include/iceoryx/v0.1.0/iox/detail/periodic_task.hpp
-- Installing: /home/suzumiyaharuhi/rl_deploy_v2/deploy/install/legged_system/include/iceoryx/v0.1.0/iox/detail/smart_lock.inl
-- Up-to-date: /home/suzumiyaharuhi/rl_deploy_v2/deploy/install/legged_system/include/iceoryx/v0.1.0
-- Up-to-date: /home/suzumiyaharuhi/rl_deploy_v2/deploy/install/legged_system/include/iceoryx/v0.1.0/iox
-- Installing: /home/suzumiyaharuhi/rl_deploy_v2/deploy/install/legged_system/include/iceoryx/v0.1.0/iox/vector.hpp
-- Installing: /home/suzumiyaharuhi/rl_deploy_v2/deploy/install/legged_system/include/iceoryx/v0.1.0/iox/forward_list.hpp
-- Installing: /home/suzumiyaharuhi/rl_deploy_v2/deploy/install/legged_system/include/iceoryx/v0.1.0/iox/uninitialized_array.hpp
-- Installing: /home/suzumiyaharuhi/rl_deploy_v2/deploy/install/legged_system/include/iceoryx/v0.1.0/iox/fixed_position_container.hpp
-- Installing: /home/suzumiyaharuhi/rl_deploy_v2/deploy/install/legged_system/include/iceoryx/v0.1.0/iox/list.hpp
-- Up-to-date: /home/suzumiyaharuhi/rl_deploy_v2/deploy/install/legged_system/include/iceoryx/v0.1.0/iox/detail
-- Installing: /home/suzumiyaharuhi/rl_deploy_v2/deploy/install/legged_system/include/iceoryx/v0.1.0/iox/detail/vector.inl
-- Installing: /home/suzumiyaharuhi/rl_deploy_v2/deploy/install/legged_system/include/iceoryx/v0.1.0/iox/detail/list.inl
-- Installing: /home/suzumiyaharuhi/rl_deploy_v2/deploy/install/legged_system/include/iceoryx/v0.1.0/iox/detail/fixed_position_container.inl
-- Installing: /home/suzumiyaharuhi/rl_deploy_v2/deploy/install/legged_system/include/iceoryx/v0.1.0/iox/detail/uninitialized_array_type_traits.hpp
-- Installing: /home/suzumiyaharuhi/rl_deploy_v2/deploy/install/legged_system/include/iceoryx/v0.1.0/iox/detail/uninitialized_array.inl
-- Installing: /home/suzumiyaharuhi/rl_deploy_v2/deploy/install/legged_system/include/iceoryx/v0.1.0/iox/detail/forward_list.inl
-- Up-to-date: /home/suzumiyaharuhi/rl_deploy_v2/deploy/install/legged_system/include/iceoryx/v0.1.0
-- Up-to-date: /home/suzumiyaharuhi/rl_deploy_v2/deploy/install/legged_system/include/iceoryx/v0.1.0/iox
-- Installing: /home/suzumiyaharuhi/rl_deploy_v2/deploy/install/legged_system/include/iceoryx/v0.1.0/iox/lock_interface.hpp
-- Installing: /home/suzumiyaharuhi/rl_deploy_v2/deploy/install/legged_system/include/iceoryx/v0.1.0/iox/static_lifetime_guard.hpp
-- Installing: /home/suzumiyaharuhi/rl_deploy_v2/deploy/install/legged_system/include/iceoryx/v0.1.0/iox/builder.hpp
-- Installing: /home/suzumiyaharuhi/rl_deploy_v2/deploy/install/legged_system/include/iceoryx/v0.1.0/iox/functional_interface.hpp
-- Installing: /home/suzumiyaharuhi/rl_deploy_v2/deploy/install/legged_system/include/iceoryx/v0.1.0/iox/newtype.hpp
-- Installing: /home/suzumiyaharuhi/rl_deploy_v2/deploy/install/legged_system/include/iceoryx/v0.1.0/iox/polymorphic_handler.hpp
-- Installing: /home/suzumiyaharuhi/rl_deploy_v2/deploy/install/legged_system/include/iceoryx/v0.1.0/iox/semaphore_interface.hpp
-- Up-to-date: /home/suzumiyaharuhi/rl_deploy_v2/deploy/install/legged_system/include/iceoryx/v0.1.0/iox/detail
-- Installing: /home/suzumiyaharuhi/rl_deploy_v2/deploy/install/legged_system/include/iceoryx/v0.1.0/iox/detail/static_lifetime_guard.inl
-- Installing: /home/suzumiyaharuhi/rl_deploy_v2/deploy/install/legged_system/include/iceoryx/v0.1.0/iox/detail/newtype.inl
-- Installing: /home/suzumiyaharuhi/rl_deploy_v2/deploy/install/legged_system/include/iceoryx/v0.1.0/iox/detail/move_and_copy_helper.inl
-- Installing: /home/suzumiyaharuhi/rl_deploy_v2/deploy/install/legged_system/include/iceoryx/v0.1.0/iox/detail/newtype
-- Installing: /home/suzumiyaharuhi/rl_deploy_v2/deploy/install/legged_system/include/iceoryx/v0.1.0/iox/detail/newtype/incrementable.hpp
-- Installing: /home/suzumiyaharuhi/rl_deploy_v2/deploy/install/legged_system/include/iceoryx/v0.1.0/iox/detail/newtype/comparable.hpp
-- Installing: /home/suzumiyaharuhi/rl_deploy_v2/deploy/install/legged_system/include/iceoryx/v0.1.0/iox/detail/newtype/internal.hpp
-- Installing: /home/suzumiyaharuhi/rl_deploy_v2/deploy/install/legged_system/include/iceoryx/v0.1.0/iox/detail/newtype/arithmetic.hpp
-- Installing: /home/suzumiyaharuhi/rl_deploy_v2/deploy/install/legged_system/include/iceoryx/v0.1.0/iox/detail/newtype/decrementable.hpp
-- Installing: /home/suzumiyaharuhi/rl_deploy_v2/deploy/install/legged_system/include/iceoryx/v0.1.0/iox/detail/newtype/protected_constructor.hpp
-- Installing: /home/suzumiyaharuhi/rl_deploy_v2/deploy/install/legged_system/include/iceoryx/v0.1.0/iox/detail/newtype/constructor.hpp
-- Installing: /home/suzumiyaharuhi/rl_deploy_v2/deploy/install/legged_system/include/iceoryx/v0.1.0/iox/detail/newtype/assignment.hpp
-- Installing: /home/suzumiyaharuhi/rl_deploy_v2/deploy/install/legged_system/include/iceoryx/v0.1.0/iox/detail/newtype/sortable.hpp
-- Installing: /home/suzumiyaharuhi/rl_deploy_v2/deploy/install/legged_system/include/iceoryx/v0.1.0/iox/detail/newtype/convertable.hpp
-- Installing: /home/suzumiyaharuhi/rl_deploy_v2/deploy/install/legged_system/include/iceoryx/v0.1.0/iox/detail/functional_interface.inl
-- Installing: /home/suzumiyaharuhi/rl_deploy_v2/deploy/install/legged_system/include/iceoryx/v0.1.0/iox/detail/polymorphic_handler.inl
-- Installing: /home/suzumiyaharuhi/rl_deploy_v2/deploy/install/legged_system/include/iceoryx/v0.1.0/iox/move_and_copy_helper.hpp
-- Up-to-date: /home/suzumiyaharuhi/rl_deploy_v2/deploy/install/legged_system/include/iceoryx/v0.1.0
-- Up-to-date: /home/suzumiyaharuhi/rl_deploy_v2/deploy/install/legged_system/include/iceoryx/v0.1.0/iox
-- Installing: /home/suzumiyaharuhi/rl_deploy_v2/deploy/install/legged_system/include/iceoryx/v0.1.0/iox/filesystem.hpp
-- Up-to-date: /home/suzumiyaharuhi/rl_deploy_v2/deploy/install/legged_system/include/iceoryx/v0.1.0/iox/detail
-- Installing: /home/suzumiyaharuhi/rl_deploy_v2/deploy/install/legged_system/include/iceoryx/v0.1.0/iox/detail/filesystem.inl
-- Installing: /home/suzumiyaharuhi/rl_deploy_v2/deploy/install/legged_system/include/iceoryx/v0.1.0/iox/file_reader.hpp
-- Up-to-date: /home/suzumiyaharuhi/rl_deploy_v2/deploy/install/legged_system/include/iceoryx/v0.1.0
-- Up-to-date: /home/suzumiyaharuhi/rl_deploy_v2/deploy/install/legged_system/include/iceoryx/v0.1.0/iox
-- Up-to-date: /home/suzumiyaharuhi/rl_deploy_v2/deploy/install/legged_system/include/iceoryx/v0.1.0/iox/detail
-- Installing: /home/suzumiyaharuhi/rl_deploy_v2/deploy/install/legged_system/include/iceoryx/v0.1.0/iox/detail/storable_function.hpp
-- Installing: /home/suzumiyaharuhi/rl_deploy_v2/deploy/install/legged_system/include/iceoryx/v0.1.0/iox/detail/storable_function.inl
-- Installing: /home/suzumiyaharuhi/rl_deploy_v2/deploy/install/legged_system/include/iceoryx/v0.1.0/iox/detail/function_ref.inl
-- Installing: /home/suzumiyaharuhi/rl_deploy_v2/deploy/install/legged_system/include/iceoryx/v0.1.0/iox/function_ref.hpp
-- Installing: /home/suzumiyaharuhi/rl_deploy_v2/deploy/install/legged_system/include/iceoryx/v0.1.0/iox/function.hpp
-- Up-to-date: /home/suzumiyaharuhi/rl_deploy_v2/deploy/install/legged_system/include/iceoryx/v0.1.0
-- Up-to-date: /home/suzumiyaharuhi/rl_deploy_v2/deploy/install/legged_system/include/iceoryx/v0.1.0/iox
-- Installing: /home/suzumiyaharuhi/rl_deploy_v2/deploy/install/legged_system/include/iceoryx/v0.1.0/iox/bump_allocator.hpp
-- Installing: /home/suzumiyaharuhi/rl_deploy_v2/deploy/install/legged_system/include/iceoryx/v0.1.0/iox/scope_guard.hpp
-- Up-to-date: /home/suzumiyaharuhi/rl_deploy_v2/deploy/install/legged_system/include/iceoryx/v0.1.0/iox/detail
-- Installing: /home/suzumiyaharuhi/rl_deploy_v2/deploy/install/legged_system/include/iceoryx/v0.1.0/iox/detail/relative_pointer_data.inl
-- Installing: /home/suzumiyaharuhi/rl_deploy_v2/deploy/install/legged_system/include/iceoryx/v0.1.0/iox/detail/relative_pointer.inl
-- Installing: /home/suzumiyaharuhi/rl_deploy_v2/deploy/install/legged_system/include/iceoryx/v0.1.0/iox/detail/pointer_repository.hpp
-- Installing: /home/suzumiyaharuhi/rl_deploy_v2/deploy/install/legged_system/include/iceoryx/v0.1.0/iox/detail/scoped_static.inl
-- Installing: /home/suzumiyaharuhi/rl_deploy_v2/deploy/install/legged_system/include/iceoryx/v0.1.0/iox/detail/relative_pointer_data.hpp
-- Installing: /home/suzumiyaharuhi/rl_deploy_v2/deploy/install/legged_system/include/iceoryx/v0.1.0/iox/detail/unique_ptr.inl
-- Installing: /home/suzumiyaharuhi/rl_deploy_v2/deploy/install/legged_system/include/iceoryx/v0.1.0/iox/detail/relocatable_ptr.inl
-- Installing: /home/suzumiyaharuhi/rl_deploy_v2/deploy/install/legged_system/include/iceoryx/v0.1.0/iox/detail/scope_guard.inl
-- Installing: /home/suzumiyaharuhi/rl_deploy_v2/deploy/install/legged_system/include/iceoryx/v0.1.0/iox/detail/static_storage.inl
-- Installing: /home/suzumiyaharuhi/rl_deploy_v2/deploy/install/legged_system/include/iceoryx/v0.1.0/iox/detail/pointer_repository.inl
-- Installing: /home/suzumiyaharuhi/rl_deploy_v2/deploy/install/legged_system/include/iceoryx/v0.1.0/iox/detail/static_storage.hpp
-- Installing: /home/suzumiyaharuhi/rl_deploy_v2/deploy/install/legged_system/include/iceoryx/v0.1.0/iox/unique_ptr.hpp
-- Installing: /home/suzumiyaharuhi/rl_deploy_v2/deploy/install/legged_system/include/iceoryx/v0.1.0/iox/relocatable_ptr.hpp
-- Installing: /home/suzumiyaharuhi/rl_deploy_v2/deploy/install/legged_system/include/iceoryx/v0.1.0/iox/memory.hpp
-- Installing: /home/suzumiyaharuhi/rl_deploy_v2/deploy/install/legged_system/include/iceoryx/v0.1.0/iox/relative_pointer.hpp
-- Installing: /home/suzumiyaharuhi/rl_deploy_v2/deploy/install/legged_system/include/iceoryx/v0.1.0/iox/scoped_static.hpp
-- Up-to-date: /home/suzumiyaharuhi/rl_deploy_v2/deploy/install/legged_system/include/iceoryx/v0.1.0
-- Up-to-date: /home/suzumiyaharuhi/rl_deploy_v2/deploy/install/legged_system/include/iceoryx/v0.1.0/iox
-- Installing: /home/suzumiyaharuhi/rl_deploy_v2/deploy/install/legged_system/include/iceoryx/v0.1.0/iox/iceoryx_hoofs_types.hpp
-- Installing: /home/suzumiyaharuhi/rl_deploy_v2/deploy/install/legged_system/include/iceoryx/v0.1.0/iox/size.hpp
-- Installing: /home/suzumiyaharuhi/rl_deploy_v2/deploy/install/legged_system/include/iceoryx/v0.1.0/iox/algorithm.hpp
-- Installing: /home/suzumiyaharuhi/rl_deploy_v2/deploy/install/legged_system/include/iceoryx/v0.1.0/iox/type_traits.hpp
-- Up-to-date: /home/suzumiyaharuhi/rl_deploy_v2/deploy/install/legged_system/include/iceoryx/v0.1.0/iox/detail
-- Installing: /home/suzumiyaharuhi/rl_deploy_v2/deploy/install/legged_system/include/iceoryx/v0.1.0/iox/detail/algorithm.inl
-- Installing: /home/suzumiyaharuhi/rl_deploy_v2/deploy/install/legged_system/include/iceoryx/v0.1.0/iox/detail/iceoryx_hoofs_types.inl
-- Installing: /home/suzumiyaharuhi/rl_deploy_v2/deploy/install/legged_system/include/iceoryx/v0.1.0/iox/attributes.hpp
-- Up-to-date: /home/suzumiyaharuhi/rl_deploy_v2/deploy/install/legged_system/include/iceoryx/v0.1.0
-- Up-to-date: /home/suzumiyaharuhi/rl_deploy_v2/deploy/install/legged_system/include/iceoryx/v0.1.0/iox
-- Installing: /home/suzumiyaharuhi/rl_deploy_v2/deploy/install/legged_system/include/iceoryx/v0.1.0/iox/log
-- Installing: /home/suzumiyaharuhi/rl_deploy_v2/deploy/install/legged_system/include/iceoryx/v0.1.0/iox/log/logger.hpp
-- Installing: /home/suzumiyaharuhi/rl_deploy_v2/deploy/install/legged_system/include/iceoryx/v0.1.0/iox/log/logstream.hpp
-- Installing: /home/suzumiyaharuhi/rl_deploy_v2/deploy/install/legged_system/include/iceoryx/v0.1.0/iox/log/building_blocks
-- Installing: /home/suzumiyaharuhi/rl_deploy_v2/deploy/install/legged_system/include/iceoryx/v0.1.0/iox/log/building_blocks/console_logger.hpp
-- Installing: /home/suzumiyaharuhi/rl_deploy_v2/deploy/install/legged_system/include/iceoryx/v0.1.0/iox/log/building_blocks/logformat.hpp
-- Installing: /home/suzumiyaharuhi/rl_deploy_v2/deploy/install/legged_system/include/iceoryx/v0.1.0/iox/log/building_blocks/logger.hpp
-- Installing: /home/suzumiyaharuhi/rl_deploy_v2/deploy/install/legged_system/include/iceoryx/v0.1.0/iox/logging.hpp
-- Installing: /home/suzumiyaharuhi/rl_deploy_v2/deploy/install/legged_system/include/iceoryx/v0.1.0/iox/error_reporting
-- Installing: /home/suzumiyaharuhi/rl_deploy_v2/deploy/install/legged_system/include/iceoryx/v0.1.0/iox/error_reporting/error_forwarding.hpp
-- Installing: /home/suzumiyaharuhi/rl_deploy_v2/deploy/install/legged_system/include/iceoryx/v0.1.0/iox/error_reporting/source_location.hpp
-- Installing: /home/suzumiyaharuhi/rl_deploy_v2/deploy/install/legged_system/include/iceoryx/v0.1.0/iox/error_reporting/macros.hpp
-- Installing: /home/suzumiyaharuhi/rl_deploy_v2/deploy/install/legged_system/include/iceoryx/v0.1.0/iox/error_reporting/custom
-- Installing: /home/suzumiyaharuhi/rl_deploy_v2/deploy/install/legged_system/include/iceoryx/v0.1.0/iox/error_reporting/custom/default
-- Installing: /home/suzumiyaharuhi/rl_deploy_v2/deploy/install/legged_system/include/iceoryx/v0.1.0/iox/error_reporting/custom/default/error_handler_interface.hpp
-- Installing: /home/suzumiyaharuhi/rl_deploy_v2/deploy/install/legged_system/include/iceoryx/v0.1.0/iox/error_reporting/custom/default/configuration.hpp
-- Installing: /home/suzumiyaharuhi/rl_deploy_v2/deploy/install/legged_system/include/iceoryx/v0.1.0/iox/error_reporting/custom/default/error_handler.hpp
-- Installing: /home/suzumiyaharuhi/rl_deploy_v2/deploy/install/legged_system/include/iceoryx/v0.1.0/iox/error_reporting/custom/default/error_reporting_impl.hpp
-- Installing: /home/suzumiyaharuhi/rl_deploy_v2/deploy/install/legged_system/include/iceoryx/v0.1.0/iox/error_reporting/custom/default/default_error_handler.hpp
-- Installing: /home/suzumiyaharuhi/rl_deploy_v2/deploy/install/legged_system/include/iceoryx/v0.1.0/iox/error_reporting/custom/error_reporting.hpp
-- Installing: /home/suzumiyaharuhi/rl_deploy_v2/deploy/install/legged_system/include/iceoryx/v0.1.0/iox/error_reporting/custom/error_kind.hpp
-- Installing: /home/suzumiyaharuhi/rl_deploy_v2/deploy/install/legged_system/include/iceoryx/v0.1.0/iox/error_reporting/violation.hpp
-- Installing: /home/suzumiyaharuhi/rl_deploy_v2/deploy/install/legged_system/include/iceoryx/v0.1.0/iox/error_reporting/types.hpp
-- Installing: /home/suzumiyaharuhi/rl_deploy_v2/deploy/install/legged_system/include/iceoryx/v0.1.0/iox/error_reporting/configuration.hpp
-- Installing: /home/suzumiyaharuhi/rl_deploy_v2/deploy/install/legged_system/include/iceoryx/v0.1.0/iox/error_reporting/error_logging.hpp
-- Installing: /home/suzumiyaharuhi/rl_deploy_v2/deploy/install/legged_system/include/iceoryx/v0.1.0/iox/error_reporting/error_kind.hpp
-- Installing: /home/suzumiyaharuhi/rl_deploy_v2/deploy/install/legged_system/include/iceoryx/v0.1.0/iox/assertions.hpp
-- Up-to-date: /home/suzumiyaharuhi/rl_deploy_v2/deploy/install/legged_system/include/iceoryx/v0.1.0/iox/detail
-- Installing: /home/suzumiyaharuhi/rl_deploy_v2/deploy/install/legged_system/include/iceoryx/v0.1.0/iox/detail/log
-- Installing: /home/suzumiyaharuhi/rl_deploy_v2/deploy/install/legged_system/include/iceoryx/v0.1.0/iox/detail/log/logstream.inl
-- Installing: /home/suzumiyaharuhi/rl_deploy_v2/deploy/install/legged_system/include/iceoryx/v0.1.0/iox/detail/log/building_blocks
-- Installing: /home/suzumiyaharuhi/rl_deploy_v2/deploy/install/legged_system/include/iceoryx/v0.1.0/iox/detail/log/building_blocks/logger.inl
-- Installing: /home/suzumiyaharuhi/rl_deploy_v2/deploy/install/legged_system/include/iceoryx/v0.1.0/iox/detail/log/building_blocks/console_logger.inl
-- Installing: /home/suzumiyaharuhi/rl_deploy_v2/deploy/install/legged_system/include/iceoryx/v0.1.0/iox/detail/log/building_blocks/logformat.inl
-- Installing: /home/suzumiyaharuhi/rl_deploy_v2/deploy/install/legged_system/include/iceoryx/v0.1.0/iox/detail/hoofs_error_reporting.hpp
-- Up-to-date: /home/suzumiyaharuhi/rl_deploy_v2/deploy/install/legged_system/include/iceoryx/v0.1.0
-- Up-to-date: /home/suzumiyaharuhi/rl_deploy_v2/deploy/install/legged_system/include/iceoryx/v0.1.0/iox
-- Up-to-date: /home/suzumiyaharuhi/rl_deploy_v2/deploy/install/legged_system/include/iceoryx/v0.1.0/iox/detail
-- Installing: /home/suzumiyaharuhi/rl_deploy_v2/deploy/install/legged_system/include/iceoryx/v0.1.0/iox/detail/duration.inl
-- Installing: /home/suzumiyaharuhi/rl_deploy_v2/deploy/install/legged_system/include/iceoryx/v0.1.0/iox/duration.hpp
-- Up-to-date: /home/suzumiyaharuhi/rl_deploy_v2/deploy/install/legged_system/include/iceoryx/v0.1.0
-- Up-to-date: /home/suzumiyaharuhi/rl_deploy_v2/deploy/install/legged_system/include/iceoryx/v0.1.0/iox
-- Installing: /home/suzumiyaharuhi/rl_deploy_v2/deploy/install/legged_system/include/iceoryx/v0.1.0/iox/std_string_support.hpp
-- Installing: /home/suzumiyaharuhi/rl_deploy_v2/deploy/install/legged_system/include/iceoryx/v0.1.0/iox/into.hpp
-- Up-to-date: /home/suzumiyaharuhi/rl_deploy_v2/deploy/install/legged_system/include/iceoryx/v0.1.0/iox/detail
-- Installing: /home/suzumiyaharuhi/rl_deploy_v2/deploy/install/legged_system/include/iceoryx/v0.1.0/iox/detail/std_string_support.inl
-- Installing: /home/suzumiyaharuhi/rl_deploy_v2/deploy/install/legged_system/include/iceoryx/v0.1.0/iox/detail/serialization.inl
-- Installing: /home/suzumiyaharuhi/rl_deploy_v2/deploy/install/legged_system/include/iceoryx/v0.1.0/iox/detail/convert.hpp
-- Installing: /home/suzumiyaharuhi/rl_deploy_v2/deploy/install/legged_system/include/iceoryx/v0.1.0/iox/detail/unique_id.hpp
-- Installing: /home/suzumiyaharuhi/rl_deploy_v2/deploy/install/legged_system/include/iceoryx/v0.1.0/iox/detail/into.inl
-- Installing: /home/suzumiyaharuhi/rl_deploy_v2/deploy/install/legged_system/include/iceoryx/v0.1.0/iox/detail/convert.inl
-- Installing: /home/suzumiyaharuhi/rl_deploy_v2/deploy/install/legged_system/include/iceoryx/v0.1.0/iox/detail/serialization.hpp
-- Installing: /home/suzumiyaharuhi/rl_deploy_v2/deploy/install/legged_system/include/iceoryx/v0.1.0/iox/detail/deprecation_marker.hpp
-- Installing: /home/suzumiyaharuhi/rl_deploy_v2/deploy/install/legged_system/include/iceoryx/v0.1.0/iox/detail/std_chrono_support.inl
-- Installing: /home/suzumiyaharuhi/rl_deploy_v2/deploy/install/legged_system/include/iceoryx/v0.1.0/iox/std_chrono_support.hpp
-- Up-to-date: /home/suzumiyaharuhi/rl_deploy_v2/deploy/install/legged_system/include/iceoryx/v0.1.0
-- Up-to-date: /home/suzumiyaharuhi/rl_deploy_v2/deploy/install/legged_system/include/iceoryx/v0.1.0/iox
-- Installing: /home/suzumiyaharuhi/rl_deploy_v2/deploy/install/legged_system/include/iceoryx/v0.1.0/iox/optional.hpp
-- Installing: /home/suzumiyaharuhi/rl_deploy_v2/deploy/install/legged_system/include/iceoryx/v0.1.0/iox/variant.hpp
-- Installing: /home/suzumiyaharuhi/rl_deploy_v2/deploy/install/legged_system/include/iceoryx/v0.1.0/iox/string.hpp
-- Installing: /home/suzumiyaharuhi/rl_deploy_v2/deploy/install/legged_system/include/iceoryx/v0.1.0/iox/span.hpp
-- Installing: /home/suzumiyaharuhi/rl_deploy_v2/deploy/install/legged_system/include/iceoryx/v0.1.0/iox/expected.hpp
-- Up-to-date: /home/suzumiyaharuhi/rl_deploy_v2/deploy/install/legged_system/include/iceoryx/v0.1.0/iox/detail
-- Installing: /home/suzumiyaharuhi/rl_deploy_v2/deploy/install/legged_system/include/iceoryx/v0.1.0/iox/detail/variant.inl
-- Installing: /home/suzumiyaharuhi/rl_deploy_v2/deploy/install/legged_system/include/iceoryx/v0.1.0/iox/detail/optional.inl
-- Installing: /home/suzumiyaharuhi/rl_deploy_v2/deploy/install/legged_system/include/iceoryx/v0.1.0/iox/detail/semantic_string.inl
-- Installing: /home/suzumiyaharuhi/rl_deploy_v2/deploy/install/legged_system/include/iceoryx/v0.1.0/iox/detail/expected.inl
-- Installing: /home/suzumiyaharuhi/rl_deploy_v2/deploy/install/legged_system/include/iceoryx/v0.1.0/iox/detail/span.inl
-- Installing: /home/suzumiyaharuhi/rl_deploy_v2/deploy/install/legged_system/include/iceoryx/v0.1.0/iox/detail/string_internal.hpp
-- Installing: /home/suzumiyaharuhi/rl_deploy_v2/deploy/install/legged_system/include/iceoryx/v0.1.0/iox/detail/span_iterator.hpp
-- Installing: /home/suzumiyaharuhi/rl_deploy_v2/deploy/install/legged_system/include/iceoryx/v0.1.0/iox/detail/string_type_traits.hpp
-- Installing: /home/suzumiyaharuhi/rl_deploy_v2/deploy/install/legged_system/include/iceoryx/v0.1.0/iox/detail/expected_helper.hpp
-- Installing: /home/suzumiyaharuhi/rl_deploy_v2/deploy/install/legged_system/include/iceoryx/v0.1.0/iox/detail/variant_internal.hpp
-- Installing: /home/suzumiyaharuhi/rl_deploy_v2/deploy/install/legged_system/include/iceoryx/v0.1.0/iox/detail/string.inl
-- Installing: /home/suzumiyaharuhi/rl_deploy_v2/deploy/install/legged_system/include/iceoryx/v0.1.0/iox/semantic_string.hpp
-- Installing: /home/suzumiyaharuhi/rl_deploy_v2/deploy/install/legged_system/include/iceoryx/v0.1.0/iox/not_null.hpp
-- Up-to-date: /home/suzumiyaharuhi/rl_deploy_v2/deploy/install/legged_system/include/iceoryx/v0.1.0
-- Up-to-date: /home/suzumiyaharuhi/rl_deploy_v2/deploy/install/legged_system/include/iceoryx/v0.1.0/iox
-- Installing: /home/suzumiyaharuhi/rl_deploy_v2/deploy/install/legged_system/include/iceoryx/v0.1.0/iox/posix_group.hpp
-- Installing: /home/suzumiyaharuhi/rl_deploy_v2/deploy/install/legged_system/include/iceoryx/v0.1.0/iox/posix_user.hpp
-- Up-to-date: /home/suzumiyaharuhi/rl_deploy_v2/deploy/install/legged_system/include/iceoryx/v0.1.0
-- Up-to-date: /home/suzumiyaharuhi/rl_deploy_v2/deploy/install/legged_system/include/iceoryx/v0.1.0/iox
-- Installing: /home/suzumiyaharuhi/rl_deploy_v2/deploy/install/legged_system/include/iceoryx/v0.1.0/iox/posix_call.hpp
-- Installing: /home/suzumiyaharuhi/rl_deploy_v2/deploy/install/legged_system/include/iceoryx/v0.1.0/iox/file_management_interface.hpp
-- Up-to-date: /home/suzumiyaharuhi/rl_deploy_v2/deploy/install/legged_system/include/iceoryx/v0.1.0/iox/detail
-- Installing: /home/suzumiyaharuhi/rl_deploy_v2/deploy/install/legged_system/include/iceoryx/v0.1.0/iox/detail/file_management_interface.inl
-- Installing: /home/suzumiyaharuhi/rl_deploy_v2/deploy/install/legged_system/include/iceoryx/v0.1.0/iox/detail/posix_call.inl
-- Up-to-date: /home/suzumiyaharuhi/rl_deploy_v2/deploy/install/legged_system/include/iceoryx/v0.1.0
-- Up-to-date: /home/suzumiyaharuhi/rl_deploy_v2/deploy/install/legged_system/include/iceoryx/v0.1.0/iox
-- Installing: /home/suzumiyaharuhi/rl_deploy_v2/deploy/install/legged_system/include/iceoryx/v0.1.0/iox/posix_ipc_channel.hpp
-- Installing: /home/suzumiyaharuhi/rl_deploy_v2/deploy/install/legged_system/include/iceoryx/v0.1.0/iox/named_pipe.hpp
-- Installing: /home/suzumiyaharuhi/rl_deploy_v2/deploy/install/legged_system/include/iceoryx/v0.1.0/iox/posix_shared_memory_object.hpp
-- Installing: /home/suzumiyaharuhi/rl_deploy_v2/deploy/install/legged_system/include/iceoryx/v0.1.0/iox/unix_domain_socket.hpp
-- Up-to-date: /home/suzumiyaharuhi/rl_deploy_v2/deploy/install/legged_system/include/iceoryx/v0.1.0/iox/detail
-- Installing: /home/suzumiyaharuhi/rl_deploy_v2/deploy/install/legged_system/include/iceoryx/v0.1.0/iox/detail/named_pipe.inl
-- Installing: /home/suzumiyaharuhi/rl_deploy_v2/deploy/install/legged_system/include/iceoryx/v0.1.0/iox/detail/message_queue.inl
-- Installing: /home/suzumiyaharuhi/rl_deploy_v2/deploy/install/legged_system/include/iceoryx/v0.1.0/iox/detail/posix_memory_map.hpp
-- Installing: /home/suzumiyaharuhi/rl_deploy_v2/deploy/install/legged_system/include/iceoryx/v0.1.0/iox/detail/posix_shared_memory.hpp
-- Installing: /home/suzumiyaharuhi/rl_deploy_v2/deploy/install/legged_system/include/iceoryx/v0.1.0/iox/detail/unix_domain_socket.inl
-- Installing: /home/suzumiyaharuhi/rl_deploy_v2/deploy/install/legged_system/include/iceoryx/v0.1.0/iox/message_queue.hpp
-- Up-to-date: /home/suzumiyaharuhi/rl_deploy_v2/deploy/install/legged_system/include/iceoryx/v0.1.0
-- Up-to-date: /home/suzumiyaharuhi/rl_deploy_v2/deploy/install/legged_system/include/iceoryx/v0.1.0/iox
-- Installing: /home/suzumiyaharuhi/rl_deploy_v2/deploy/install/legged_system/include/iceoryx/v0.1.0/iox/file_lock.hpp
-- Installing: /home/suzumiyaharuhi/rl_deploy_v2/deploy/install/legged_system/include/iceoryx/v0.1.0/iox/file.hpp
-- Up-to-date: /home/suzumiyaharuhi/rl_deploy_v2/deploy/install/legged_system/include/iceoryx/v0.1.0/iox/detail
-- Installing: /home/suzumiyaharuhi/rl_deploy_v2/deploy/install/legged_system/include/iceoryx/v0.1.0/iox/detail/posix_acl.hpp
-- Up-to-date: /home/suzumiyaharuhi/rl_deploy_v2/deploy/install/legged_system/include/iceoryx/v0.1.0
-- Up-to-date: /home/suzumiyaharuhi/rl_deploy_v2/deploy/install/legged_system/include/iceoryx/v0.1.0/iox
-- Installing: /home/suzumiyaharuhi/rl_deploy_v2/deploy/install/legged_system/include/iceoryx/v0.1.0/iox/thread.hpp
-- Installing: /home/suzumiyaharuhi/rl_deploy_v2/deploy/install/legged_system/include/iceoryx/v0.1.0/iox/signal_watcher.hpp
-- Installing: /home/suzumiyaharuhi/rl_deploy_v2/deploy/install/legged_system/include/iceoryx/v0.1.0/iox/mutex.hpp
-- Up-to-date: /home/suzumiyaharuhi/rl_deploy_v2/deploy/install/legged_system/include/iceoryx/v0.1.0/iox/detail
-- Installing: /home/suzumiyaharuhi/rl_deploy_v2/deploy/install/legged_system/include/iceoryx/v0.1.0/iox/detail/semaphore_helper.hpp
-- Installing: /home/suzumiyaharuhi/rl_deploy_v2/deploy/install/legged_system/include/iceoryx/v0.1.0/iox/named_semaphore.hpp
-- Installing: /home/suzumiyaharuhi/rl_deploy_v2/deploy/install/legged_system/include/iceoryx/v0.1.0/iox/unnamed_semaphore.hpp
-- Installing: /home/suzumiyaharuhi/rl_deploy_v2/deploy/install/legged_system/include/iceoryx/v0.1.0/iox/signal_handler.hpp
-- Up-to-date: /home/suzumiyaharuhi/rl_deploy_v2/deploy/install/legged_system/include/iceoryx/v0.1.0
-- Up-to-date: /home/suzumiyaharuhi/rl_deploy_v2/deploy/install/legged_system/include/iceoryx/v0.1.0/iox
-- Up-to-date: /home/suzumiyaharuhi/rl_deploy_v2/deploy/install/legged_system/include/iceoryx/v0.1.0/iox/detail
-- Installing: /home/suzumiyaharuhi/rl_deploy_v2/deploy/install/legged_system/include/iceoryx/v0.1.0/iox/detail/adaptive_wait.hpp
-- Installing: /home/suzumiyaharuhi/rl_deploy_v2/deploy/install/legged_system/include/iceoryx/v0.1.0/iox/deadline_timer.hpp
-- Up-to-date: /home/suzumiyaharuhi/rl_deploy_v2/deploy/install/legged_system/include/iceoryx/v0.1.0
-- Up-to-date: /home/suzumiyaharuhi/rl_deploy_v2/deploy/install/legged_system/include/iceoryx/v0.1.0/iox
-- Up-to-date: /home/suzumiyaharuhi/rl_deploy_v2/deploy/install/legged_system/include/iceoryx/v0.1.0/iox/detail
-- Installing: /home/suzumiyaharuhi/rl_deploy_v2/deploy/install/legged_system/include/iceoryx/v0.1.0/iox/detail/system_configuration.hpp
-- Installing: /home/suzumiyaharuhi/rl_deploy_v2/deploy/install/legged_system/include/iceoryx/v0.1.0/iox/detail/posix_scheduler.hpp
-- Up-to-date: /home/suzumiyaharuhi/rl_deploy_v2/deploy/install/legged_system/include/iceoryx/v0.1.0
-- Up-to-date: /home/suzumiyaharuhi/rl_deploy_v2/deploy/install/legged_system/include/iceoryx/v0.1.0/iox
-- Installing: /home/suzumiyaharuhi/rl_deploy_v2/deploy/install/legged_system/include/iceoryx/v0.1.0/iox/user_name.hpp
-- Installing: /home/suzumiyaharuhi/rl_deploy_v2/deploy/install/legged_system/include/iceoryx/v0.1.0/iox/path.hpp
-- Installing: /home/suzumiyaharuhi/rl_deploy_v2/deploy/install/legged_system/include/iceoryx/v0.1.0/iox/file_name.hpp
-- Installing: /home/suzumiyaharuhi/rl_deploy_v2/deploy/install/legged_system/include/iceoryx/v0.1.0/iox/group_name.hpp
-- Installing: /home/suzumiyaharuhi/rl_deploy_v2/deploy/install/legged_system/include/iceoryx/v0.1.0/iox/file_path.hpp
-- Up-to-date: /home/suzumiyaharuhi/rl_deploy_v2/deploy/install/legged_system/include/iceoryx/v0.1.0
-- Installing: /home/suzumiyaharuhi/rl_deploy_v2/deploy/install/legged_system/include/iceoryx/v0.1.0/iceoryx_hoofs
-- Installing: /home/suzumiyaharuhi/rl_deploy_v2/deploy/install/legged_system/include/iceoryx/v0.1.0/iceoryx_hoofs/iceoryx_hoofs_deployment.hpp
-- Installing: /home/suzumiyaharuhi/rl_deploy_v2/deploy/install/legged_system/include/iceoryx/v0.1.0/iceoryx_hoofs/iceoryx_hoofs_types.hpp
-- Installing: /home/suzumiyaharuhi/rl_deploy_v2/deploy/install/legged_system/include/iceoryx/v0.1.0/iceoryx_hoofs/design_pattern
-- Installing: /home/suzumiyaharuhi/rl_deploy_v2/deploy/install/legged_system/include/iceoryx/v0.1.0/iceoryx_hoofs/design_pattern/builder.hpp
-- Installing: /home/suzumiyaharuhi/rl_deploy_v2/deploy/install/legged_system/include/iceoryx/v0.1.0/iceoryx_hoofs/concurrent
-- Installing: /home/suzumiyaharuhi/rl_deploy_v2/deploy/install/legged_system/include/iceoryx/v0.1.0/iceoryx_hoofs/concurrent/lockfree_queue.hpp
-- Installing: /home/suzumiyaharuhi/rl_deploy_v2/deploy/install/legged_system/include/iceoryx/v0.1.0/iceoryx_hoofs/concurrent/resizeable_lockfree_queue.hpp
-- Installing: /home/suzumiyaharuhi/rl_deploy_v2/deploy/install/legged_system/include/iceoryx/v0.1.0/iceoryx_hoofs/cxx
-- Installing: /home/suzumiyaharuhi/rl_deploy_v2/deploy/install/legged_system/include/iceoryx/v0.1.0/iceoryx_hoofs/cxx/vector.hpp
-- Installing: /home/suzumiyaharuhi/rl_deploy_v2/deploy/install/legged_system/include/iceoryx/v0.1.0/iceoryx_hoofs/cxx/optional.hpp
-- Installing: /home/suzumiyaharuhi/rl_deploy_v2/deploy/install/legged_system/include/iceoryx/v0.1.0/iceoryx_hoofs/cxx/variant.hpp
-- Installing: /home/suzumiyaharuhi/rl_deploy_v2/deploy/install/legged_system/include/iceoryx/v0.1.0/iceoryx_hoofs/cxx/filesystem.hpp
-- Installing: /home/suzumiyaharuhi/rl_deploy_v2/deploy/install/legged_system/include/iceoryx/v0.1.0/iceoryx_hoofs/cxx/string.hpp
-- Installing: /home/suzumiyaharuhi/rl_deploy_v2/deploy/install/legged_system/include/iceoryx/v0.1.0/iceoryx_hoofs/cxx/requires.hpp
-- Installing: /home/suzumiyaharuhi/rl_deploy_v2/deploy/install/legged_system/include/iceoryx/v0.1.0/iceoryx_hoofs/cxx/algorithm.hpp
-- Installing: /home/suzumiyaharuhi/rl_deploy_v2/deploy/install/legged_system/include/iceoryx/v0.1.0/iceoryx_hoofs/cxx/type_traits.hpp
-- Installing: /home/suzumiyaharuhi/rl_deploy_v2/deploy/install/legged_system/include/iceoryx/v0.1.0/iceoryx_hoofs/cxx/functional_interface.hpp
-- Installing: /home/suzumiyaharuhi/rl_deploy_v2/deploy/install/legged_system/include/iceoryx/v0.1.0/iceoryx_hoofs/cxx/newtype.hpp
-- Installing: /home/suzumiyaharuhi/rl_deploy_v2/deploy/install/legged_system/include/iceoryx/v0.1.0/iceoryx_hoofs/cxx/list.hpp
-- Installing: /home/suzumiyaharuhi/rl_deploy_v2/deploy/install/legged_system/include/iceoryx/v0.1.0/iceoryx_hoofs/cxx/scope_guard.hpp
-- Installing: /home/suzumiyaharuhi/rl_deploy_v2/deploy/install/legged_system/include/iceoryx/v0.1.0/iceoryx_hoofs/cxx/stack.hpp
-- Installing: /home/suzumiyaharuhi/rl_deploy_v2/deploy/install/legged_system/include/iceoryx/v0.1.0/iceoryx_hoofs/cxx/expected.hpp
-- Installing: /home/suzumiyaharuhi/rl_deploy_v2/deploy/install/legged_system/include/iceoryx/v0.1.0/iceoryx_hoofs/cxx/function_ref.hpp
-- Installing: /home/suzumiyaharuhi/rl_deploy_v2/deploy/install/legged_system/include/iceoryx/v0.1.0/iceoryx_hoofs/cxx/attributes.hpp
-- Installing: /home/suzumiyaharuhi/rl_deploy_v2/deploy/install/legged_system/include/iceoryx/v0.1.0/iceoryx_hoofs/cxx/unique_ptr.hpp
-- Installing: /home/suzumiyaharuhi/rl_deploy_v2/deploy/install/legged_system/include/iceoryx/v0.1.0/iceoryx_hoofs/cxx/deadline_timer.hpp
-- Installing: /home/suzumiyaharuhi/rl_deploy_v2/deploy/install/legged_system/include/iceoryx/v0.1.0/iceoryx_hoofs/cxx/function.hpp
-- Installing: /home/suzumiyaharuhi/rl_deploy_v2/deploy/install/legged_system/include/iceoryx/v0.1.0/iceoryx_hoofs/cxx/scoped_static.hpp
-- Installing: /home/suzumiyaharuhi/rl_deploy_v2/deploy/install/legged_system/include/iceoryx/v0.1.0/iceoryx_hoofs/posix_wrapper
-- Installing: /home/suzumiyaharuhi/rl_deploy_v2/deploy/install/legged_system/include/iceoryx/v0.1.0/iceoryx_hoofs/posix_wrapper/thread.hpp
-- Installing: /home/suzumiyaharuhi/rl_deploy_v2/deploy/install/legged_system/include/iceoryx/v0.1.0/iceoryx_hoofs/posix_wrapper/posix_call.hpp
-- Installing: /home/suzumiyaharuhi/rl_deploy_v2/deploy/install/legged_system/include/iceoryx/v0.1.0/iceoryx_hoofs/posix_wrapper/file_lock.hpp
-- Installing: /home/suzumiyaharuhi/rl_deploy_v2/deploy/install/legged_system/include/iceoryx/v0.1.0/iceoryx_hoofs/posix_wrapper/posix_access_rights.hpp
-- Installing: /home/suzumiyaharuhi/rl_deploy_v2/deploy/install/legged_system/include/iceoryx/v0.1.0/iceoryx_hoofs/posix_wrapper/signal_handler.hpp
-- Installing: /home/suzumiyaharuhi/rl_deploy_v2/deploy/install/legged_system/lib/cmake/iceoryx_hoofs/iceoryx_hoofsConfigVersion.cmake
-- Installing: /home/suzumiyaharuhi/rl_deploy_v2/deploy/install/legged_system/lib/cmake/iceoryx_hoofs/iceoryx_hoofsConfig.cmake
-- Installing: /home/suzumiyaharuhi/rl_deploy_v2/deploy/install/legged_system/lib/cmake/iceoryx_hoofs/iceoryx_hoofsTargets.cmake
-- Installing: /home/suzumiyaharuhi/rl_deploy_v2/deploy/install/legged_system/include/iceoryx/v0.1.0/iox/iceoryx_hoofs_deployment.hpp
-- Installing: /home/suzumiyaharuhi/rl_deploy_v2/deploy/install/legged_system/share/doc/iceoryx_posh/LICENSE
-- Installing: /home/suzumiyaharuhi/rl_deploy_v2/deploy/install/legged_system/share/doc/iceoryx_posh/3rd_party_licenses
-- Installing: /home/suzumiyaharuhi/rl_deploy_v2/deploy/install/legged_system/share/doc/iceoryx_posh/3rd_party_licenses/cpptoml
-- Installing: /home/suzumiyaharuhi/rl_deploy_v2/deploy/install/legged_system/share/doc/iceoryx_posh/3rd_party_licenses/cpptoml/LICENSE
-- Installing: /home/suzumiyaharuhi/rl_deploy_v2/deploy/install/legged_system/share/doc/iceoryx_posh_gateway/LICENSE
-- Installing: /home/suzumiyaharuhi/rl_deploy_v2/deploy/install/legged_system/share/doc/iceoryx_posh_gateway/3rd_party_licenses
-- Installing: /home/suzumiyaharuhi/rl_deploy_v2/deploy/install/legged_system/share/doc/iceoryx_posh_gateway/3rd_party_licenses/cpptoml
-- Installing: /home/suzumiyaharuhi/rl_deploy_v2/deploy/install/legged_system/share/doc/iceoryx_posh_gateway/3rd_party_licenses/cpptoml/LICENSE
-- Installing: /home/suzumiyaharuhi/rl_deploy_v2/deploy/install/legged_system/share/doc/iceoryx_posh_roudi/LICENSE
-- Installing: /home/suzumiyaharuhi/rl_deploy_v2/deploy/install/legged_system/share/doc/iceoryx_posh_roudi/3rd_party_licenses
-- Installing: /home/suzumiyaharuhi/rl_deploy_v2/deploy/install/legged_system/share/doc/iceoryx_posh_roudi/3rd_party_licenses/cpptoml
-- Installing: /home/suzumiyaharuhi/rl_deploy_v2/deploy/install/legged_system/share/doc/iceoryx_posh_roudi/3rd_party_licenses/cpptoml/LICENSE
-- Installing: /home/suzumiyaharuhi/rl_deploy_v2/deploy/install/legged_system/share/doc/iceoryx_posh_config/LICENSE
-- Installing: /home/suzumiyaharuhi/rl_deploy_v2/deploy/install/legged_system/share/doc/iceoryx_posh_config/3rd_party_licenses
-- Installing: /home/suzumiyaharuhi/rl_deploy_v2/deploy/install/legged_system/share/doc/iceoryx_posh_config/3rd_party_licenses/cpptoml
-- Installing: /home/suzumiyaharuhi/rl_deploy_v2/deploy/install/legged_system/share/doc/iceoryx_posh_config/3rd_party_licenses/cpptoml/LICENSE
-- Installing: /home/suzumiyaharuhi/rl_deploy_v2/deploy/install/legged_system/etc/roudi_config_example.toml
-- Installing: /home/suzumiyaharuhi/rl_deploy_v2/deploy/install/legged_system/bin/iox-roudi
-- Installing: /home/suzumiyaharuhi/rl_deploy_v2/deploy/install/legged_system/include/iceoryx/v0.1.0/iceoryx_posh/iceoryx_posh_deployment.hpp
-- Installing: /home/suzumiyaharuhi/rl_deploy_v2/deploy/install/legged_system/lib/cmake/iceoryx_posh/IceoryxPoshDeployment.cmake
-- Installing: /home/suzumiyaharuhi/rl_deploy_v2/deploy/install/legged_system/lib/libiceoryx_posh.a
-- Installing: /home/suzumiyaharuhi/rl_deploy_v2/deploy/install/legged_system/lib/libiceoryx_posh_roudi.a
-- Installing: /home/suzumiyaharuhi/rl_deploy_v2/deploy/install/legged_system/lib/libiceoryx_posh_gateway.a
-- Installing: /home/suzumiyaharuhi/rl_deploy_v2/deploy/install/legged_system/lib/libiceoryx_posh_config.a
-- Up-to-date: /home/suzumiyaharuhi/rl_deploy_v2/deploy/install/legged_system/bin/iox-roudi
-- Up-to-date: /home/suzumiyaharuhi/rl_deploy_v2/deploy/install/legged_system/include/iceoryx/v0.1.0
-- Up-to-date: /home/suzumiyaharuhi/rl_deploy_v2/deploy/install/legged_system/include/iceoryx/v0.1.0/iceoryx_posh
-- Installing: /home/suzumiyaharuhi/rl_deploy_v2/deploy/install/legged_system/include/iceoryx/v0.1.0/iceoryx_posh/version
-- Installing: /home/suzumiyaharuhi/rl_deploy_v2/deploy/install/legged_system/include/iceoryx/v0.1.0/iceoryx_posh/version/version_info.hpp
-- Installing: /home/suzumiyaharuhi/rl_deploy_v2/deploy/install/legged_system/include/iceoryx/v0.1.0/iceoryx_posh/version/compatibility_check_level.hpp
-- Installing: /home/suzumiyaharuhi/rl_deploy_v2/deploy/install/legged_system/include/iceoryx/v0.1.0/iceoryx_posh/roudi
-- Installing: /home/suzumiyaharuhi/rl_deploy_v2/deploy/install/legged_system/include/iceoryx/v0.1.0/iceoryx_posh/roudi/roudi_app.hpp
-- Installing: /home/suzumiyaharuhi/rl_deploy_v2/deploy/install/legged_system/include/iceoryx/v0.1.0/iceoryx_posh/roudi/heartbeat_pool.hpp
-- Installing: /home/suzumiyaharuhi/rl_deploy_v2/deploy/install/legged_system/include/iceoryx/v0.1.0/iceoryx_posh/roudi/introspection_types.hpp
-- Installing: /home/suzumiyaharuhi/rl_deploy_v2/deploy/install/legged_system/include/iceoryx/v0.1.0/iceoryx_posh/roudi/roudi_cmd_line_parser.hpp
-- Installing: /home/suzumiyaharuhi/rl_deploy_v2/deploy/install/legged_system/include/iceoryx/v0.1.0/iceoryx_posh/roudi/port_pool.inl
-- Installing: /home/suzumiyaharuhi/rl_deploy_v2/deploy/install/legged_system/include/iceoryx/v0.1.0/iceoryx_posh/roudi/roudi_config.hpp
-- Installing: /home/suzumiyaharuhi/rl_deploy_v2/deploy/install/legged_system/include/iceoryx/v0.1.0/iceoryx_posh/roudi/roudi_cmd_line_parser_config_file_option.hpp
-- Installing: /home/suzumiyaharuhi/rl_deploy_v2/deploy/install/legged_system/include/iceoryx/v0.1.0/iceoryx_posh/roudi/iceoryx_roudi_app.hpp
-- Installing: /home/suzumiyaharuhi/rl_deploy_v2/deploy/install/legged_system/include/iceoryx/v0.1.0/iceoryx_posh/roudi/port_pool.hpp
-- Installing: /home/suzumiyaharuhi/rl_deploy_v2/deploy/install/legged_system/include/iceoryx/v0.1.0/iceoryx_posh/roudi/roudi_config_toml_file_provider.hpp
-- Installing: /home/suzumiyaharuhi/rl_deploy_v2/deploy/install/legged_system/include/iceoryx/v0.1.0/iceoryx_posh/roudi/cmd_line_args.hpp
-- Installing: /home/suzumiyaharuhi/rl_deploy_v2/deploy/install/legged_system/include/iceoryx/v0.1.0/iceoryx_posh/roudi/iceoryx_roudi_components.hpp
-- Installing: /home/suzumiyaharuhi/rl_deploy_v2/deploy/install/legged_system/include/iceoryx/v0.1.0/iceoryx_posh/roudi/memory
-- Installing: /home/suzumiyaharuhi/rl_deploy_v2/deploy/install/legged_system/include/iceoryx/v0.1.0/iceoryx_posh/roudi/memory/roudi_memory_manager.hpp
-- Installing: /home/suzumiyaharuhi/rl_deploy_v2/deploy/install/legged_system/include/iceoryx/v0.1.0/iceoryx_posh/roudi/memory/posix_shm_memory_provider.hpp
-- Installing: /home/suzumiyaharuhi/rl_deploy_v2/deploy/install/legged_system/include/iceoryx/v0.1.0/iceoryx_posh/roudi/memory/iceoryx_roudi_memory_manager.hpp
-- Installing: /home/suzumiyaharuhi/rl_deploy_v2/deploy/install/legged_system/include/iceoryx/v0.1.0/iceoryx_posh/roudi/memory/memory_provider.hpp
-- Installing: /home/suzumiyaharuhi/rl_deploy_v2/deploy/install/legged_system/include/iceoryx/v0.1.0/iceoryx_posh/roudi/memory/roudi_memory_interface.hpp
-- Installing: /home/suzumiyaharuhi/rl_deploy_v2/deploy/install/legged_system/include/iceoryx/v0.1.0/iceoryx_posh/roudi/memory/memory_block.hpp
-- Installing: /home/suzumiyaharuhi/rl_deploy_v2/deploy/install/legged_system/include/iceoryx/v0.1.0/iceoryx_posh/roudi/memory/generic_memory_block.hpp
-- Installing: /home/suzumiyaharuhi/rl_deploy_v2/deploy/install/legged_system/include/iceoryx/v0.1.0/iceoryx_posh/roudi/memory/default_roudi_memory.hpp
-- Installing: /home/suzumiyaharuhi/rl_deploy_v2/deploy/install/legged_system/include/iceoryx/v0.1.0/iceoryx_posh/roudi/roudi_config_file_provider.hpp
-- Installing: /home/suzumiyaharuhi/rl_deploy_v2/deploy/install/legged_system/include/iceoryx/v0.1.0/iceoryx_posh/iceoryx_posh_types.hpp
-- Installing: /home/suzumiyaharuhi/rl_deploy_v2/deploy/install/legged_system/include/iceoryx/v0.1.0/iceoryx_posh/runtime
-- Installing: /home/suzumiyaharuhi/rl_deploy_v2/deploy/install/legged_system/include/iceoryx/v0.1.0/iceoryx_posh/runtime/posh_runtime_single_process.hpp
-- Installing: /home/suzumiyaharuhi/rl_deploy_v2/deploy/install/legged_system/include/iceoryx/v0.1.0/iceoryx_posh/runtime/port_config_info.hpp
-- Installing: /home/suzumiyaharuhi/rl_deploy_v2/deploy/install/legged_system/include/iceoryx/v0.1.0/iceoryx_posh/runtime/service_discovery.hpp
-- Installing: /home/suzumiyaharuhi/rl_deploy_v2/deploy/install/legged_system/include/iceoryx/v0.1.0/iceoryx_posh/runtime/posh_runtime.hpp
-- Installing: /home/suzumiyaharuhi/rl_deploy_v2/deploy/install/legged_system/include/iceoryx/v0.1.0/iceoryx_posh/internal
-- Installing: /home/suzumiyaharuhi/rl_deploy_v2/deploy/install/legged_system/include/iceoryx/v0.1.0/iceoryx_posh/internal/roudi
-- Installing: /home/suzumiyaharuhi/rl_deploy_v2/deploy/install/legged_system/include/iceoryx/v0.1.0/iceoryx_posh/internal/roudi/port_manager.inl
-- Installing: /home/suzumiyaharuhi/rl_deploy_v2/deploy/install/legged_system/include/iceoryx/v0.1.0/iceoryx_posh/internal/roudi/process.hpp
-- Installing: /home/suzumiyaharuhi/rl_deploy_v2/deploy/install/legged_system/include/iceoryx/v0.1.0/iceoryx_posh/internal/roudi/port_pool_data.hpp
-- Installing: /home/suzumiyaharuhi/rl_deploy_v2/deploy/install/legged_system/include/iceoryx/v0.1.0/iceoryx_posh/internal/roudi/port_manager.hpp
-- Installing: /home/suzumiyaharuhi/rl_deploy_v2/deploy/install/legged_system/include/iceoryx/v0.1.0/iceoryx_posh/internal/roudi/roudi.hpp
-- Installing: /home/suzumiyaharuhi/rl_deploy_v2/deploy/install/legged_system/include/iceoryx/v0.1.0/iceoryx_posh/internal/roudi/memory
-- Installing: /home/suzumiyaharuhi/rl_deploy_v2/deploy/install/legged_system/include/iceoryx/v0.1.0/iceoryx_posh/internal/roudi/memory/mempool_collection_memory_block.hpp
-- Installing: /home/suzumiyaharuhi/rl_deploy_v2/deploy/install/legged_system/include/iceoryx/v0.1.0/iceoryx_posh/internal/roudi/memory/generic_memory_block.inl
-- Installing: /home/suzumiyaharuhi/rl_deploy_v2/deploy/install/legged_system/include/iceoryx/v0.1.0/iceoryx_posh/internal/roudi/memory/mempool_segment_manager_memory_block.hpp
-- Installing: /home/suzumiyaharuhi/rl_deploy_v2/deploy/install/legged_system/include/iceoryx/v0.1.0/iceoryx_posh/internal/roudi/memory/port_pool_memory_block.hpp
-- Installing: /home/suzumiyaharuhi/rl_deploy_v2/deploy/install/legged_system/include/iceoryx/v0.1.0/iceoryx_posh/internal/roudi/introspection
-- Installing: /home/suzumiyaharuhi/rl_deploy_v2/deploy/install/legged_system/include/iceoryx/v0.1.0/iceoryx_posh/internal/roudi/introspection/process_introspection.hpp
-- Installing: /home/suzumiyaharuhi/rl_deploy_v2/deploy/install/legged_system/include/iceoryx/v0.1.0/iceoryx_posh/internal/roudi/introspection/mempool_introspection.inl
-- Installing: /home/suzumiyaharuhi/rl_deploy_v2/deploy/install/legged_system/include/iceoryx/v0.1.0/iceoryx_posh/internal/roudi/introspection/port_introspection.hpp
-- Installing: /home/suzumiyaharuhi/rl_deploy_v2/deploy/install/legged_system/include/iceoryx/v0.1.0/iceoryx_posh/internal/roudi/introspection/process_introspection.inl
-- Installing: /home/suzumiyaharuhi/rl_deploy_v2/deploy/install/legged_system/include/iceoryx/v0.1.0/iceoryx_posh/internal/roudi/introspection/mempool_introspection.hpp
-- Installing: /home/suzumiyaharuhi/rl_deploy_v2/deploy/install/legged_system/include/iceoryx/v0.1.0/iceoryx_posh/internal/roudi/introspection/port_introspection.inl
-- Installing: /home/suzumiyaharuhi/rl_deploy_v2/deploy/install/legged_system/include/iceoryx/v0.1.0/iceoryx_posh/internal/roudi/service_registry.hpp
-- Installing: /home/suzumiyaharuhi/rl_deploy_v2/deploy/install/legged_system/include/iceoryx/v0.1.0/iceoryx_posh/internal/roudi/process_manager.hpp
-- Installing: /home/suzumiyaharuhi/rl_deploy_v2/deploy/install/legged_system/include/iceoryx/v0.1.0/iceoryx_posh/internal/runtime
-- Installing: /home/suzumiyaharuhi/rl_deploy_v2/deploy/install/legged_system/include/iceoryx/v0.1.0/iceoryx_posh/internal/runtime/posh_runtime_impl.hpp
-- Installing: /home/suzumiyaharuhi/rl_deploy_v2/deploy/install/legged_system/include/iceoryx/v0.1.0/iceoryx_posh/internal/runtime/ipc_message.inl
-- Installing: /home/suzumiyaharuhi/rl_deploy_v2/deploy/install/legged_system/include/iceoryx/v0.1.0/iceoryx_posh/internal/runtime/ipc_runtime_interface.hpp
-- Installing: /home/suzumiyaharuhi/rl_deploy_v2/deploy/install/legged_system/include/iceoryx/v0.1.0/iceoryx_posh/internal/runtime/shared_memory_user.hpp
-- Installing: /home/suzumiyaharuhi/rl_deploy_v2/deploy/install/legged_system/include/iceoryx/v0.1.0/iceoryx_posh/internal/runtime/ipc_interface_creator.hpp
-- Installing: /home/suzumiyaharuhi/rl_deploy_v2/deploy/install/legged_system/include/iceoryx/v0.1.0/iceoryx_posh/internal/runtime/ipc_interface_user.hpp
-- Installing: /home/suzumiyaharuhi/rl_deploy_v2/deploy/install/legged_system/include/iceoryx/v0.1.0/iceoryx_posh/internal/runtime/ipc_message.hpp
-- Installing: /home/suzumiyaharuhi/rl_deploy_v2/deploy/install/legged_system/include/iceoryx/v0.1.0/iceoryx_posh/internal/runtime/ipc_interface_base.hpp
-- Installing: /home/suzumiyaharuhi/rl_deploy_v2/deploy/install/legged_system/include/iceoryx/v0.1.0/iceoryx_posh/internal/runtime/heartbeat.hpp
-- Installing: /home/suzumiyaharuhi/rl_deploy_v2/deploy/install/legged_system/include/iceoryx/v0.1.0/iceoryx_posh/internal/popo
-- Installing: /home/suzumiyaharuhi/rl_deploy_v2/deploy/install/legged_system/include/iceoryx/v0.1.0/iceoryx_posh/internal/popo/publisher_impl.inl
-- Installing: /home/suzumiyaharuhi/rl_deploy_v2/deploy/install/legged_system/include/iceoryx/v0.1.0/iceoryx_posh/internal/popo/used_chunk_list.inl
-- Installing: /home/suzumiyaharuhi/rl_deploy_v2/deploy/install/legged_system/include/iceoryx/v0.1.0/iceoryx_posh/internal/popo/base_subscriber.inl
-- Installing: /home/suzumiyaharuhi/rl_deploy_v2/deploy/install/legged_system/include/iceoryx/v0.1.0/iceoryx_posh/internal/popo/untyped_subscriber_impl.hpp
-- Installing: /home/suzumiyaharuhi/rl_deploy_v2/deploy/install/legged_system/include/iceoryx/v0.1.0/iceoryx_posh/internal/popo/ports
-- Installing: /home/suzumiyaharuhi/rl_deploy_v2/deploy/install/legged_system/include/iceoryx/v0.1.0/iceoryx_posh/internal/popo/ports/server_port_user.inl
-- Installing: /home/suzumiyaharuhi/rl_deploy_v2/deploy/install/legged_system/include/iceoryx/v0.1.0/iceoryx_posh/internal/popo/ports/client_server_port_types.hpp
-- Installing: /home/suzumiyaharuhi/rl_deploy_v2/deploy/install/legged_system/include/iceoryx/v0.1.0/iceoryx_posh/internal/popo/ports/client_port_data.hpp
-- Installing: /home/suzumiyaharuhi/rl_deploy_v2/deploy/install/legged_system/include/iceoryx/v0.1.0/iceoryx_posh/internal/popo/ports/subscriber_port_user.hpp
-- Installing: /home/suzumiyaharuhi/rl_deploy_v2/deploy/install/legged_system/include/iceoryx/v0.1.0/iceoryx_posh/internal/popo/ports/client_port_user.hpp
-- Installing: /home/suzumiyaharuhi/rl_deploy_v2/deploy/install/legged_system/include/iceoryx/v0.1.0/iceoryx_posh/internal/popo/ports/subscriber_port_multi_producer.hpp
-- Installing: /home/suzumiyaharuhi/rl_deploy_v2/deploy/install/legged_system/include/iceoryx/v0.1.0/iceoryx_posh/internal/popo/ports/publisher_port_data.hpp
-- Installing: /home/suzumiyaharuhi/rl_deploy_v2/deploy/install/legged_system/include/iceoryx/v0.1.0/iceoryx_posh/internal/popo/ports/base_port.hpp
-- Installing: /home/suzumiyaharuhi/rl_deploy_v2/deploy/install/legged_system/include/iceoryx/v0.1.0/iceoryx_posh/internal/popo/ports/interface_port.hpp
-- Installing: /home/suzumiyaharuhi/rl_deploy_v2/deploy/install/legged_system/include/iceoryx/v0.1.0/iceoryx_posh/internal/popo/ports/pub_sub_port_types.hpp
-- Installing: /home/suzumiyaharuhi/rl_deploy_v2/deploy/install/legged_system/include/iceoryx/v0.1.0/iceoryx_posh/internal/popo/ports/server_port_roudi.hpp
-- Installing: /home/suzumiyaharuhi/rl_deploy_v2/deploy/install/legged_system/include/iceoryx/v0.1.0/iceoryx_posh/internal/popo/ports/base_port_data.hpp
-- Installing: /home/suzumiyaharuhi/rl_deploy_v2/deploy/install/legged_system/include/iceoryx/v0.1.0/iceoryx_posh/internal/popo/ports/client_port_roudi.hpp
-- Installing: /home/suzumiyaharuhi/rl_deploy_v2/deploy/install/legged_system/include/iceoryx/v0.1.0/iceoryx_posh/internal/popo/ports/publisher_port_user.hpp
-- Installing: /home/suzumiyaharuhi/rl_deploy_v2/deploy/install/legged_system/include/iceoryx/v0.1.0/iceoryx_posh/internal/popo/ports/client_port_user.inl
-- Installing: /home/suzumiyaharuhi/rl_deploy_v2/deploy/install/legged_system/include/iceoryx/v0.1.0/iceoryx_posh/internal/popo/ports/interface_port_data.hpp
-- Installing: /home/suzumiyaharuhi/rl_deploy_v2/deploy/install/legged_system/include/iceoryx/v0.1.0/iceoryx_posh/internal/popo/ports/subscriber_port_roudi.hpp
-- Installing: /home/suzumiyaharuhi/rl_deploy_v2/deploy/install/legged_system/include/iceoryx/v0.1.0/iceoryx_posh/internal/popo/ports/server_port_data.hpp
-- Installing: /home/suzumiyaharuhi/rl_deploy_v2/deploy/install/legged_system/include/iceoryx/v0.1.0/iceoryx_posh/internal/popo/ports/publisher_port_roudi.hpp
-- Installing: /home/suzumiyaharuhi/rl_deploy_v2/deploy/install/legged_system/include/iceoryx/v0.1.0/iceoryx_posh/internal/popo/ports/subscriber_port_single_producer.hpp
-- Installing: /home/suzumiyaharuhi/rl_deploy_v2/deploy/install/legged_system/include/iceoryx/v0.1.0/iceoryx_posh/internal/popo/ports/server_port_user.hpp
-- Installing: /home/suzumiyaharuhi/rl_deploy_v2/deploy/install/legged_system/include/iceoryx/v0.1.0/iceoryx_posh/internal/popo/ports/subscriber_port_data.hpp
-- Installing: /home/suzumiyaharuhi/rl_deploy_v2/deploy/install/legged_system/include/iceoryx/v0.1.0/iceoryx_posh/internal/popo/ports/base_port.inl
-- Installing: /home/suzumiyaharuhi/rl_deploy_v2/deploy/install/legged_system/include/iceoryx/v0.1.0/iceoryx_posh/internal/popo/sample.inl
-- Installing: /home/suzumiyaharuhi/rl_deploy_v2/deploy/install/legged_system/include/iceoryx/v0.1.0/iceoryx_posh/internal/popo/base_publisher.hpp
-- Installing: /home/suzumiyaharuhi/rl_deploy_v2/deploy/install/legged_system/include/iceoryx/v0.1.0/iceoryx_posh/internal/popo/listener.inl
-- Installing: /home/suzumiyaharuhi/rl_deploy_v2/deploy/install/legged_system/include/iceoryx/v0.1.0/iceoryx_posh/internal/popo/used_chunk_list.hpp
-- Installing: /home/suzumiyaharuhi/rl_deploy_v2/deploy/install/legged_system/include/iceoryx/v0.1.0/iceoryx_posh/internal/popo/untyped_server_impl.inl
-- Installing: /home/suzumiyaharuhi/rl_deploy_v2/deploy/install/legged_system/include/iceoryx/v0.1.0/iceoryx_posh/internal/popo/untyped_client_impl.hpp
-- Installing: /home/suzumiyaharuhi/rl_deploy_v2/deploy/install/legged_system/include/iceoryx/v0.1.0/iceoryx_posh/internal/popo/client_impl.inl
-- Installing: /home/suzumiyaharuhi/rl_deploy_v2/deploy/install/legged_system/include/iceoryx/v0.1.0/iceoryx_posh/internal/popo/base_client.inl
-- Installing: /home/suzumiyaharuhi/rl_deploy_v2/deploy/install/legged_system/include/iceoryx/v0.1.0/iceoryx_posh/internal/popo/base_publisher.inl
-- Installing: /home/suzumiyaharuhi/rl_deploy_v2/deploy/install/legged_system/include/iceoryx/v0.1.0/iceoryx_posh/internal/popo/server_impl.inl
-- Installing: /home/suzumiyaharuhi/rl_deploy_v2/deploy/install/legged_system/include/iceoryx/v0.1.0/iceoryx_posh/internal/popo/base_subscriber.hpp
-- Installing: /home/suzumiyaharuhi/rl_deploy_v2/deploy/install/legged_system/include/iceoryx/v0.1.0/iceoryx_posh/internal/popo/request.inl
-- Installing: /home/suzumiyaharuhi/rl_deploy_v2/deploy/install/legged_system/include/iceoryx/v0.1.0/iceoryx_posh/internal/popo/untyped_client_impl.inl
-- Installing: /home/suzumiyaharuhi/rl_deploy_v2/deploy/install/legged_system/include/iceoryx/v0.1.0/iceoryx_posh/internal/popo/smart_chunk.hpp
-- Installing: /home/suzumiyaharuhi/rl_deploy_v2/deploy/install/legged_system/include/iceoryx/v0.1.0/iceoryx_posh/internal/popo/notification_callback.inl
-- Installing: /home/suzumiyaharuhi/rl_deploy_v2/deploy/install/legged_system/include/iceoryx/v0.1.0/iceoryx_posh/internal/popo/untyped_server_impl.hpp
-- Installing: /home/suzumiyaharuhi/rl_deploy_v2/deploy/install/legged_system/include/iceoryx/v0.1.0/iceoryx_posh/internal/popo/base_server.inl
-- Installing: /home/suzumiyaharuhi/rl_deploy_v2/deploy/install/legged_system/include/iceoryx/v0.1.0/iceoryx_posh/internal/popo/notification_attorney.inl
-- Installing: /home/suzumiyaharuhi/rl_deploy_v2/deploy/install/legged_system/include/iceoryx/v0.1.0/iceoryx_posh/internal/popo/base_server.hpp
-- Installing: /home/suzumiyaharuhi/rl_deploy_v2/deploy/install/legged_system/include/iceoryx/v0.1.0/iceoryx_posh/internal/popo/rpc_interface.hpp
-- Installing: /home/suzumiyaharuhi/rl_deploy_v2/deploy/install/legged_system/include/iceoryx/v0.1.0/iceoryx_posh/internal/popo/client_impl.hpp
-- Installing: /home/suzumiyaharuhi/rl_deploy_v2/deploy/install/legged_system/include/iceoryx/v0.1.0/iceoryx_posh/internal/popo/untyped_publisher_impl.inl
-- Installing: /home/suzumiyaharuhi/rl_deploy_v2/deploy/install/legged_system/include/iceoryx/v0.1.0/iceoryx_posh/internal/popo/trigger.inl
-- Installing: /home/suzumiyaharuhi/rl_deploy_v2/deploy/install/legged_system/include/iceoryx/v0.1.0/iceoryx_posh/internal/popo/smart_chunk.inl
-- Installing: /home/suzumiyaharuhi/rl_deploy_v2/deploy/install/legged_system/include/iceoryx/v0.1.0/iceoryx_posh/internal/popo/untyped_publisher_impl.hpp
-- Installing: /home/suzumiyaharuhi/rl_deploy_v2/deploy/install/legged_system/include/iceoryx/v0.1.0/iceoryx_posh/internal/popo/subscriber_impl.inl
-- Installing: /home/suzumiyaharuhi/rl_deploy_v2/deploy/install/legged_system/include/iceoryx/v0.1.0/iceoryx_posh/internal/popo/server_impl.hpp
-- Installing: /home/suzumiyaharuhi/rl_deploy_v2/deploy/install/legged_system/include/iceoryx/v0.1.0/iceoryx_posh/internal/popo/typed_port_api_trait.hpp
-- Installing: /home/suzumiyaharuhi/rl_deploy_v2/deploy/install/legged_system/include/iceoryx/v0.1.0/iceoryx_posh/internal/popo/subscriber_impl.hpp
-- Installing: /home/suzumiyaharuhi/rl_deploy_v2/deploy/install/legged_system/include/iceoryx/v0.1.0/iceoryx_posh/internal/popo/notification_info.inl
-- Installing: /home/suzumiyaharuhi/rl_deploy_v2/deploy/install/legged_system/include/iceoryx/v0.1.0/iceoryx_posh/internal/popo/wait_set.inl
-- Installing: /home/suzumiyaharuhi/rl_deploy_v2/deploy/install/legged_system/include/iceoryx/v0.1.0/iceoryx_posh/internal/popo/building_blocks
-- Installing: /home/suzumiyaharuhi/rl_deploy_v2/deploy/install/legged_system/include/iceoryx/v0.1.0/iceoryx_posh/internal/popo/building_blocks/chunk_queue_pusher.hpp
-- Installing: /home/suzumiyaharuhi/rl_deploy_v2/deploy/install/legged_system/include/iceoryx/v0.1.0/iceoryx_posh/internal/popo/building_blocks/chunk_queue_data.inl
-- Installing: /home/suzumiyaharuhi/rl_deploy_v2/deploy/install/legged_system/include/iceoryx/v0.1.0/iceoryx_posh/internal/popo/building_blocks/chunk_queue_data.hpp
-- Installing: /home/suzumiyaharuhi/rl_deploy_v2/deploy/install/legged_system/include/iceoryx/v0.1.0/iceoryx_posh/internal/popo/building_blocks/chunk_distributor.hpp
-- Installing: /home/suzumiyaharuhi/rl_deploy_v2/deploy/install/legged_system/include/iceoryx/v0.1.0/iceoryx_posh/internal/popo/building_blocks/chunk_sender.hpp
-- Installing: /home/suzumiyaharuhi/rl_deploy_v2/deploy/install/legged_system/include/iceoryx/v0.1.0/iceoryx_posh/internal/popo/building_blocks/chunk_sender.inl
-- Installing: /home/suzumiyaharuhi/rl_deploy_v2/deploy/install/legged_system/include/iceoryx/v0.1.0/iceoryx_posh/internal/popo/building_blocks/chunk_receiver_data.hpp
-- Installing: /home/suzumiyaharuhi/rl_deploy_v2/deploy/install/legged_system/include/iceoryx/v0.1.0/iceoryx_posh/internal/popo/building_blocks/chunk_sender_data.inl
-- Installing: /home/suzumiyaharuhi/rl_deploy_v2/deploy/install/legged_system/include/iceoryx/v0.1.0/iceoryx_posh/internal/popo/building_blocks/unique_port_id.hpp
-- Installing: /home/suzumiyaharuhi/rl_deploy_v2/deploy/install/legged_system/include/iceoryx/v0.1.0/iceoryx_posh/internal/popo/building_blocks/chunk_receiver_data.inl
-- Installing: /home/suzumiyaharuhi/rl_deploy_v2/deploy/install/legged_system/include/iceoryx/v0.1.0/iceoryx_posh/internal/popo/building_blocks/variant_queue.inl
-- Installing: /home/suzumiyaharuhi/rl_deploy_v2/deploy/install/legged_system/include/iceoryx/v0.1.0/iceoryx_posh/internal/popo/building_blocks/condition_variable_data.hpp
-- Installing: /home/suzumiyaharuhi/rl_deploy_v2/deploy/install/legged_system/include/iceoryx/v0.1.0/iceoryx_posh/internal/popo/building_blocks/chunk_queue_popper.hpp
-- Installing: /home/suzumiyaharuhi/rl_deploy_v2/deploy/install/legged_system/include/iceoryx/v0.1.0/iceoryx_posh/internal/popo/building_blocks/locking_policy.hpp
-- Installing: /home/suzumiyaharuhi/rl_deploy_v2/deploy/install/legged_system/include/iceoryx/v0.1.0/iceoryx_posh/internal/popo/building_blocks/chunk_sender_data.hpp
-- Installing: /home/suzumiyaharuhi/rl_deploy_v2/deploy/install/legged_system/include/iceoryx/v0.1.0/iceoryx_posh/internal/popo/building_blocks/chunk_distributor_data.inl
-- Installing: /home/suzumiyaharuhi/rl_deploy_v2/deploy/install/legged_system/include/iceoryx/v0.1.0/iceoryx_posh/internal/popo/building_blocks/chunk_distributor_data.hpp
-- Installing: /home/suzumiyaharuhi/rl_deploy_v2/deploy/install/legged_system/include/iceoryx/v0.1.0/iceoryx_posh/internal/popo/building_blocks/chunk_queue_popper.inl
-- Installing: /home/suzumiyaharuhi/rl_deploy_v2/deploy/install/legged_system/include/iceoryx/v0.1.0/iceoryx_posh/internal/popo/building_blocks/chunk_receiver.inl
-- Installing: /home/suzumiyaharuhi/rl_deploy_v2/deploy/install/legged_system/include/iceoryx/v0.1.0/iceoryx_posh/internal/popo/building_blocks/chunk_receiver.hpp
-- Installing: /home/suzumiyaharuhi/rl_deploy_v2/deploy/install/legged_system/include/iceoryx/v0.1.0/iceoryx_posh/internal/popo/building_blocks/condition_listener.hpp
-- Installing: /home/suzumiyaharuhi/rl_deploy_v2/deploy/install/legged_system/include/iceoryx/v0.1.0/iceoryx_posh/internal/popo/building_blocks/chunk_distributor.inl
-- Installing: /home/suzumiyaharuhi/rl_deploy_v2/deploy/install/legged_system/include/iceoryx/v0.1.0/iceoryx_posh/internal/popo/building_blocks/chunk_queue_pusher.inl
-- Installing: /home/suzumiyaharuhi/rl_deploy_v2/deploy/install/legged_system/include/iceoryx/v0.1.0/iceoryx_posh/internal/popo/building_blocks/condition_notifier.hpp
-- Installing: /home/suzumiyaharuhi/rl_deploy_v2/deploy/install/legged_system/include/iceoryx/v0.1.0/iceoryx_posh/internal/popo/building_blocks/variant_queue.hpp
-- Installing: /home/suzumiyaharuhi/rl_deploy_v2/deploy/install/legged_system/include/iceoryx/v0.1.0/iceoryx_posh/internal/popo/publisher_impl.hpp
-- Installing: /home/suzumiyaharuhi/rl_deploy_v2/deploy/install/legged_system/include/iceoryx/v0.1.0/iceoryx_posh/internal/popo/response.inl
-- Installing: /home/suzumiyaharuhi/rl_deploy_v2/deploy/install/legged_system/include/iceoryx/v0.1.0/iceoryx_posh/internal/popo/publisher_interface.hpp
-- Installing: /home/suzumiyaharuhi/rl_deploy_v2/deploy/install/legged_system/include/iceoryx/v0.1.0/iceoryx_posh/internal/popo/untyped_subscriber_impl.inl
-- Installing: /home/suzumiyaharuhi/rl_deploy_v2/deploy/install/legged_system/include/iceoryx/v0.1.0/iceoryx_posh/internal/popo/base_client.hpp
-- Installing: /home/suzumiyaharuhi/rl_deploy_v2/deploy/install/legged_system/include/iceoryx/v0.1.0/iceoryx_posh/internal/gateway
-- Installing: /home/suzumiyaharuhi/rl_deploy_v2/deploy/install/legged_system/include/iceoryx/v0.1.0/iceoryx_posh/internal/gateway/gateway_generic.inl
-- Installing: /home/suzumiyaharuhi/rl_deploy_v2/deploy/install/legged_system/include/iceoryx/v0.1.0/iceoryx_posh/internal/gateway/channel.inl
-- Installing: /home/suzumiyaharuhi/rl_deploy_v2/deploy/install/legged_system/include/iceoryx/v0.1.0/iceoryx_posh/internal/capro
-- Installing: /home/suzumiyaharuhi/rl_deploy_v2/deploy/install/legged_system/include/iceoryx/v0.1.0/iceoryx_posh/internal/capro/capro_message.inl
-- Installing: /home/suzumiyaharuhi/rl_deploy_v2/deploy/install/legged_system/include/iceoryx/v0.1.0/iceoryx_posh/internal/capro/capro_message.hpp
-- Installing: /home/suzumiyaharuhi/rl_deploy_v2/deploy/install/legged_system/include/iceoryx/v0.1.0/iceoryx_posh/internal/posh_error_reporting.hpp
-- Installing: /home/suzumiyaharuhi/rl_deploy_v2/deploy/install/legged_system/include/iceoryx/v0.1.0/iceoryx_posh/internal/mepoo
-- Installing: /home/suzumiyaharuhi/rl_deploy_v2/deploy/install/legged_system/include/iceoryx/v0.1.0/iceoryx_posh/internal/mepoo/typed_mem_pool.hpp
-- Installing: /home/suzumiyaharuhi/rl_deploy_v2/deploy/install/legged_system/include/iceoryx/v0.1.0/iceoryx_posh/internal/mepoo/segment_manager.inl
-- Installing: /home/suzumiyaharuhi/rl_deploy_v2/deploy/install/legged_system/include/iceoryx/v0.1.0/iceoryx_posh/internal/mepoo/memory_manager.hpp
-- Installing: /home/suzumiyaharuhi/rl_deploy_v2/deploy/install/legged_system/include/iceoryx/v0.1.0/iceoryx_posh/internal/mepoo/memory_manager.inl
-- Installing: /home/suzumiyaharuhi/rl_deploy_v2/deploy/install/legged_system/include/iceoryx/v0.1.0/iceoryx_posh/internal/mepoo/mepoo_segment.inl
-- Installing: /home/suzumiyaharuhi/rl_deploy_v2/deploy/install/legged_system/include/iceoryx/v0.1.0/iceoryx_posh/internal/mepoo/shared_pointer.hpp
-- Installing: /home/suzumiyaharuhi/rl_deploy_v2/deploy/install/legged_system/include/iceoryx/v0.1.0/iceoryx_posh/internal/mepoo/shared_pointer.inl
-- Installing: /home/suzumiyaharuhi/rl_deploy_v2/deploy/install/legged_system/include/iceoryx/v0.1.0/iceoryx_posh/internal/mepoo/shared_chunk.hpp
-- Installing: /home/suzumiyaharuhi/rl_deploy_v2/deploy/install/legged_system/include/iceoryx/v0.1.0/iceoryx_posh/internal/mepoo/chunk_management.hpp
-- Installing: /home/suzumiyaharuhi/rl_deploy_v2/deploy/install/legged_system/include/iceoryx/v0.1.0/iceoryx_posh/internal/mepoo/typed_mem_pool.inl
-- Installing: /home/suzumiyaharuhi/rl_deploy_v2/deploy/install/legged_system/include/iceoryx/v0.1.0/iceoryx_posh/internal/mepoo/mepoo_segment.hpp
-- Installing: /home/suzumiyaharuhi/rl_deploy_v2/deploy/install/legged_system/include/iceoryx/v0.1.0/iceoryx_posh/internal/mepoo/mem_pool.hpp
-- Installing: /home/suzumiyaharuhi/rl_deploy_v2/deploy/install/legged_system/include/iceoryx/v0.1.0/iceoryx_posh/internal/mepoo/shm_safe_unmanaged_chunk.hpp
-- Installing: /home/suzumiyaharuhi/rl_deploy_v2/deploy/install/legged_system/include/iceoryx/v0.1.0/iceoryx_posh/internal/mepoo/mepoo.hpp
-- Installing: /home/suzumiyaharuhi/rl_deploy_v2/deploy/install/legged_system/include/iceoryx/v0.1.0/iceoryx_posh/internal/mepoo/segment_manager.hpp
-- Installing: /home/suzumiyaharuhi/rl_deploy_v2/deploy/install/legged_system/include/iceoryx/v0.1.0/iceoryx_posh/popo
-- Installing: /home/suzumiyaharuhi/rl_deploy_v2/deploy/install/legged_system/include/iceoryx/v0.1.0/iceoryx_posh/popo/notification_info.hpp
-- Installing: /home/suzumiyaharuhi/rl_deploy_v2/deploy/install/legged_system/include/iceoryx/v0.1.0/iceoryx_posh/popo/rpc_header.hpp
-- Installing: /home/suzumiyaharuhi/rl_deploy_v2/deploy/install/legged_system/include/iceoryx/v0.1.0/iceoryx_posh/popo/sample.hpp
-- Installing: /home/suzumiyaharuhi/rl_deploy_v2/deploy/install/legged_system/include/iceoryx/v0.1.0/iceoryx_posh/popo/listener.hpp
-- Installing: /home/suzumiyaharuhi/rl_deploy_v2/deploy/install/legged_system/include/iceoryx/v0.1.0/iceoryx_posh/popo/client_options.hpp
-- Installing: /home/suzumiyaharuhi/rl_deploy_v2/deploy/install/legged_system/include/iceoryx/v0.1.0/iceoryx_posh/popo/publisher_options.hpp
-- Installing: /home/suzumiyaharuhi/rl_deploy_v2/deploy/install/legged_system/include/iceoryx/v0.1.0/iceoryx_posh/popo/wait_set.hpp
-- Installing: /home/suzumiyaharuhi/rl_deploy_v2/deploy/install/legged_system/include/iceoryx/v0.1.0/iceoryx_posh/popo/port_queue_policies.hpp
-- Installing: /home/suzumiyaharuhi/rl_deploy_v2/deploy/install/legged_system/include/iceoryx/v0.1.0/iceoryx_posh/popo/notification_callback.hpp
-- Installing: /home/suzumiyaharuhi/rl_deploy_v2/deploy/install/legged_system/include/iceoryx/v0.1.0/iceoryx_posh/popo/publisher.hpp
-- Installing: /home/suzumiyaharuhi/rl_deploy_v2/deploy/install/legged_system/include/iceoryx/v0.1.0/iceoryx_posh/popo/notification_attorney.hpp
-- Installing: /home/suzumiyaharuhi/rl_deploy_v2/deploy/install/legged_system/include/iceoryx/v0.1.0/iceoryx_posh/popo/trigger.hpp
-- Installing: /home/suzumiyaharuhi/rl_deploy_v2/deploy/install/legged_system/include/iceoryx/v0.1.0/iceoryx_posh/popo/server.hpp
-- Installing: /home/suzumiyaharuhi/rl_deploy_v2/deploy/install/legged_system/include/iceoryx/v0.1.0/iceoryx_posh/popo/request.hpp
-- Installing: /home/suzumiyaharuhi/rl_deploy_v2/deploy/install/legged_system/include/iceoryx/v0.1.0/iceoryx_posh/popo/untyped_client.hpp
-- Installing: /home/suzumiyaharuhi/rl_deploy_v2/deploy/install/legged_system/include/iceoryx/v0.1.0/iceoryx_posh/popo/response.hpp
-- Installing: /home/suzumiyaharuhi/rl_deploy_v2/deploy/install/legged_system/include/iceoryx/v0.1.0/iceoryx_posh/popo/server_options.hpp
-- Installing: /home/suzumiyaharuhi/rl_deploy_v2/deploy/install/legged_system/include/iceoryx/v0.1.0/iceoryx_posh/popo/client.hpp
-- Installing: /home/suzumiyaharuhi/rl_deploy_v2/deploy/install/legged_system/include/iceoryx/v0.1.0/iceoryx_posh/popo/subscriber.hpp
-- Installing: /home/suzumiyaharuhi/rl_deploy_v2/deploy/install/legged_system/include/iceoryx/v0.1.0/iceoryx_posh/popo/trigger_handle.hpp
-- Installing: /home/suzumiyaharuhi/rl_deploy_v2/deploy/install/legged_system/include/iceoryx/v0.1.0/iceoryx_posh/popo/untyped_subscriber.hpp
-- Installing: /home/suzumiyaharuhi/rl_deploy_v2/deploy/install/legged_system/include/iceoryx/v0.1.0/iceoryx_posh/popo/untyped_publisher.hpp
-- Installing: /home/suzumiyaharuhi/rl_deploy_v2/deploy/install/legged_system/include/iceoryx/v0.1.0/iceoryx_posh/popo/subscriber_options.hpp
-- Installing: /home/suzumiyaharuhi/rl_deploy_v2/deploy/install/legged_system/include/iceoryx/v0.1.0/iceoryx_posh/popo/untyped_server.hpp
-- Installing: /home/suzumiyaharuhi/rl_deploy_v2/deploy/install/legged_system/include/iceoryx/v0.1.0/iceoryx_posh/popo/enum_trigger_type.hpp
-- Installing: /home/suzumiyaharuhi/rl_deploy_v2/deploy/install/legged_system/include/iceoryx/v0.1.0/iceoryx_posh/popo/user_trigger.hpp
-- Installing: /home/suzumiyaharuhi/rl_deploy_v2/deploy/install/legged_system/include/iceoryx/v0.1.0/iceoryx_posh/gateway
-- Installing: /home/suzumiyaharuhi/rl_deploy_v2/deploy/install/legged_system/include/iceoryx/v0.1.0/iceoryx_posh/gateway/gateway_discovery.hpp
-- Installing: /home/suzumiyaharuhi/rl_deploy_v2/deploy/install/legged_system/include/iceoryx/v0.1.0/iceoryx_posh/gateway/toml_gateway_config_parser.hpp
-- Installing: /home/suzumiyaharuhi/rl_deploy_v2/deploy/install/legged_system/include/iceoryx/v0.1.0/iceoryx_posh/gateway/gateway_generic.hpp
-- Installing: /home/suzumiyaharuhi/rl_deploy_v2/deploy/install/legged_system/include/iceoryx/v0.1.0/iceoryx_posh/gateway/gateway_base.hpp
-- Installing: /home/suzumiyaharuhi/rl_deploy_v2/deploy/install/legged_system/include/iceoryx/v0.1.0/iceoryx_posh/gateway/channel.hpp
-- Installing: /home/suzumiyaharuhi/rl_deploy_v2/deploy/install/legged_system/include/iceoryx/v0.1.0/iceoryx_posh/gateway/gateway_config.hpp
-- Installing: /home/suzumiyaharuhi/rl_deploy_v2/deploy/install/legged_system/include/iceoryx/v0.1.0/iceoryx_posh/iceoryx_posh_config.hpp
-- Installing: /home/suzumiyaharuhi/rl_deploy_v2/deploy/install/legged_system/include/iceoryx/v0.1.0/iceoryx_posh/capro
-- Installing: /home/suzumiyaharuhi/rl_deploy_v2/deploy/install/legged_system/include/iceoryx/v0.1.0/iceoryx_posh/capro/service_description.hpp
-- Installing: /home/suzumiyaharuhi/rl_deploy_v2/deploy/install/legged_system/include/iceoryx/v0.1.0/iceoryx_posh/iceoryx_posh_types.inl
-- Installing: /home/suzumiyaharuhi/rl_deploy_v2/deploy/install/legged_system/include/iceoryx/v0.1.0/iceoryx_posh/mepoo
-- Installing: /home/suzumiyaharuhi/rl_deploy_v2/deploy/install/legged_system/include/iceoryx/v0.1.0/iceoryx_posh/mepoo/memory_info.hpp
-- Installing: /home/suzumiyaharuhi/rl_deploy_v2/deploy/install/legged_system/include/iceoryx/v0.1.0/iceoryx_posh/mepoo/mepoo_config.hpp
-- Installing: /home/suzumiyaharuhi/rl_deploy_v2/deploy/install/legged_system/include/iceoryx/v0.1.0/iceoryx_posh/mepoo/segment_config.hpp
-- Installing: /home/suzumiyaharuhi/rl_deploy_v2/deploy/install/legged_system/include/iceoryx/v0.1.0/iceoryx_posh/mepoo/chunk_header.hpp
-- Installing: /home/suzumiyaharuhi/rl_deploy_v2/deploy/install/legged_system/include/iceoryx/v0.1.0/iceoryx_posh/mepoo/chunk_settings.hpp
-- Installing: /home/suzumiyaharuhi/rl_deploy_v2/deploy/install/legged_system/lib/cmake/iceoryx_posh/iceoryx_poshConfigVersion.cmake
-- Installing: /home/suzumiyaharuhi/rl_deploy_v2/deploy/install/legged_system/lib/cmake/iceoryx_posh/iceoryx_poshConfig.cmake
-- Installing: /home/suzumiyaharuhi/rl_deploy_v2/deploy/install/legged_system/lib/cmake/iceoryx_posh/iceoryx_poshTargets.cmake
-- Installing: /home/suzumiyaharuhi/rl_deploy_v2/deploy/install/legged_system/lib/libiceoryx_introspection.a
-- Up-to-date: /home/suzumiyaharuhi/rl_deploy_v2/deploy/install/legged_system/include/iceoryx/v0.1.0
-- Installing: /home/suzumiyaharuhi/rl_deploy_v2/deploy/install/legged_system/include/iceoryx/v0.1.0/iceoryx_introspection
-- Installing: /home/suzumiyaharuhi/rl_deploy_v2/deploy/install/legged_system/include/iceoryx/v0.1.0/iceoryx_introspection/introspection_types.hpp
-- Installing: /home/suzumiyaharuhi/rl_deploy_v2/deploy/install/legged_system/include/iceoryx/v0.1.0/iceoryx_introspection/introspection_app.hpp
-- Installing: /home/suzumiyaharuhi/rl_deploy_v2/deploy/install/legged_system/include/iceoryx/v0.1.0/iceoryx_introspection/iceoryx_introspection_app.hpp
-- Installing: /home/suzumiyaharuhi/rl_deploy_v2/deploy/install/legged_system/lib/cmake/iceoryx_introspection/iceoryx_introspectionConfigVersion.cmake
-- Installing: /home/suzumiyaharuhi/rl_deploy_v2/deploy/install/legged_system/lib/cmake/iceoryx_introspection/iceoryx_introspectionConfig.cmake
-- Installing: /home/suzumiyaharuhi/rl_deploy_v2/deploy/install/legged_system/lib/cmake/iceoryx_introspection/iceoryx_introspectionTargets.cmake
-- Installing: /home/suzumiyaharuhi/rl_deploy_v2/deploy/install/legged_system/bin/iox-introspection-client
-- Installing: /home/suzumiyaharuhi/rl_deploy_v2/deploy/install/legged_system/share/doc/iceoryx_binding_c/LICENSE
-- Installing: /home/suzumiyaharuhi/rl_deploy_v2/deploy/install/legged_system/lib/libiceoryx_binding_c.a
-- Up-to-date: /home/suzumiyaharuhi/rl_deploy_v2/deploy/install/legged_system/include/iceoryx/v0.1.0
-- Installing: /home/suzumiyaharuhi/rl_deploy_v2/deploy/install/legged_system/include/iceoryx/v0.1.0/iceoryx_binding_c
-- Installing: /home/suzumiyaharuhi/rl_deploy_v2/deploy/install/legged_system/include/iceoryx/v0.1.0/iceoryx_binding_c/listener.h
-- Installing: /home/suzumiyaharuhi/rl_deploy_v2/deploy/install/legged_system/include/iceoryx/v0.1.0/iceoryx_binding_c/types.h
-- Installing: /home/suzumiyaharuhi/rl_deploy_v2/deploy/install/legged_system/include/iceoryx/v0.1.0/iceoryx_binding_c/runtime.h
-- Installing: /home/suzumiyaharuhi/rl_deploy_v2/deploy/install/legged_system/include/iceoryx/v0.1.0/iceoryx_binding_c/wait_set.h
-- Installing: /home/suzumiyaharuhi/rl_deploy_v2/deploy/install/legged_system/include/iceoryx/v0.1.0/iceoryx_binding_c/request_header.h
-- Installing: /home/suzumiyaharuhi/rl_deploy_v2/deploy/install/legged_system/include/iceoryx/v0.1.0/iceoryx_binding_c/chunk.h
-- Installing: /home/suzumiyaharuhi/rl_deploy_v2/deploy/install/legged_system/include/iceoryx/v0.1.0/iceoryx_binding_c/config.h
-- Installing: /home/suzumiyaharuhi/rl_deploy_v2/deploy/install/legged_system/include/iceoryx/v0.1.0/iceoryx_binding_c/internal
-- Installing: /home/suzumiyaharuhi/rl_deploy_v2/deploy/install/legged_system/include/iceoryx/v0.1.0/iceoryx_binding_c/internal/c2cpp_binding.h
-- Installing: /home/suzumiyaharuhi/rl_deploy_v2/deploy/install/legged_system/include/iceoryx/v0.1.0/iceoryx_binding_c/internal/cpp2c_enum_translation.hpp
-- Installing: /home/suzumiyaharuhi/rl_deploy_v2/deploy/install/legged_system/include/iceoryx/v0.1.0/iceoryx_binding_c/internal/binding_c_error_reporting.hpp
-- Installing: /home/suzumiyaharuhi/rl_deploy_v2/deploy/install/legged_system/include/iceoryx/v0.1.0/iceoryx_binding_c/internal/cpp2c_subscriber.hpp
-- Installing: /home/suzumiyaharuhi/rl_deploy_v2/deploy/install/legged_system/include/iceoryx/v0.1.0/iceoryx_binding_c/internal/cpp2c_publisher.hpp
-- Installing: /home/suzumiyaharuhi/rl_deploy_v2/deploy/install/legged_system/include/iceoryx/v0.1.0/iceoryx_binding_c/internal/cpp2c_service_description_translation.hpp
-- Installing: /home/suzumiyaharuhi/rl_deploy_v2/deploy/install/legged_system/include/iceoryx/v0.1.0/iceoryx_binding_c/internal/cpp2c_waitset.hpp
-- Installing: /home/suzumiyaharuhi/rl_deploy_v2/deploy/install/legged_system/include/iceoryx/v0.1.0/iceoryx_binding_c/internal/c2cpp_enum_translation.hpp
-- Installing: /home/suzumiyaharuhi/rl_deploy_v2/deploy/install/legged_system/include/iceoryx/v0.1.0/iceoryx_binding_c/notification_info.h
-- Installing: /home/suzumiyaharuhi/rl_deploy_v2/deploy/install/legged_system/include/iceoryx/v0.1.0/iceoryx_binding_c/log.h
-- Installing: /home/suzumiyaharuhi/rl_deploy_v2/deploy/install/legged_system/include/iceoryx/v0.1.0/iceoryx_binding_c/service_description.h
-- Installing: /home/suzumiyaharuhi/rl_deploy_v2/deploy/install/legged_system/include/iceoryx/v0.1.0/iceoryx_binding_c/service_discovery.h
-- Installing: /home/suzumiyaharuhi/rl_deploy_v2/deploy/install/legged_system/include/iceoryx/v0.1.0/iceoryx_binding_c/response_header.h
-- Installing: /home/suzumiyaharuhi/rl_deploy_v2/deploy/install/legged_system/include/iceoryx/v0.1.0/iceoryx_binding_c/client.h
-- Installing: /home/suzumiyaharuhi/rl_deploy_v2/deploy/install/legged_system/include/iceoryx/v0.1.0/iceoryx_binding_c/server.h
-- Installing: /home/suzumiyaharuhi/rl_deploy_v2/deploy/install/legged_system/include/iceoryx/v0.1.0/iceoryx_binding_c/enums.h
-- Installing: /home/suzumiyaharuhi/rl_deploy_v2/deploy/install/legged_system/include/iceoryx/v0.1.0/iceoryx_binding_c/api.h
-- Installing: /home/suzumiyaharuhi/rl_deploy_v2/deploy/install/legged_system/include/iceoryx/v0.1.0/iceoryx_binding_c/publisher.h
-- Installing: /home/suzumiyaharuhi/rl_deploy_v2/deploy/install/legged_system/include/iceoryx/v0.1.0/iceoryx_binding_c/subscriber.h
-- Installing: /home/suzumiyaharuhi/rl_deploy_v2/deploy/install/legged_system/include/iceoryx/v0.1.0/iceoryx_binding_c/user_trigger.h
-- Installing: /home/suzumiyaharuhi/rl_deploy_v2/deploy/install/legged_system/lib/cmake/iceoryx_binding_c/iceoryx_binding_cConfigVersion.cmake
-- Installing: /home/suzumiyaharuhi/rl_deploy_v2/deploy/install/legged_system/lib/cmake/iceoryx_binding_c/iceoryx_binding_cConfig.cmake
-- Installing: /home/suzumiyaharuhi/rl_deploy_v2/deploy/install/legged_system/lib/cmake/iceoryx_binding_c/iceoryx_binding_cTargets.cmake
-- Installing: /home/suzumiyaharuhi/rl_deploy_v2/deploy/install/legged_system/include/aimrt/util/block_queue.h
-- Installing: /home/suzumiyaharuhi/rl_deploy_v2/deploy/install/legged_system/include/aimrt/util/buffer_util.h
-- Installing: /home/suzumiyaharuhi/rl_deploy_v2/deploy/install/legged_system/include/aimrt/util/deferred.h
-- Installing: /home/suzumiyaharuhi/rl_deploy_v2/deploy/install/legged_system/include/aimrt/util/dynamiclatch.h
-- Installing: /home/suzumiyaharuhi/rl_deploy_v2/deploy/install/legged_system/include/aimrt/util/exception.h
-- Installing: /home/suzumiyaharuhi/rl_deploy_v2/deploy/install/legged_system/include/aimrt/util/format.h
-- Installing: /home/suzumiyaharuhi/rl_deploy_v2/deploy/install/legged_system/include/aimrt/util/light_signal.h
-- Installing: /home/suzumiyaharuhi/rl_deploy_v2/deploy/install/legged_system/include/aimrt/util/log_util.h
-- Installing: /home/suzumiyaharuhi/rl_deploy_v2/deploy/install/legged_system/include/aimrt/util/same_arg_trait.h
-- Installing: /home/suzumiyaharuhi/rl_deploy_v2/deploy/install/legged_system/include/aimrt/util/stl_tool.h
-- Installing: /home/suzumiyaharuhi/rl_deploy_v2/deploy/install/legged_system/include/aimrt/util/string_util.h
-- Installing: /home/suzumiyaharuhi/rl_deploy_v2/deploy/install/legged_system/include/aimrt/util/sys_tools.h
-- Installing: /home/suzumiyaharuhi/rl_deploy_v2/deploy/install/legged_system/include/aimrt/util/time_util.h
-- Installing: /home/suzumiyaharuhi/rl_deploy_v2/deploy/install/legged_system/include/aimrt/util/url_encode.h
-- Installing: /home/suzumiyaharuhi/rl_deploy_v2/deploy/install/legged_system/include/aimrt/util/url_parser.h
-- Installing: /home/suzumiyaharuhi/rl_deploy_v2/deploy/install/legged_system/include/aimrt/ros2_util/json_convert.h
-- Installing: /home/suzumiyaharuhi/rl_deploy_v2/deploy/install/legged_system/include/aimrt/ros2_util/json_cpp_utils.h
-- Installing: /home/suzumiyaharuhi/rl_deploy_v2/deploy/install/legged_system/include/aimrt/ros2_util/rostype_mapping.h
-- Installing: /home/suzumiyaharuhi/rl_deploy_v2/deploy/install/legged_system/include/aimrt/ros2_util/type_support_util.h
-- Installing: /home/suzumiyaharuhi/rl_deploy_v2/deploy/install/legged_system/include/aimrt/ros2_util/yaml_convert.h
-- Installing: /home/suzumiyaharuhi/rl_deploy_v2/deploy/install/legged_system/include/aimrt/ros2_util/yaml_cpp_utils.h
-- Installing: /home/suzumiyaharuhi/rl_deploy_v2/deploy/install/legged_system/include/aimrt/aimrt_module_c_interface/aimrt_module_c_interface.h
-- Installing: /home/suzumiyaharuhi/rl_deploy_v2/deploy/install/legged_system/include/aimrt/aimrt_module_c_interface/core_base.h
-- Installing: /home/suzumiyaharuhi/rl_deploy_v2/deploy/install/legged_system/include/aimrt/aimrt_module_c_interface/module_base.h
-- Installing: /home/suzumiyaharuhi/rl_deploy_v2/deploy/install/legged_system/include/aimrt/aimrt_module_c_interface/allocator/allocator_base.h
-- Installing: /home/suzumiyaharuhi/rl_deploy_v2/deploy/install/legged_system/include/aimrt/aimrt_module_c_interface/channel/channel_context_base.h
-- Installing: /home/suzumiyaharuhi/rl_deploy_v2/deploy/install/legged_system/include/aimrt/aimrt_module_c_interface/channel/channel_handle_base.h
-- Installing: /home/suzumiyaharuhi/rl_deploy_v2/deploy/install/legged_system/include/aimrt/aimrt_module_c_interface/configurator/configurator_base.h
-- Installing: /home/suzumiyaharuhi/rl_deploy_v2/deploy/install/legged_system/include/aimrt/aimrt_module_c_interface/executor/executor_base.h
-- Installing: /home/suzumiyaharuhi/rl_deploy_v2/deploy/install/legged_system/include/aimrt/aimrt_module_c_interface/executor/executor_manager_base.h
-- Installing: /home/suzumiyaharuhi/rl_deploy_v2/deploy/install/legged_system/include/aimrt/aimrt_module_c_interface/logger/logger_base.h
-- Installing: /home/suzumiyaharuhi/rl_deploy_v2/deploy/install/legged_system/include/aimrt/aimrt_module_c_interface/parameter/parameter_handle_base.h
-- Installing: /home/suzumiyaharuhi/rl_deploy_v2/deploy/install/legged_system/include/aimrt/aimrt_module_c_interface/rpc/rpc_context_base.h
-- Installing: /home/suzumiyaharuhi/rl_deploy_v2/deploy/install/legged_system/include/aimrt/aimrt_module_c_interface/rpc/rpc_handle_base.h
-- Installing: /home/suzumiyaharuhi/rl_deploy_v2/deploy/install/legged_system/include/aimrt/aimrt_module_c_interface/rpc/rpc_status_base.h
-- Installing: /home/suzumiyaharuhi/rl_deploy_v2/deploy/install/legged_system/include/aimrt/aimrt_module_c_interface/util/buffer_base.h
-- Installing: /home/suzumiyaharuhi/rl_deploy_v2/deploy/install/legged_system/include/aimrt/aimrt_module_c_interface/util/function_base.h
-- Installing: /home/suzumiyaharuhi/rl_deploy_v2/deploy/install/legged_system/include/aimrt/aimrt_module_c_interface/util/string.h
-- Installing: /home/suzumiyaharuhi/rl_deploy_v2/deploy/install/legged_system/include/aimrt/aimrt_module_c_interface/util/type_support_base.h
-- Installing: /home/suzumiyaharuhi/rl_deploy_v2/deploy/install/legged_system/include/aimrt/aimrt_module_cpp_interface/aimrt_module_cpp_interface.h
-- Installing: /home/suzumiyaharuhi/rl_deploy_v2/deploy/install/legged_system/include/aimrt/aimrt_module_cpp_interface/core.h
-- Installing: /home/suzumiyaharuhi/rl_deploy_v2/deploy/install/legged_system/include/aimrt/aimrt_module_cpp_interface/module_base.h
-- Installing: /home/suzumiyaharuhi/rl_deploy_v2/deploy/install/legged_system/include/aimrt/aimrt_module_cpp_interface/allocator/allocator.h
-- Installing: /home/suzumiyaharuhi/rl_deploy_v2/deploy/install/legged_system/include/aimrt/aimrt_module_cpp_interface/channel/channel_context.h
-- Installing: /home/suzumiyaharuhi/rl_deploy_v2/deploy/install/legged_system/include/aimrt/aimrt_module_cpp_interface/channel/channel_handle.h
-- Installing: /home/suzumiyaharuhi/rl_deploy_v2/deploy/install/legged_system/include/aimrt/aimrt_module_cpp_interface/co/aimrt_context.h
-- Installing: /home/suzumiyaharuhi/rl_deploy_v2/deploy/install/legged_system/include/aimrt/aimrt_module_cpp_interface/co/async_scope.h
-- Installing: /home/suzumiyaharuhi/rl_deploy_v2/deploy/install/legged_system/include/aimrt/aimrt_module_cpp_interface/co/inline_scheduler.h
-- Installing: /home/suzumiyaharuhi/rl_deploy_v2/deploy/install/legged_system/include/aimrt/aimrt_module_cpp_interface/co/on.h
-- Installing: /home/suzumiyaharuhi/rl_deploy_v2/deploy/install/legged_system/include/aimrt/aimrt_module_cpp_interface/co/schedule.h
-- Installing: /home/suzumiyaharuhi/rl_deploy_v2/deploy/install/legged_system/include/aimrt/aimrt_module_cpp_interface/co/start_detached.h
-- Installing: /home/suzumiyaharuhi/rl_deploy_v2/deploy/install/legged_system/include/aimrt/aimrt_module_cpp_interface/co/sync_wait.h
-- Installing: /home/suzumiyaharuhi/rl_deploy_v2/deploy/install/legged_system/include/aimrt/aimrt_module_cpp_interface/co/task.h
-- Installing: /home/suzumiyaharuhi/rl_deploy_v2/deploy/install/legged_system/include/aimrt/aimrt_module_cpp_interface/co/then.h
-- Installing: /home/suzumiyaharuhi/rl_deploy_v2/deploy/install/legged_system/include/aimrt/aimrt_module_cpp_interface/configurator/configurator.h
-- Installing: /home/suzumiyaharuhi/rl_deploy_v2/deploy/install/legged_system/include/aimrt/aimrt_module_cpp_interface/context/channel_context.h
-- Installing: /home/suzumiyaharuhi/rl_deploy_v2/deploy/install/legged_system/include/aimrt/aimrt_module_cpp_interface/context/context.h
-- Installing: /home/suzumiyaharuhi/rl_deploy_v2/deploy/install/legged_system/include/aimrt/aimrt_module_cpp_interface/context/op_base.h
-- Installing: /home/suzumiyaharuhi/rl_deploy_v2/deploy/install/legged_system/include/aimrt/aimrt_module_cpp_interface/context/op_cli.h
-- Installing: /home/suzumiyaharuhi/rl_deploy_v2/deploy/install/legged_system/include/aimrt/aimrt_module_cpp_interface/context/op_log.h
-- Installing: /home/suzumiyaharuhi/rl_deploy_v2/deploy/install/legged_system/include/aimrt/aimrt_module_cpp_interface/context/op_pub.h
-- Installing: /home/suzumiyaharuhi/rl_deploy_v2/deploy/install/legged_system/include/aimrt/aimrt_module_cpp_interface/context/op_srv.h
-- Installing: /home/suzumiyaharuhi/rl_deploy_v2/deploy/install/legged_system/include/aimrt/aimrt_module_cpp_interface/context/op_sub.h
-- Installing: /home/suzumiyaharuhi/rl_deploy_v2/deploy/install/legged_system/include/aimrt/aimrt_module_cpp_interface/context/rpc_context.h
-- Installing: /home/suzumiyaharuhi/rl_deploy_v2/deploy/install/legged_system/include/aimrt/aimrt_module_cpp_interface/context/details/concepts.h
-- Installing: /home/suzumiyaharuhi/rl_deploy_v2/deploy/install/legged_system/include/aimrt/aimrt_module_cpp_interface/context/details/thread_context.h
-- Installing: /home/suzumiyaharuhi/rl_deploy_v2/deploy/install/legged_system/include/aimrt/aimrt_module_cpp_interface/context/details/type_support.h
-- Installing: /home/suzumiyaharuhi/rl_deploy_v2/deploy/install/legged_system/include/aimrt/aimrt_module_cpp_interface/context/res/base.h
-- Installing: /home/suzumiyaharuhi/rl_deploy_v2/deploy/install/legged_system/include/aimrt/aimrt_module_cpp_interface/context/res/channel.h
-- Installing: /home/suzumiyaharuhi/rl_deploy_v2/deploy/install/legged_system/include/aimrt/aimrt_module_cpp_interface/context/res/service.h
-- Installing: /home/suzumiyaharuhi/rl_deploy_v2/deploy/install/legged_system/include/aimrt/aimrt_module_cpp_interface/executor/executor.h
-- Installing: /home/suzumiyaharuhi/rl_deploy_v2/deploy/install/legged_system/include/aimrt/aimrt_module_cpp_interface/executor/executor_manager.h
-- Installing: /home/suzumiyaharuhi/rl_deploy_v2/deploy/install/legged_system/include/aimrt/aimrt_module_cpp_interface/executor/timer.h
-- Installing: /home/suzumiyaharuhi/rl_deploy_v2/deploy/install/legged_system/include/aimrt/aimrt_module_cpp_interface/logger/logger.h
-- Installing: /home/suzumiyaharuhi/rl_deploy_v2/deploy/install/legged_system/include/aimrt/aimrt_module_cpp_interface/parameter/parameter_handle.h
-- Installing: /home/suzumiyaharuhi/rl_deploy_v2/deploy/install/legged_system/include/aimrt/aimrt_module_cpp_interface/rpc/rpc_co_filter.h
-- Installing: /home/suzumiyaharuhi/rl_deploy_v2/deploy/install/legged_system/include/aimrt/aimrt_module_cpp_interface/rpc/rpc_context.h
-- Installing: /home/suzumiyaharuhi/rl_deploy_v2/deploy/install/legged_system/include/aimrt/aimrt_module_cpp_interface/rpc/rpc_handle.h
-- Installing: /home/suzumiyaharuhi/rl_deploy_v2/deploy/install/legged_system/include/aimrt/aimrt_module_cpp_interface/rpc/rpc_status.h
-- Installing: /home/suzumiyaharuhi/rl_deploy_v2/deploy/install/legged_system/include/aimrt/aimrt_module_cpp_interface/util/buffer.h
-- Installing: /home/suzumiyaharuhi/rl_deploy_v2/deploy/install/legged_system/include/aimrt/aimrt_module_cpp_interface/util/buffer_array_allocator.h
-- Installing: /home/suzumiyaharuhi/rl_deploy_v2/deploy/install/legged_system/include/aimrt/aimrt_module_cpp_interface/util/function.h
-- Installing: /home/suzumiyaharuhi/rl_deploy_v2/deploy/install/legged_system/include/aimrt/aimrt_module_cpp_interface/util/string.h
-- Installing: /home/suzumiyaharuhi/rl_deploy_v2/deploy/install/legged_system/include/aimrt/aimrt_module_cpp_interface/util/type_support.h
-- Installing: /home/suzumiyaharuhi/rl_deploy_v2/deploy/install/legged_system/include/aimrt/aimrt_module_cpp_interface/util/version.h
-- Installing: /home/suzumiyaharuhi/rl_deploy_v2/deploy/install/legged_system/include/aimrt/aimrt_pkg_c_interface/aimrt_pkg_c_interface.h
-- Installing: /home/suzumiyaharuhi/rl_deploy_v2/deploy/install/legged_system/include/aimrt/aimrt_pkg_c_interface/pkg_export.h
-- Installing: /home/suzumiyaharuhi/rl_deploy_v2/deploy/install/legged_system/include/aimrt/aimrt_pkg_c_interface/pkg_macro.h
-- Installing: /home/suzumiyaharuhi/rl_deploy_v2/deploy/install/legged_system/include/aimrt/aimrt_pkg_c_interface/pkg_main.h
-- Installing: /home/suzumiyaharuhi/rl_deploy_v2/deploy/install/legged_system/include/aimrt/aimrt_type_support_pkg_c_interface/aimrt_type_support_pkg_c_interface.h
-- Installing: /home/suzumiyaharuhi/rl_deploy_v2/deploy/install/legged_system/include/aimrt/aimrt_type_support_pkg_c_interface/type_support_pkg_export.h
-- Installing: /home/suzumiyaharuhi/rl_deploy_v2/deploy/install/legged_system/include/aimrt/aimrt_type_support_pkg_c_interface/type_support_pkg_main.h
-- Installing: /home/suzumiyaharuhi/rl_deploy_v2/deploy/install/legged_system/include/aimrt/aimrt_module_protobuf_interface/aimrt_module_protobuf_interface.h
-- Installing: /home/suzumiyaharuhi/rl_deploy_v2/deploy/install/legged_system/include/aimrt/aimrt_module_protobuf_interface/channel/protobuf_channel.h
-- Installing: /home/suzumiyaharuhi/rl_deploy_v2/deploy/install/legged_system/include/aimrt/aimrt_module_protobuf_interface/util/protobuf_tools.h
-- Installing: /home/suzumiyaharuhi/rl_deploy_v2/deploy/install/legged_system/include/aimrt/aimrt_module_protobuf_interface/util/protobuf_type_support.h
-- Installing: /home/suzumiyaharuhi/rl_deploy_v2/deploy/install/legged_system/include/aimrt/aimrt_module_protobuf_interface/util/protobuf_zero_copy_stream.h
-- Installing: /home/suzumiyaharuhi/rl_deploy_v2/deploy/install/legged_system/include/aimrt/aimrt_module_ros2_interface/aimrt_module_ros2_interface.h
-- Installing: /home/suzumiyaharuhi/rl_deploy_v2/deploy/install/legged_system/include/aimrt/aimrt_module_ros2_interface/channel/ros2_channel.h
-- Installing: /home/suzumiyaharuhi/rl_deploy_v2/deploy/install/legged_system/include/aimrt/aimrt_module_ros2_interface/util/ros2_rcl_serialized_message_adapter.h
-- Installing: /home/suzumiyaharuhi/rl_deploy_v2/deploy/install/legged_system/include/aimrt/aimrt_module_ros2_interface/util/ros2_type_support.h
-- Installing: /home/suzumiyaharuhi/rl_deploy_v2/deploy/install/legged_system/include/aimrt/aimrt_core_plugin_interface/aimrt_core_plugin_base.h
-- Installing: /home/suzumiyaharuhi/rl_deploy_v2/deploy/install/legged_system/include/aimrt/aimrt_core_plugin_interface/aimrt_core_plugin_export.h
-- Installing: /home/suzumiyaharuhi/rl_deploy_v2/deploy/install/legged_system/include/aimrt/aimrt_core_plugin_interface/aimrt_core_plugin_interface.h
-- Installing: /home/suzumiyaharuhi/rl_deploy_v2/deploy/install/legged_system/include/aimrt/aimrt_core_plugin_interface/aimrt_core_plugin_main.h
-- Installing: /home/suzumiyaharuhi/rl_deploy_v2/deploy/install/legged_system/lib/libaimrt_runtime_core.a
-- Installing: /home/suzumiyaharuhi/rl_deploy_v2/deploy/install/legged_system/include/aimrt/core/aimrt_core.h
-- Installing: /home/suzumiyaharuhi/rl_deploy_v2/deploy/install/legged_system/include/aimrt/core/allocator/allocator_manager.h
-- Installing: /home/suzumiyaharuhi/rl_deploy_v2/deploy/install/legged_system/include/aimrt/core/allocator/allocator_proxy.h
-- Installing: /home/suzumiyaharuhi/rl_deploy_v2/deploy/install/legged_system/include/aimrt/core/channel/channel_backend_base.h
-- Installing: /home/suzumiyaharuhi/rl_deploy_v2/deploy/install/legged_system/include/aimrt/core/channel/channel_backend_manager.h
-- Installing: /home/suzumiyaharuhi/rl_deploy_v2/deploy/install/legged_system/include/aimrt/core/channel/channel_backend_tools.h
-- Installing: /home/suzumiyaharuhi/rl_deploy_v2/deploy/install/legged_system/include/aimrt/core/channel/channel_framework_async_filter.h
-- Installing: /home/suzumiyaharuhi/rl_deploy_v2/deploy/install/legged_system/include/aimrt/core/channel/channel_handle_proxy.h
-- Installing: /home/suzumiyaharuhi/rl_deploy_v2/deploy/install/legged_system/include/aimrt/core/channel/channel_manager.h
-- Installing: /home/suzumiyaharuhi/rl_deploy_v2/deploy/install/legged_system/include/aimrt/core/channel/channel_msg_wrapper.h
-- Installing: /home/suzumiyaharuhi/rl_deploy_v2/deploy/install/legged_system/include/aimrt/core/channel/channel_registry.h
-- Installing: /home/suzumiyaharuhi/rl_deploy_v2/deploy/install/legged_system/include/aimrt/core/channel/local_channel_backend.h
-- Installing: /home/suzumiyaharuhi/rl_deploy_v2/deploy/install/legged_system/include/aimrt/core/configurator/configurator_manager.h
-- Installing: /home/suzumiyaharuhi/rl_deploy_v2/deploy/install/legged_system/include/aimrt/core/configurator/configurator_proxy.h
-- Installing: /home/suzumiyaharuhi/rl_deploy_v2/deploy/install/legged_system/include/aimrt/core/executor/asio_strand_executor.h
-- Installing: /home/suzumiyaharuhi/rl_deploy_v2/deploy/install/legged_system/include/aimrt/core/executor/asio_thread_executor.h
-- Installing: /home/suzumiyaharuhi/rl_deploy_v2/deploy/install/legged_system/include/aimrt/core/executor/executor_base.h
-- Installing: /home/suzumiyaharuhi/rl_deploy_v2/deploy/install/legged_system/include/aimrt/core/executor/executor_manager.h
-- Installing: /home/suzumiyaharuhi/rl_deploy_v2/deploy/install/legged_system/include/aimrt/core/executor/executor_proxy.h
-- Installing: /home/suzumiyaharuhi/rl_deploy_v2/deploy/install/legged_system/include/aimrt/core/executor/guard_thread_executor.h
-- Installing: /home/suzumiyaharuhi/rl_deploy_v2/deploy/install/legged_system/include/aimrt/core/executor/main_thread_executor.h
-- Installing: /home/suzumiyaharuhi/rl_deploy_v2/deploy/install/legged_system/include/aimrt/core/executor/simple_thread_executor.h
-- Installing: /home/suzumiyaharuhi/rl_deploy_v2/deploy/install/legged_system/include/aimrt/core/executor/tbb_thread_executor.h
-- Installing: /home/suzumiyaharuhi/rl_deploy_v2/deploy/install/legged_system/include/aimrt/core/executor/time_wheel_executor.h
-- Installing: /home/suzumiyaharuhi/rl_deploy_v2/deploy/install/legged_system/include/aimrt/core/logger/console_logger_backend.h
-- Installing: /home/suzumiyaharuhi/rl_deploy_v2/deploy/install/legged_system/include/aimrt/core/logger/formatter.h
-- Installing: /home/suzumiyaharuhi/rl_deploy_v2/deploy/install/legged_system/include/aimrt/core/logger/log_data_wrapper.h
-- Installing: /home/suzumiyaharuhi/rl_deploy_v2/deploy/install/legged_system/include/aimrt/core/logger/log_level_tool.h
-- Installing: /home/suzumiyaharuhi/rl_deploy_v2/deploy/install/legged_system/include/aimrt/core/logger/logger_backend_base.h
-- Installing: /home/suzumiyaharuhi/rl_deploy_v2/deploy/install/legged_system/include/aimrt/core/logger/logger_manager.h
-- Installing: /home/suzumiyaharuhi/rl_deploy_v2/deploy/install/legged_system/include/aimrt/core/logger/logger_proxy.h
-- Installing: /home/suzumiyaharuhi/rl_deploy_v2/deploy/install/legged_system/include/aimrt/core/logger/os.h
-- Installing: /home/suzumiyaharuhi/rl_deploy_v2/deploy/install/legged_system/include/aimrt/core/logger/rotate_file_logger_backend.h
-- Installing: /home/suzumiyaharuhi/rl_deploy_v2/deploy/install/legged_system/include/aimrt/core/module/core_proxy.h
-- Installing: /home/suzumiyaharuhi/rl_deploy_v2/deploy/install/legged_system/include/aimrt/core/module/module_loader.h
-- Installing: /home/suzumiyaharuhi/rl_deploy_v2/deploy/install/legged_system/include/aimrt/core/module/module_manager.h
-- Installing: /home/suzumiyaharuhi/rl_deploy_v2/deploy/install/legged_system/include/aimrt/core/parameter/parameter_handle.h
-- Installing: /home/suzumiyaharuhi/rl_deploy_v2/deploy/install/legged_system/include/aimrt/core/parameter/parameter_handle_proxy.h
-- Installing: /home/suzumiyaharuhi/rl_deploy_v2/deploy/install/legged_system/include/aimrt/core/parameter/parameter_manager.h
-- Installing: /home/suzumiyaharuhi/rl_deploy_v2/deploy/install/legged_system/include/aimrt/core/plugin/plugin_loader.h
-- Installing: /home/suzumiyaharuhi/rl_deploy_v2/deploy/install/legged_system/include/aimrt/core/plugin/plugin_manager.h
-- Installing: /home/suzumiyaharuhi/rl_deploy_v2/deploy/install/legged_system/include/aimrt/core/rpc/local_rpc_backend.h
-- Installing: /home/suzumiyaharuhi/rl_deploy_v2/deploy/install/legged_system/include/aimrt/core/rpc/rpc_backend_base.h
-- Installing: /home/suzumiyaharuhi/rl_deploy_v2/deploy/install/legged_system/include/aimrt/core/rpc/rpc_backend_manager.h
-- Installing: /home/suzumiyaharuhi/rl_deploy_v2/deploy/install/legged_system/include/aimrt/core/rpc/rpc_backend_tools.h
-- Installing: /home/suzumiyaharuhi/rl_deploy_v2/deploy/install/legged_system/include/aimrt/core/rpc/rpc_framework_async_filter.h
-- Installing: /home/suzumiyaharuhi/rl_deploy_v2/deploy/install/legged_system/include/aimrt/core/rpc/rpc_handle_proxy.h
-- Installing: /home/suzumiyaharuhi/rl_deploy_v2/deploy/install/legged_system/include/aimrt/core/rpc/rpc_invoke_wrapper.h
-- Installing: /home/suzumiyaharuhi/rl_deploy_v2/deploy/install/legged_system/include/aimrt/core/rpc/rpc_manager.h
-- Installing: /home/suzumiyaharuhi/rl_deploy_v2/deploy/install/legged_system/include/aimrt/core/rpc/rpc_registry.h
-- Installing: /home/suzumiyaharuhi/rl_deploy_v2/deploy/install/legged_system/include/aimrt/core/util/dynamic_lib.h
-- Installing: /home/suzumiyaharuhi/rl_deploy_v2/deploy/install/legged_system/include/aimrt/core/util/module_detail_info.h
-- Installing: /home/suzumiyaharuhi/rl_deploy_v2/deploy/install/legged_system/include/aimrt/core/util/rpc_client_tool.h
-- Installing: /home/suzumiyaharuhi/rl_deploy_v2/deploy/install/legged_system/include/aimrt/core/util/thread_tools.h
-- Installing: /home/suzumiyaharuhi/rl_deploy_v2/deploy/install/legged_system/include/aimrt/core/util/topic_meta_key.h
-- Installing: /home/suzumiyaharuhi/rl_deploy_v2/deploy/install/legged_system/include/aimrt/core/util/type_support_pkg_loader.h
-- Installing: /home/suzumiyaharuhi/rl_deploy_v2/deploy/install/legged_system/include/aimrt/core/util/version.h
-- Installing: /home/suzumiyaharuhi/rl_deploy_v2/deploy/install/legged_system/include/aimrt/core/util/yaml_tools.h
-- Installing: /home/suzumiyaharuhi/rl_deploy_v2/deploy/install/legged_system/bin/aimrt_main
-- Set runtime path of "/home/suzumiyaharuhi/rl_deploy_v2/deploy/install/legged_system/bin/aimrt_main" to ""
-- Installing: /home/suzumiyaharuhi/rl_deploy_v2/deploy/install/legged_system/bin/protoc_plugin_cpp_gen_aimrt_cpp_rpc
-- Installing: /home/suzumiyaharuhi/rl_deploy_v2/deploy/install/legged_system/cmake/ProtobufAimRTRpcGenCode.cmake
-- Installing: /home/suzumiyaharuhi/rl_deploy_v2/deploy/install/legged_system/cmake/Ros2AimRTRpcGenCode.cmake
-- Installing: /home/suzumiyaharuhi/rl_deploy_v2/deploy/install/legged_system/bin/ros2_py_gen_aimrt_cpp_rpc.py
-- Installing: /home/suzumiyaharuhi/rl_deploy_v2/deploy/install/legged_system/share/common
-- Installing: /home/suzumiyaharuhi/rl_deploy_v2/deploy/install/legged_system/share/common/module.proto
-- Installing: /home/suzumiyaharuhi/rl_deploy_v2/deploy/install/legged_system/share/common/error.proto
-- Installing: /home/suzumiyaharuhi/rl_deploy_v2/deploy/install/legged_system/share/common/header.proto
-- Installing: /home/suzumiyaharuhi/rl_deploy_v2/deploy/install/legged_system/lib/libaimrt_protocols_common_pb_gencode.a
-- Installing: /home/suzumiyaharuhi/rl_deploy_v2/deploy/install/legged_system/include/aimrt_protocols_common_pb_gencode/error.pb.h
-- Installing: /home/suzumiyaharuhi/rl_deploy_v2/deploy/install/legged_system/include/aimrt_protocols_common_pb_gencode/header.pb.h
-- Installing: /home/suzumiyaharuhi/rl_deploy_v2/deploy/install/legged_system/include/aimrt_protocols_common_pb_gencode/module.pb.h
-- Installing: /home/suzumiyaharuhi/rl_deploy_v2/deploy/install/legged_system/bin/libcommon_pb_ts.so
-- Installing: /home/suzumiyaharuhi/rl_deploy_v2/deploy/install/legged_system/share/geometry
-- Installing: /home/suzumiyaharuhi/rl_deploy_v2/deploy/install/legged_system/share/geometry/vector3.proto
-- Installing: /home/suzumiyaharuhi/rl_deploy_v2/deploy/install/legged_system/share/geometry/quaternion.proto
-- Installing: /home/suzumiyaharuhi/rl_deploy_v2/deploy/install/legged_system/lib/libaimrt_protocols_geometry_pb_gencode.a
-- Installing: /home/suzumiyaharuhi/rl_deploy_v2/deploy/install/legged_system/include/aimrt_protocols_geometry_pb_gencode/quaternion.pb.h
-- Installing: /home/suzumiyaharuhi/rl_deploy_v2/deploy/install/legged_system/include/aimrt_protocols_geometry_pb_gencode/vector3.pb.h
-- Installing: /home/suzumiyaharuhi/rl_deploy_v2/deploy/install/legged_system/bin/libgeometry_pb_ts.so
-- Installing: /home/suzumiyaharuhi/rl_deploy_v2/deploy/install/legged_system/share/sensor
-- Installing: /home/suzumiyaharuhi/rl_deploy_v2/deploy/install/legged_system/share/sensor/joint_state.proto
-- Installing: /home/suzumiyaharuhi/rl_deploy_v2/deploy/install/legged_system/share/sensor/imu.proto
-- Installing: /home/suzumiyaharuhi/rl_deploy_v2/deploy/install/legged_system/share/sensor/image.proto
-- Installing: /home/suzumiyaharuhi/rl_deploy_v2/deploy/install/legged_system/share/sensor/touch_sensor_state.proto
-- Installing: /home/suzumiyaharuhi/rl_deploy_v2/deploy/install/legged_system/lib/libaimrt_protocols_sensor_pb_gencode.a
-- Installing: /home/suzumiyaharuhi/rl_deploy_v2/deploy/install/legged_system/include/aimrt_protocols_sensor_pb_gencode/image.pb.h
-- Installing: /home/suzumiyaharuhi/rl_deploy_v2/deploy/install/legged_system/include/aimrt_protocols_sensor_pb_gencode/imu.pb.h
-- Installing: /home/suzumiyaharuhi/rl_deploy_v2/deploy/install/legged_system/include/aimrt_protocols_sensor_pb_gencode/joint_state.pb.h
-- Installing: /home/suzumiyaharuhi/rl_deploy_v2/deploy/install/legged_system/include/aimrt_protocols_sensor_pb_gencode/touch_sensor_state.pb.h
-- Installing: /home/suzumiyaharuhi/rl_deploy_v2/deploy/install/legged_system/bin/libsensor_pb_ts.so
-- Installing: /home/suzumiyaharuhi/rl_deploy_v2/deploy/install/legged_system/share/actuator
-- Installing: /home/suzumiyaharuhi/rl_deploy_v2/deploy/install/legged_system/share/actuator/joint_command.proto
-- Installing: /home/suzumiyaharuhi/rl_deploy_v2/deploy/install/legged_system/lib/libaimrt_protocols_actuator_pb_gencode.a
-- Installing: /home/suzumiyaharuhi/rl_deploy_v2/deploy/install/legged_system/include/aimrt_protocols_actuator_pb_gencode/joint_command.pb.h
-- Installing: /home/suzumiyaharuhi/rl_deploy_v2/deploy/install/legged_system/bin/libactuator_pb_ts.so
-- Installing: /home/suzumiyaharuhi/rl_deploy_v2/deploy/install/legged_system/share/ament_index/resource_index/rosidl_interfaces/aimrt_msgs
-- Installing: /home/suzumiyaharuhi/rl_deploy_v2/deploy/install/legged_system/include/aimrt_msgs/aimrt_msgs
-- Installing: /home/suzumiyaharuhi/rl_deploy_v2/deploy/install/legged_system/include/aimrt_msgs/aimrt_msgs/msg
-- Installing: /home/suzumiyaharuhi/rl_deploy_v2/deploy/install/legged_system/include/aimrt_msgs/aimrt_msgs/msg/joint_state.h
-- Installing: /home/suzumiyaharuhi/rl_deploy_v2/deploy/install/legged_system/include/aimrt_msgs/aimrt_msgs/msg/joint_command_array.h
-- Installing: /home/suzumiyaharuhi/rl_deploy_v2/deploy/install/legged_system/include/aimrt_msgs/aimrt_msgs/msg/rosidl_generator_c__visibility_control.h
-- Installing: /home/suzumiyaharuhi/rl_deploy_v2/deploy/install/legged_system/include/aimrt_msgs/aimrt_msgs/msg/touch_sensor_state.h
-- Installing: /home/suzumiyaharuhi/rl_deploy_v2/deploy/install/legged_system/include/aimrt_msgs/aimrt_msgs/msg/message_header.h
-- Installing: /home/suzumiyaharuhi/rl_deploy_v2/deploy/install/legged_system/include/aimrt_msgs/aimrt_msgs/msg/touch_sensor_state_array.h
-- Installing: /home/suzumiyaharuhi/rl_deploy_v2/deploy/install/legged_system/include/aimrt_msgs/aimrt_msgs/msg/joint_command.h
-- Installing: /home/suzumiyaharuhi/rl_deploy_v2/deploy/install/legged_system/include/aimrt_msgs/aimrt_msgs/msg/joint_state_array.h
-- Installing: /home/suzumiyaharuhi/rl_deploy_v2/deploy/install/legged_system/include/aimrt_msgs/aimrt_msgs/msg/detail
-- Installing: /home/suzumiyaharuhi/rl_deploy_v2/deploy/install/legged_system/include/aimrt_msgs/aimrt_msgs/msg/detail/touch_sensor_state__struct.h
-- Installing: /home/suzumiyaharuhi/rl_deploy_v2/deploy/install/legged_system/include/aimrt_msgs/aimrt_msgs/msg/detail/joint_state_array__struct.h
-- Installing: /home/suzumiyaharuhi/rl_deploy_v2/deploy/install/legged_system/include/aimrt_msgs/aimrt_msgs/msg/detail/joint_command_array__functions.h
-- Installing: /home/suzumiyaharuhi/rl_deploy_v2/deploy/install/legged_system/include/aimrt_msgs/aimrt_msgs/msg/detail/touch_sensor_state_array__functions.h
-- Installing: /home/suzumiyaharuhi/rl_deploy_v2/deploy/install/legged_system/include/aimrt_msgs/aimrt_msgs/msg/detail/joint_command__functions.c
-- Installing: /home/suzumiyaharuhi/rl_deploy_v2/deploy/install/legged_system/include/aimrt_msgs/aimrt_msgs/msg/detail/joint_state__functions.h
-- Installing: /home/suzumiyaharuhi/rl_deploy_v2/deploy/install/legged_system/include/aimrt_msgs/aimrt_msgs/msg/detail/message_header__struct.h
-- Installing: /home/suzumiyaharuhi/rl_deploy_v2/deploy/install/legged_system/include/aimrt_msgs/aimrt_msgs/msg/detail/touch_sensor_state__functions.c
-- Installing: /home/suzumiyaharuhi/rl_deploy_v2/deploy/install/legged_system/include/aimrt_msgs/aimrt_msgs/msg/detail/joint_command_array__type_support.h
-- Installing: /home/suzumiyaharuhi/rl_deploy_v2/deploy/install/legged_system/include/aimrt_msgs/aimrt_msgs/msg/detail/joint_state__functions.c
-- Installing: /home/suzumiyaharuhi/rl_deploy_v2/deploy/install/legged_system/include/aimrt_msgs/aimrt_msgs/msg/detail/joint_state_array__type_support.h
-- Installing: /home/suzumiyaharuhi/rl_deploy_v2/deploy/install/legged_system/include/aimrt_msgs/aimrt_msgs/msg/detail/touch_sensor_state__type_support.h
-- Installing: /home/suzumiyaharuhi/rl_deploy_v2/deploy/install/legged_system/include/aimrt_msgs/aimrt_msgs/msg/detail/message_header__functions.c
-- Installing: /home/suzumiyaharuhi/rl_deploy_v2/deploy/install/legged_system/include/aimrt_msgs/aimrt_msgs/msg/detail/touch_sensor_state_array__type_support.h
-- Installing: /home/suzumiyaharuhi/rl_deploy_v2/deploy/install/legged_system/include/aimrt_msgs/aimrt_msgs/msg/detail/joint_command__functions.h
-- Installing: /home/suzumiyaharuhi/rl_deploy_v2/deploy/install/legged_system/include/aimrt_msgs/aimrt_msgs/msg/detail/joint_state__struct.h
-- Installing: /home/suzumiyaharuhi/rl_deploy_v2/deploy/install/legged_system/include/aimrt_msgs/aimrt_msgs/msg/detail/joint_command_array__functions.c
-- Installing: /home/suzumiyaharuhi/rl_deploy_v2/deploy/install/legged_system/include/aimrt_msgs/aimrt_msgs/msg/detail/message_header__functions.h
-- Installing: /home/suzumiyaharuhi/rl_deploy_v2/deploy/install/legged_system/include/aimrt_msgs/aimrt_msgs/msg/detail/joint_command__type_support.h
-- Installing: /home/suzumiyaharuhi/rl_deploy_v2/deploy/install/legged_system/include/aimrt_msgs/aimrt_msgs/msg/detail/touch_sensor_state__functions.h
-- Installing: /home/suzumiyaharuhi/rl_deploy_v2/deploy/install/legged_system/include/aimrt_msgs/aimrt_msgs/msg/detail/joint_state__type_support.h
-- Installing: /home/suzumiyaharuhi/rl_deploy_v2/deploy/install/legged_system/include/aimrt_msgs/aimrt_msgs/msg/detail/touch_sensor_state_array__functions.c
-- Installing: /home/suzumiyaharuhi/rl_deploy_v2/deploy/install/legged_system/include/aimrt_msgs/aimrt_msgs/msg/detail/joint_state_array__functions.h
-- Installing: /home/suzumiyaharuhi/rl_deploy_v2/deploy/install/legged_system/include/aimrt_msgs/aimrt_msgs/msg/detail/joint_state_array__functions.c
-- Installing: /home/suzumiyaharuhi/rl_deploy_v2/deploy/install/legged_system/include/aimrt_msgs/aimrt_msgs/msg/detail/message_header__type_support.h
-- Installing: /home/suzumiyaharuhi/rl_deploy_v2/deploy/install/legged_system/include/aimrt_msgs/aimrt_msgs/msg/detail/joint_command_array__struct.h
-- Installing: /home/suzumiyaharuhi/rl_deploy_v2/deploy/install/legged_system/include/aimrt_msgs/aimrt_msgs/msg/detail/touch_sensor_state_array__struct.h
-- Installing: /home/suzumiyaharuhi/rl_deploy_v2/deploy/install/legged_system/include/aimrt_msgs/aimrt_msgs/msg/detail/joint_command__struct.h
-- Installing: /home/suzumiyaharuhi/rl_deploy_v2/deploy/install/legged_system/share/aimrt_msgs/environment/library_path.sh
-- Installing: /home/suzumiyaharuhi/rl_deploy_v2/deploy/install/legged_system/share/aimrt_msgs/environment/library_path.dsv
-- Installing: /home/suzumiyaharuhi/rl_deploy_v2/deploy/install/legged_system/lib/libaimrt_msgs__rosidl_generator_c.so
-- Set runtime path of "/home/suzumiyaharuhi/rl_deploy_v2/deploy/install/legged_system/lib/libaimrt_msgs__rosidl_generator_c.so" to ""
-- Up-to-date: /home/suzumiyaharuhi/rl_deploy_v2/deploy/install/legged_system/include/aimrt_msgs/aimrt_msgs
-- Up-to-date: /home/suzumiyaharuhi/rl_deploy_v2/deploy/install/legged_system/include/aimrt_msgs/aimrt_msgs/msg
-- Up-to-date: /home/suzumiyaharuhi/rl_deploy_v2/deploy/install/legged_system/include/aimrt_msgs/aimrt_msgs/msg/detail
-- Installing: /home/suzumiyaharuhi/rl_deploy_v2/deploy/install/legged_system/include/aimrt_msgs/aimrt_msgs/msg/detail/touch_sensor_state_array__rosidl_typesupport_fastrtps_c.h
-- Installing: /home/suzumiyaharuhi/rl_deploy_v2/deploy/install/legged_system/include/aimrt_msgs/aimrt_msgs/msg/detail/joint_state_array__rosidl_typesupport_fastrtps_c.h
-- Installing: /home/suzumiyaharuhi/rl_deploy_v2/deploy/install/legged_system/include/aimrt_msgs/aimrt_msgs/msg/detail/joint_command_array__rosidl_typesupport_fastrtps_c.h
-- Installing: /home/suzumiyaharuhi/rl_deploy_v2/deploy/install/legged_system/include/aimrt_msgs/aimrt_msgs/msg/detail/message_header__rosidl_typesupport_fastrtps_c.h
-- Installing: /home/suzumiyaharuhi/rl_deploy_v2/deploy/install/legged_system/include/aimrt_msgs/aimrt_msgs/msg/detail/touch_sensor_state__rosidl_typesupport_fastrtps_c.h
-- Installing: /home/suzumiyaharuhi/rl_deploy_v2/deploy/install/legged_system/include/aimrt_msgs/aimrt_msgs/msg/detail/joint_command__rosidl_typesupport_fastrtps_c.h
-- Installing: /home/suzumiyaharuhi/rl_deploy_v2/deploy/install/legged_system/include/aimrt_msgs/aimrt_msgs/msg/detail/joint_state__rosidl_typesupport_fastrtps_c.h
-- Installing: /home/suzumiyaharuhi/rl_deploy_v2/deploy/install/legged_system/include/aimrt_msgs/aimrt_msgs/msg/rosidl_typesupport_fastrtps_c__visibility_control.h
-- Installing: /home/suzumiyaharuhi/rl_deploy_v2/deploy/install/legged_system/lib/libaimrt_msgs__rosidl_typesupport_fastrtps_c.so
-- Set runtime path of "/home/suzumiyaharuhi/rl_deploy_v2/deploy/install/legged_system/lib/libaimrt_msgs__rosidl_typesupport_fastrtps_c.so" to ""
-- Up-to-date: /home/suzumiyaharuhi/rl_deploy_v2/deploy/install/legged_system/include/aimrt_msgs/aimrt_msgs
-- Up-to-date: /home/suzumiyaharuhi/rl_deploy_v2/deploy/install/legged_system/include/aimrt_msgs/aimrt_msgs/msg
-- Installing: /home/suzumiyaharuhi/rl_deploy_v2/deploy/install/legged_system/include/aimrt_msgs/aimrt_msgs/msg/joint_state.hpp
-- Installing: /home/suzumiyaharuhi/rl_deploy_v2/deploy/install/legged_system/include/aimrt_msgs/aimrt_msgs/msg/touch_sensor_state_array.hpp
-- Installing: /home/suzumiyaharuhi/rl_deploy_v2/deploy/install/legged_system/include/aimrt_msgs/aimrt_msgs/msg/message_header.hpp
-- Installing: /home/suzumiyaharuhi/rl_deploy_v2/deploy/install/legged_system/include/aimrt_msgs/aimrt_msgs/msg/rosidl_generator_cpp__visibility_control.hpp
-- Installing: /home/suzumiyaharuhi/rl_deploy_v2/deploy/install/legged_system/include/aimrt_msgs/aimrt_msgs/msg/joint_command.hpp
-- Installing: /home/suzumiyaharuhi/rl_deploy_v2/deploy/install/legged_system/include/aimrt_msgs/aimrt_msgs/msg/touch_sensor_state.hpp
-- Up-to-date: /home/suzumiyaharuhi/rl_deploy_v2/deploy/install/legged_system/include/aimrt_msgs/aimrt_msgs/msg/detail
-- Installing: /home/suzumiyaharuhi/rl_deploy_v2/deploy/install/legged_system/include/aimrt_msgs/aimrt_msgs/msg/detail/message_header__traits.hpp
-- Installing: /home/suzumiyaharuhi/rl_deploy_v2/deploy/install/legged_system/include/aimrt_msgs/aimrt_msgs/msg/detail/joint_command_array__traits.hpp
-- Installing: /home/suzumiyaharuhi/rl_deploy_v2/deploy/install/legged_system/include/aimrt_msgs/aimrt_msgs/msg/detail/joint_command__traits.hpp
-- Installing: /home/suzumiyaharuhi/rl_deploy_v2/deploy/install/legged_system/include/aimrt_msgs/aimrt_msgs/msg/detail/joint_command_array__type_support.hpp
-- Installing: /home/suzumiyaharuhi/rl_deploy_v2/deploy/install/legged_system/include/aimrt_msgs/aimrt_msgs/msg/detail/touch_sensor_state_array__struct.hpp
-- Installing: /home/suzumiyaharuhi/rl_deploy_v2/deploy/install/legged_system/include/aimrt_msgs/aimrt_msgs/msg/detail/joint_state_array__struct.hpp
-- Installing: /home/suzumiyaharuhi/rl_deploy_v2/deploy/install/legged_system/include/aimrt_msgs/aimrt_msgs/msg/detail/joint_command__type_support.hpp
-- Installing: /home/suzumiyaharuhi/rl_deploy_v2/deploy/install/legged_system/include/aimrt_msgs/aimrt_msgs/msg/detail/message_header__builder.hpp
-- Installing: /home/suzumiyaharuhi/rl_deploy_v2/deploy/install/legged_system/include/aimrt_msgs/aimrt_msgs/msg/detail/joint_command_array__builder.hpp
-- Installing: /home/suzumiyaharuhi/rl_deploy_v2/deploy/install/legged_system/include/aimrt_msgs/aimrt_msgs/msg/detail/touch_sensor_state__traits.hpp
-- Installing: /home/suzumiyaharuhi/rl_deploy_v2/deploy/install/legged_system/include/aimrt_msgs/aimrt_msgs/msg/detail/touch_sensor_state_array__type_support.hpp
-- Installing: /home/suzumiyaharuhi/rl_deploy_v2/deploy/install/legged_system/include/aimrt_msgs/aimrt_msgs/msg/detail/touch_sensor_state_array__traits.hpp
-- Installing: /home/suzumiyaharuhi/rl_deploy_v2/deploy/install/legged_system/include/aimrt_msgs/aimrt_msgs/msg/detail/joint_command__struct.hpp
-- Installing: /home/suzumiyaharuhi/rl_deploy_v2/deploy/install/legged_system/include/aimrt_msgs/aimrt_msgs/msg/detail/touch_sensor_state_array__builder.hpp
-- Installing: /home/suzumiyaharuhi/rl_deploy_v2/deploy/install/legged_system/include/aimrt_msgs/aimrt_msgs/msg/detail/message_header__struct.hpp
-- Installing: /home/suzumiyaharuhi/rl_deploy_v2/deploy/install/legged_system/include/aimrt_msgs/aimrt_msgs/msg/detail/joint_state__struct.hpp
-- Installing: /home/suzumiyaharuhi/rl_deploy_v2/deploy/install/legged_system/include/aimrt_msgs/aimrt_msgs/msg/detail/joint_state_array__builder.hpp
-- Installing: /home/suzumiyaharuhi/rl_deploy_v2/deploy/install/legged_system/include/aimrt_msgs/aimrt_msgs/msg/detail/message_header__type_support.hpp
-- Installing: /home/suzumiyaharuhi/rl_deploy_v2/deploy/install/legged_system/include/aimrt_msgs/aimrt_msgs/msg/detail/touch_sensor_state__struct.hpp
-- Installing: /home/suzumiyaharuhi/rl_deploy_v2/deploy/install/legged_system/include/aimrt_msgs/aimrt_msgs/msg/detail/joint_state__builder.hpp
-- Installing: /home/suzumiyaharuhi/rl_deploy_v2/deploy/install/legged_system/include/aimrt_msgs/aimrt_msgs/msg/detail/joint_state_array__traits.hpp
-- Installing: /home/suzumiyaharuhi/rl_deploy_v2/deploy/install/legged_system/include/aimrt_msgs/aimrt_msgs/msg/detail/joint_state__traits.hpp
-- Installing: /home/suzumiyaharuhi/rl_deploy_v2/deploy/install/legged_system/include/aimrt_msgs/aimrt_msgs/msg/detail/joint_command_array__struct.hpp
-- Installing: /home/suzumiyaharuhi/rl_deploy_v2/deploy/install/legged_system/include/aimrt_msgs/aimrt_msgs/msg/detail/joint_state__type_support.hpp
-- Installing: /home/suzumiyaharuhi/rl_deploy_v2/deploy/install/legged_system/include/aimrt_msgs/aimrt_msgs/msg/detail/touch_sensor_state__builder.hpp
-- Installing: /home/suzumiyaharuhi/rl_deploy_v2/deploy/install/legged_system/include/aimrt_msgs/aimrt_msgs/msg/detail/touch_sensor_state__type_support.hpp
-- Installing: /home/suzumiyaharuhi/rl_deploy_v2/deploy/install/legged_system/include/aimrt_msgs/aimrt_msgs/msg/detail/joint_command__builder.hpp
-- Installing: /home/suzumiyaharuhi/rl_deploy_v2/deploy/install/legged_system/include/aimrt_msgs/aimrt_msgs/msg/detail/joint_state_array__type_support.hpp
-- Installing: /home/suzumiyaharuhi/rl_deploy_v2/deploy/install/legged_system/include/aimrt_msgs/aimrt_msgs/msg/joint_command_array.hpp
-- Installing: /home/suzumiyaharuhi/rl_deploy_v2/deploy/install/legged_system/include/aimrt_msgs/aimrt_msgs/msg/joint_state_array.hpp
-- Up-to-date: /home/suzumiyaharuhi/rl_deploy_v2/deploy/install/legged_system/include/aimrt_msgs/aimrt_msgs
-- Up-to-date: /home/suzumiyaharuhi/rl_deploy_v2/deploy/install/legged_system/include/aimrt_msgs/aimrt_msgs/msg
-- Installing: /home/suzumiyaharuhi/rl_deploy_v2/deploy/install/legged_system/include/aimrt_msgs/aimrt_msgs/msg/rosidl_typesupport_fastrtps_cpp__visibility_control.h
-- Up-to-date: /home/suzumiyaharuhi/rl_deploy_v2/deploy/install/legged_system/include/aimrt_msgs/aimrt_msgs/msg/detail
-- Installing: /home/suzumiyaharuhi/rl_deploy_v2/deploy/install/legged_system/include/aimrt_msgs/aimrt_msgs/msg/detail/message_header__rosidl_typesupport_fastrtps_cpp.hpp
-- Installing: /home/suzumiyaharuhi/rl_deploy_v2/deploy/install/legged_system/include/aimrt_msgs/aimrt_msgs/msg/detail/joint_state__rosidl_typesupport_fastrtps_cpp.hpp
-- Installing: /home/suzumiyaharuhi/rl_deploy_v2/deploy/install/legged_system/include/aimrt_msgs/aimrt_msgs/msg/detail/touch_sensor_state_array__rosidl_typesupport_fastrtps_cpp.hpp
-- Installing: /home/suzumiyaharuhi/rl_deploy_v2/deploy/install/legged_system/include/aimrt_msgs/aimrt_msgs/msg/detail/joint_command_array__rosidl_typesupport_fastrtps_cpp.hpp
-- Installing: /home/suzumiyaharuhi/rl_deploy_v2/deploy/install/legged_system/include/aimrt_msgs/aimrt_msgs/msg/detail/touch_sensor_state__rosidl_typesupport_fastrtps_cpp.hpp
-- Installing: /home/suzumiyaharuhi/rl_deploy_v2/deploy/install/legged_system/include/aimrt_msgs/aimrt_msgs/msg/detail/joint_state_array__rosidl_typesupport_fastrtps_cpp.hpp
-- Installing: /home/suzumiyaharuhi/rl_deploy_v2/deploy/install/legged_system/include/aimrt_msgs/aimrt_msgs/msg/detail/dds_fastrtps
-- Installing: /home/suzumiyaharuhi/rl_deploy_v2/deploy/install/legged_system/include/aimrt_msgs/aimrt_msgs/msg/detail/joint_command__rosidl_typesupport_fastrtps_cpp.hpp
-- Installing: /home/suzumiyaharuhi/rl_deploy_v2/deploy/install/legged_system/lib/libaimrt_msgs__rosidl_typesupport_fastrtps_cpp.so
-- Set runtime path of "/home/suzumiyaharuhi/rl_deploy_v2/deploy/install/legged_system/lib/libaimrt_msgs__rosidl_typesupport_fastrtps_cpp.so" to ""
-- Up-to-date: /home/suzumiyaharuhi/rl_deploy_v2/deploy/install/legged_system/include/aimrt_msgs/aimrt_msgs
-- Up-to-date: /home/suzumiyaharuhi/rl_deploy_v2/deploy/install/legged_system/include/aimrt_msgs/aimrt_msgs/msg
-- Installing: /home/suzumiyaharuhi/rl_deploy_v2/deploy/install/legged_system/include/aimrt_msgs/aimrt_msgs/msg/rosidl_typesupport_introspection_c__visibility_control.h
-- Up-to-date: /home/suzumiyaharuhi/rl_deploy_v2/deploy/install/legged_system/include/aimrt_msgs/aimrt_msgs/msg/detail
-- Installing: /home/suzumiyaharuhi/rl_deploy_v2/deploy/install/legged_system/include/aimrt_msgs/aimrt_msgs/msg/detail/joint_command__type_support.c
-- Installing: /home/suzumiyaharuhi/rl_deploy_v2/deploy/install/legged_system/include/aimrt_msgs/aimrt_msgs/msg/detail/message_header__rosidl_typesupport_introspection_c.h
-- Installing: /home/suzumiyaharuhi/rl_deploy_v2/deploy/install/legged_system/include/aimrt_msgs/aimrt_msgs/msg/detail/message_header__type_support.c
-- Installing: /home/suzumiyaharuhi/rl_deploy_v2/deploy/install/legged_system/include/aimrt_msgs/aimrt_msgs/msg/detail/joint_state__type_support.c
-- Installing: /home/suzumiyaharuhi/rl_deploy_v2/deploy/install/legged_system/include/aimrt_msgs/aimrt_msgs/msg/detail/touch_sensor_state_array__type_support.c
-- Installing: /home/suzumiyaharuhi/rl_deploy_v2/deploy/install/legged_system/include/aimrt_msgs/aimrt_msgs/msg/detail/touch_sensor_state__rosidl_typesupport_introspection_c.h
-- Installing: /home/suzumiyaharuhi/rl_deploy_v2/deploy/install/legged_system/include/aimrt_msgs/aimrt_msgs/msg/detail/touch_sensor_state_array__rosidl_typesupport_introspection_c.h
-- Installing: /home/suzumiyaharuhi/rl_deploy_v2/deploy/install/legged_system/include/aimrt_msgs/aimrt_msgs/msg/detail/touch_sensor_state__type_support.c
-- Installing: /home/suzumiyaharuhi/rl_deploy_v2/deploy/install/legged_system/include/aimrt_msgs/aimrt_msgs/msg/detail/joint_command__rosidl_typesupport_introspection_c.h
-- Installing: /home/suzumiyaharuhi/rl_deploy_v2/deploy/install/legged_system/include/aimrt_msgs/aimrt_msgs/msg/detail/joint_state__rosidl_typesupport_introspection_c.h
-- Installing: /home/suzumiyaharuhi/rl_deploy_v2/deploy/install/legged_system/include/aimrt_msgs/aimrt_msgs/msg/detail/joint_state_array__type_support.c
-- Installing: /home/suzumiyaharuhi/rl_deploy_v2/deploy/install/legged_system/include/aimrt_msgs/aimrt_msgs/msg/detail/joint_state_array__rosidl_typesupport_introspection_c.h
-- Installing: /home/suzumiyaharuhi/rl_deploy_v2/deploy/install/legged_system/include/aimrt_msgs/aimrt_msgs/msg/detail/joint_command_array__rosidl_typesupport_introspection_c.h
-- Installing: /home/suzumiyaharuhi/rl_deploy_v2/deploy/install/legged_system/include/aimrt_msgs/aimrt_msgs/msg/detail/joint_command_array__type_support.c
-- Installing: /home/suzumiyaharuhi/rl_deploy_v2/deploy/install/legged_system/lib/libaimrt_msgs__rosidl_typesupport_introspection_c.so
-- Set runtime path of "/home/suzumiyaharuhi/rl_deploy_v2/deploy/install/legged_system/lib/libaimrt_msgs__rosidl_typesupport_introspection_c.so" to ""
-- Installing: /home/suzumiyaharuhi/rl_deploy_v2/deploy/install/legged_system/lib/libaimrt_msgs__rosidl_typesupport_c.so
-- Set runtime path of "/home/suzumiyaharuhi/rl_deploy_v2/deploy/install/legged_system/lib/libaimrt_msgs__rosidl_typesupport_c.so" to ""
-- Up-to-date: /home/suzumiyaharuhi/rl_deploy_v2/deploy/install/legged_system/include/aimrt_msgs/aimrt_msgs
-- Up-to-date: /home/suzumiyaharuhi/rl_deploy_v2/deploy/install/legged_system/include/aimrt_msgs/aimrt_msgs/msg
-- Up-to-date: /home/suzumiyaharuhi/rl_deploy_v2/deploy/install/legged_system/include/aimrt_msgs/aimrt_msgs/msg/detail
-- Installing: /home/suzumiyaharuhi/rl_deploy_v2/deploy/install/legged_system/include/aimrt_msgs/aimrt_msgs/msg/detail/joint_state__type_support.cpp
-- Installing: /home/suzumiyaharuhi/rl_deploy_v2/deploy/install/legged_system/include/aimrt_msgs/aimrt_msgs/msg/detail/joint_state_array__rosidl_typesupport_introspection_cpp.hpp
-- Installing: /home/suzumiyaharuhi/rl_deploy_v2/deploy/install/legged_system/include/aimrt_msgs/aimrt_msgs/msg/detail/touch_sensor_state__rosidl_typesupport_introspection_cpp.hpp
-- Installing: /home/suzumiyaharuhi/rl_deploy_v2/deploy/install/legged_system/include/aimrt_msgs/aimrt_msgs/msg/detail/joint_command_array__rosidl_typesupport_introspection_cpp.hpp
-- Installing: /home/suzumiyaharuhi/rl_deploy_v2/deploy/install/legged_system/include/aimrt_msgs/aimrt_msgs/msg/detail/touch_sensor_state_array__type_support.cpp
-- Installing: /home/suzumiyaharuhi/rl_deploy_v2/deploy/install/legged_system/include/aimrt_msgs/aimrt_msgs/msg/detail/touch_sensor_state_array__rosidl_typesupport_introspection_cpp.hpp
-- Installing: /home/suzumiyaharuhi/rl_deploy_v2/deploy/install/legged_system/include/aimrt_msgs/aimrt_msgs/msg/detail/joint_state__rosidl_typesupport_introspection_cpp.hpp
-- Installing: /home/suzumiyaharuhi/rl_deploy_v2/deploy/install/legged_system/include/aimrt_msgs/aimrt_msgs/msg/detail/joint_command_array__type_support.cpp
-- Installing: /home/suzumiyaharuhi/rl_deploy_v2/deploy/install/legged_system/include/aimrt_msgs/aimrt_msgs/msg/detail/touch_sensor_state__type_support.cpp
-- Installing: /home/suzumiyaharuhi/rl_deploy_v2/deploy/install/legged_system/include/aimrt_msgs/aimrt_msgs/msg/detail/joint_state_array__type_support.cpp
-- Installing: /home/suzumiyaharuhi/rl_deploy_v2/deploy/install/legged_system/include/aimrt_msgs/aimrt_msgs/msg/detail/message_header__rosidl_typesupport_introspection_cpp.hpp
-- Installing: /home/suzumiyaharuhi/rl_deploy_v2/deploy/install/legged_system/include/aimrt_msgs/aimrt_msgs/msg/detail/joint_command__type_support.cpp
-- Installing: /home/suzumiyaharuhi/rl_deploy_v2/deploy/install/legged_system/include/aimrt_msgs/aimrt_msgs/msg/detail/joint_command__rosidl_typesupport_introspection_cpp.hpp
-- Installing: /home/suzumiyaharuhi/rl_deploy_v2/deploy/install/legged_system/include/aimrt_msgs/aimrt_msgs/msg/detail/message_header__type_support.cpp
-- Installing: /home/suzumiyaharuhi/rl_deploy_v2/deploy/install/legged_system/lib/libaimrt_msgs__rosidl_typesupport_introspection_cpp.so
-- Set runtime path of "/home/suzumiyaharuhi/rl_deploy_v2/deploy/install/legged_system/lib/libaimrt_msgs__rosidl_typesupport_introspection_cpp.so" to ""
-- Installing: /home/suzumiyaharuhi/rl_deploy_v2/deploy/install/legged_system/lib/libaimrt_msgs__rosidl_typesupport_cpp.so
-- Set runtime path of "/home/suzumiyaharuhi/rl_deploy_v2/deploy/install/legged_system/lib/libaimrt_msgs__rosidl_typesupport_cpp.so" to ""
-- Installing: /home/suzumiyaharuhi/rl_deploy_v2/deploy/install/legged_system/share/aimrt_msgs/environment/pythonpath.sh
-- Installing: /home/suzumiyaharuhi/rl_deploy_v2/deploy/install/legged_system/share/aimrt_msgs/environment/pythonpath.dsv
-- Installing: /home/suzumiyaharuhi/rl_deploy_v2/deploy/install/legged_system/local/lib/python3.10/dist-packages/aimrt_msgs-0.1.0-py3.10.egg-info
-- Installing: /home/suzumiyaharuhi/rl_deploy_v2/deploy/install/legged_system/local/lib/python3.10/dist-packages/aimrt_msgs-0.1.0-py3.10.egg-info/dependency_links.txt
-- Installing: /home/suzumiyaharuhi/rl_deploy_v2/deploy/install/legged_system/local/lib/python3.10/dist-packages/aimrt_msgs-0.1.0-py3.10.egg-info/PKG-INFO
-- Installing: /home/suzumiyaharuhi/rl_deploy_v2/deploy/install/legged_system/local/lib/python3.10/dist-packages/aimrt_msgs-0.1.0-py3.10.egg-info/SOURCES.txt
-- Installing: /home/suzumiyaharuhi/rl_deploy_v2/deploy/install/legged_system/local/lib/python3.10/dist-packages/aimrt_msgs-0.1.0-py3.10.egg-info/top_level.txt
-- Installing: /home/suzumiyaharuhi/rl_deploy_v2/deploy/install/legged_system/local/lib/python3.10/dist-packages/aimrt_msgs
-- Installing: /home/suzumiyaharuhi/rl_deploy_v2/deploy/install/legged_system/local/lib/python3.10/dist-packages/aimrt_msgs/aimrt_msgs_s__rosidl_typesupport_fastrtps_c.cpython-310-x86_64-linux-gnu.so
-- Installing: /home/suzumiyaharuhi/rl_deploy_v2/deploy/install/legged_system/local/lib/python3.10/dist-packages/aimrt_msgs/aimrt_msgs_s__rosidl_typesupport_c.cpython-310-x86_64-linux-gnu.so
-- Installing: /home/suzumiyaharuhi/rl_deploy_v2/deploy/install/legged_system/local/lib/python3.10/dist-packages/aimrt_msgs/_aimrt_msgs_s.ep.rosidl_typesupport_fastrtps_c.c
-- Installing: /home/suzumiyaharuhi/rl_deploy_v2/deploy/install/legged_system/local/lib/python3.10/dist-packages/aimrt_msgs/_aimrt_msgs_s.ep.rosidl_typesupport_introspection_c.c
-- Installing: /home/suzumiyaharuhi/rl_deploy_v2/deploy/install/legged_system/local/lib/python3.10/dist-packages/aimrt_msgs/_aimrt_msgs_s.ep.rosidl_typesupport_c.c
-- Installing: /home/suzumiyaharuhi/rl_deploy_v2/deploy/install/legged_system/local/lib/python3.10/dist-packages/aimrt_msgs/msg
-- Installing: /home/suzumiyaharuhi/rl_deploy_v2/deploy/install/legged_system/local/lib/python3.10/dist-packages/aimrt_msgs/msg/_joint_command_s.c
-- Installing: /home/suzumiyaharuhi/rl_deploy_v2/deploy/install/legged_system/local/lib/python3.10/dist-packages/aimrt_msgs/msg/_joint_command.py
-- Installing: /home/suzumiyaharuhi/rl_deploy_v2/deploy/install/legged_system/local/lib/python3.10/dist-packages/aimrt_msgs/msg/_joint_state.py
-- Installing: /home/suzumiyaharuhi/rl_deploy_v2/deploy/install/legged_system/local/lib/python3.10/dist-packages/aimrt_msgs/msg/_touch_sensor_state_array.py
-- Installing: /home/suzumiyaharuhi/rl_deploy_v2/deploy/install/legged_system/local/lib/python3.10/dist-packages/aimrt_msgs/msg/_joint_state_array.py
-- Installing: /home/suzumiyaharuhi/rl_deploy_v2/deploy/install/legged_system/local/lib/python3.10/dist-packages/aimrt_msgs/msg/_joint_state_s.c
-- Installing: /home/suzumiyaharuhi/rl_deploy_v2/deploy/install/legged_system/local/lib/python3.10/dist-packages/aimrt_msgs/msg/_touch_sensor_state_array_s.c
-- Installing: /home/suzumiyaharuhi/rl_deploy_v2/deploy/install/legged_system/local/lib/python3.10/dist-packages/aimrt_msgs/msg/_touch_sensor_state_s.c
-- Installing: /home/suzumiyaharuhi/rl_deploy_v2/deploy/install/legged_system/local/lib/python3.10/dist-packages/aimrt_msgs/msg/_message_header.py
-- Installing: /home/suzumiyaharuhi/rl_deploy_v2/deploy/install/legged_system/local/lib/python3.10/dist-packages/aimrt_msgs/msg/_joint_state_array_s.c
-- Installing: /home/suzumiyaharuhi/rl_deploy_v2/deploy/install/legged_system/local/lib/python3.10/dist-packages/aimrt_msgs/msg/_joint_command_array_s.c
-- Installing: /home/suzumiyaharuhi/rl_deploy_v2/deploy/install/legged_system/local/lib/python3.10/dist-packages/aimrt_msgs/msg/_joint_command_array.py
-- Installing: /home/suzumiyaharuhi/rl_deploy_v2/deploy/install/legged_system/local/lib/python3.10/dist-packages/aimrt_msgs/msg/_touch_sensor_state.py
-- Installing: /home/suzumiyaharuhi/rl_deploy_v2/deploy/install/legged_system/local/lib/python3.10/dist-packages/aimrt_msgs/msg/_message_header_s.c
-- Installing: /home/suzumiyaharuhi/rl_deploy_v2/deploy/install/legged_system/local/lib/python3.10/dist-packages/aimrt_msgs/msg/__init__.py
-- Installing: /home/suzumiyaharuhi/rl_deploy_v2/deploy/install/legged_system/local/lib/python3.10/dist-packages/aimrt_msgs/aimrt_msgs_s__rosidl_typesupport_introspection_c.cpython-310-x86_64-linux-gnu.so
-- Installing: /home/suzumiyaharuhi/rl_deploy_v2/deploy/install/legged_system/local/lib/python3.10/dist-packages/aimrt_msgs/libaimrt_msgs__rosidl_generator_py.so
-- Installing: /home/suzumiyaharuhi/rl_deploy_v2/deploy/install/legged_system/local/lib/python3.10/dist-packages/aimrt_msgs/__init__.py
Listing '/home/suzumiyaharuhi/rl_deploy_v2/deploy/install/legged_system/local/lib/python3.10/dist-packages/aimrt_msgs'...
Compiling '/home/suzumiyaharuhi/rl_deploy_v2/deploy/install/legged_system/local/lib/python3.10/dist-packages/aimrt_msgs/__init__.py'...
Listing '/home/suzumiyaharuhi/rl_deploy_v2/deploy/install/legged_system/local/lib/python3.10/dist-packages/aimrt_msgs/msg'...
Compiling '/home/suzumiyaharuhi/rl_deploy_v2/deploy/install/legged_system/local/lib/python3.10/dist-packages/aimrt_msgs/msg/__init__.py'...
Compiling '/home/suzumiyaharuhi/rl_deploy_v2/deploy/install/legged_system/local/lib/python3.10/dist-packages/aimrt_msgs/msg/_joint_command.py'...
Compiling '/home/suzumiyaharuhi/rl_deploy_v2/deploy/install/legged_system/local/lib/python3.10/dist-packages/aimrt_msgs/msg/_joint_command_array.py'...
Compiling '/home/suzumiyaharuhi/rl_deploy_v2/deploy/install/legged_system/local/lib/python3.10/dist-packages/aimrt_msgs/msg/_joint_state.py'...
Compiling '/home/suzumiyaharuhi/rl_deploy_v2/deploy/install/legged_system/local/lib/python3.10/dist-packages/aimrt_msgs/msg/_joint_state_array.py'...
Compiling '/home/suzumiyaharuhi/rl_deploy_v2/deploy/install/legged_system/local/lib/python3.10/dist-packages/aimrt_msgs/msg/_message_header.py'...
Compiling '/home/suzumiyaharuhi/rl_deploy_v2/deploy/install/legged_system/local/lib/python3.10/dist-packages/aimrt_msgs/msg/_touch_sensor_state.py'...
Compiling '/home/suzumiyaharuhi/rl_deploy_v2/deploy/install/legged_system/local/lib/python3.10/dist-packages/aimrt_msgs/msg/_touch_sensor_state_array.py'...
-- Installing: /home/suzumiyaharuhi/rl_deploy_v2/deploy/install/legged_system/local/lib/python3.10/dist-packages/aimrt_msgs/aimrt_msgs_s__rosidl_typesupport_fastrtps_c.cpython-310-x86_64-linux-gnu.so
-- Set runtime path of "/home/suzumiyaharuhi/rl_deploy_v2/deploy/install/legged_system/local/lib/python3.10/dist-packages/aimrt_msgs/aimrt_msgs_s__rosidl_typesupport_fastrtps_c.cpython-310-x86_64-linux-gnu.so" to ""
-- Installing: /home/suzumiyaharuhi/rl_deploy_v2/deploy/install/legged_system/local/lib/python3.10/dist-packages/aimrt_msgs/aimrt_msgs_s__rosidl_typesupport_introspection_c.cpython-310-x86_64-linux-gnu.so
-- Set runtime path of "/home/suzumiyaharuhi/rl_deploy_v2/deploy/install/legged_system/local/lib/python3.10/dist-packages/aimrt_msgs/aimrt_msgs_s__rosidl_typesupport_introspection_c.cpython-310-x86_64-linux-gnu.so" to ""
-- Installing: /home/suzumiyaharuhi/rl_deploy_v2/deploy/install/legged_system/local/lib/python3.10/dist-packages/aimrt_msgs/aimrt_msgs_s__rosidl_typesupport_c.cpython-310-x86_64-linux-gnu.so
-- Set runtime path of "/home/suzumiyaharuhi/rl_deploy_v2/deploy/install/legged_system/local/lib/python3.10/dist-packages/aimrt_msgs/aimrt_msgs_s__rosidl_typesupport_c.cpython-310-x86_64-linux-gnu.so" to ""
-- Installing: /home/suzumiyaharuhi/rl_deploy_v2/deploy/install/legged_system/lib/libaimrt_msgs__rosidl_generator_py.so
-- Set runtime path of "/home/suzumiyaharuhi/rl_deploy_v2/deploy/install/legged_system/lib/libaimrt_msgs__rosidl_generator_py.so" to ""
-- Installing: /home/suzumiyaharuhi/rl_deploy_v2/deploy/install/legged_system/share/aimrt_msgs/msg/MessageHeader.idl
-- Installing: /home/suzumiyaharuhi/rl_deploy_v2/deploy/install/legged_system/share/aimrt_msgs/msg/TouchSensorStateArray.idl
-- Installing: /home/suzumiyaharuhi/rl_deploy_v2/deploy/install/legged_system/share/aimrt_msgs/msg/TouchSensorState.idl
-- Installing: /home/suzumiyaharuhi/rl_deploy_v2/deploy/install/legged_system/share/aimrt_msgs/msg/JointStateArray.idl
-- Installing: /home/suzumiyaharuhi/rl_deploy_v2/deploy/install/legged_system/share/aimrt_msgs/msg/JointState.idl
-- Installing: /home/suzumiyaharuhi/rl_deploy_v2/deploy/install/legged_system/share/aimrt_msgs/msg/JointCommandArray.idl
-- Installing: /home/suzumiyaharuhi/rl_deploy_v2/deploy/install/legged_system/share/aimrt_msgs/msg/JointCommand.idl
-- Installing: /home/suzumiyaharuhi/rl_deploy_v2/deploy/install/legged_system/share/aimrt_msgs/msg/MessageHeader.msg
-- Installing: /home/suzumiyaharuhi/rl_deploy_v2/deploy/install/legged_system/share/aimrt_msgs/msg/TouchSensorStateArray.msg
-- Installing: /home/suzumiyaharuhi/rl_deploy_v2/deploy/install/legged_system/share/aimrt_msgs/msg/TouchSensorState.msg
-- Installing: /home/suzumiyaharuhi/rl_deploy_v2/deploy/install/legged_system/share/aimrt_msgs/msg/JointStateArray.msg
-- Installing: /home/suzumiyaharuhi/rl_deploy_v2/deploy/install/legged_system/share/aimrt_msgs/msg/JointState.msg
-- Installing: /home/suzumiyaharuhi/rl_deploy_v2/deploy/install/legged_system/share/aimrt_msgs/msg/JointCommandArray.msg
-- Installing: /home/suzumiyaharuhi/rl_deploy_v2/deploy/install/legged_system/share/aimrt_msgs/msg/JointCommand.msg
-- Installing: /home/suzumiyaharuhi/rl_deploy_v2/deploy/install/legged_system/share/ament_index/resource_index/package_run_dependencies/aimrt_msgs
-- Installing: /home/suzumiyaharuhi/rl_deploy_v2/deploy/install/legged_system/share/ament_index/resource_index/parent_prefix_path/aimrt_msgs
-- Installing: /home/suzumiyaharuhi/rl_deploy_v2/deploy/install/legged_system/share/aimrt_msgs/environment/ament_prefix_path.sh
-- Installing: /home/suzumiyaharuhi/rl_deploy_v2/deploy/install/legged_system/share/aimrt_msgs/environment/ament_prefix_path.dsv
-- Installing: /home/suzumiyaharuhi/rl_deploy_v2/deploy/install/legged_system/share/aimrt_msgs/environment/path.sh
-- Installing: /home/suzumiyaharuhi/rl_deploy_v2/deploy/install/legged_system/share/aimrt_msgs/environment/path.dsv
-- Installing: /home/suzumiyaharuhi/rl_deploy_v2/deploy/install/legged_system/share/aimrt_msgs/local_setup.bash
-- Installing: /home/suzumiyaharuhi/rl_deploy_v2/deploy/install/legged_system/share/aimrt_msgs/local_setup.sh
-- Installing: /home/suzumiyaharuhi/rl_deploy_v2/deploy/install/legged_system/share/aimrt_msgs/local_setup.zsh
-- Installing: /home/suzumiyaharuhi/rl_deploy_v2/deploy/install/legged_system/share/aimrt_msgs/local_setup.dsv
-- Installing: /home/suzumiyaharuhi/rl_deploy_v2/deploy/install/legged_system/share/aimrt_msgs/package.dsv
-- Installing: /home/suzumiyaharuhi/rl_deploy_v2/deploy/install/legged_system/share/ament_index/resource_index/packages/aimrt_msgs
-- Installing: /home/suzumiyaharuhi/rl_deploy_v2/deploy/install/legged_system/share/aimrt_msgs/cmake/export_aimrt_msgs__rosidl_generator_cExport.cmake
-- Installing: /home/suzumiyaharuhi/rl_deploy_v2/deploy/install/legged_system/share/aimrt_msgs/cmake/export_aimrt_msgs__rosidl_typesupport_fastrtps_cExport.cmake
-- Installing: /home/suzumiyaharuhi/rl_deploy_v2/deploy/install/legged_system/share/aimrt_msgs/cmake/export_aimrt_msgs__rosidl_generator_cppExport.cmake
-- Installing: /home/suzumiyaharuhi/rl_deploy_v2/deploy/install/legged_system/share/aimrt_msgs/cmake/export_aimrt_msgs__rosidl_typesupport_fastrtps_cppExport.cmake
-- Installing: /home/suzumiyaharuhi/rl_deploy_v2/deploy/install/legged_system/share/aimrt_msgs/cmake/aimrt_msgs__rosidl_typesupport_introspection_cExport.cmake
-- Installing: /home/suzumiyaharuhi/rl_deploy_v2/deploy/install/legged_system/share/aimrt_msgs/cmake/aimrt_msgs__rosidl_typesupport_cExport.cmake
-- Installing: /home/suzumiyaharuhi/rl_deploy_v2/deploy/install/legged_system/share/aimrt_msgs/cmake/aimrt_msgs__rosidl_typesupport_introspection_cppExport.cmake
-- Installing: /home/suzumiyaharuhi/rl_deploy_v2/deploy/install/legged_system/share/aimrt_msgs/cmake/aimrt_msgs__rosidl_typesupport_cppExport.cmake
-- Installing: /home/suzumiyaharuhi/rl_deploy_v2/deploy/install/legged_system/share/aimrt_msgs/cmake/export_aimrt_msgs__rosidl_generator_pyExport.cmake
-- Installing: /home/suzumiyaharuhi/rl_deploy_v2/deploy/install/legged_system/share/aimrt_msgs/cmake/rosidl_cmake-extras.cmake
-- Installing: /home/suzumiyaharuhi/rl_deploy_v2/deploy/install/legged_system/share/aimrt_msgs/cmake/ament_cmake_export_dependencies-extras.cmake
-- Installing: /home/suzumiyaharuhi/rl_deploy_v2/deploy/install/legged_system/share/aimrt_msgs/cmake/ament_cmake_export_include_directories-extras.cmake
-- Installing: /home/suzumiyaharuhi/rl_deploy_v2/deploy/install/legged_system/share/aimrt_msgs/cmake/ament_cmake_export_libraries-extras.cmake
-- Installing: /home/suzumiyaharuhi/rl_deploy_v2/deploy/install/legged_system/share/aimrt_msgs/cmake/ament_cmake_export_targets-extras.cmake
-- Installing: /home/suzumiyaharuhi/rl_deploy_v2/deploy/install/legged_system/share/aimrt_msgs/cmake/rosidl_cmake_export_typesupport_targets-extras.cmake
-- Installing: /home/suzumiyaharuhi/rl_deploy_v2/deploy/install/legged_system/share/aimrt_msgs/cmake/rosidl_cmake_export_typesupport_libraries-extras.cmake
-- Installing: /home/suzumiyaharuhi/rl_deploy_v2/deploy/install/legged_system/share/aimrt_msgs/cmake/aimrt_msgsConfig.cmake
-- Installing: /home/suzumiyaharuhi/rl_deploy_v2/deploy/install/legged_system/share/aimrt_msgs/cmake/aimrt_msgsConfig-version.cmake
-- Installing: /home/suzumiyaharuhi/rl_deploy_v2/deploy/install/legged_system/share/aimrt_msgs/package.xml
-- Installing: /home/suzumiyaharuhi/rl_deploy_v2/deploy/install/legged_system/bin/libaimrt_msgs_ros2_ts.so
-- Set runtime path of "/home/suzumiyaharuhi/rl_deploy_v2/deploy/install/legged_system/bin/libaimrt_msgs_ros2_ts.so" to ""
-- Installing: /home/suzumiyaharuhi/rl_deploy_v2/deploy/install/legged_system/bin/libros2_msgs_ros2_ts.so
-- Set runtime path of "/home/suzumiyaharuhi/rl_deploy_v2/deploy/install/legged_system/bin/libros2_msgs_ros2_ts.so" to ""
-- Installing: /home/suzumiyaharuhi/rl_deploy_v2/deploy/install/legged_system/share/ament_index/resource_index/rosidl_interfaces/ros2_plugin_proto
-- Installing: /home/suzumiyaharuhi/rl_deploy_v2/deploy/install/legged_system/include/ros2_plugin_proto/ros2_plugin_proto
-- Installing: /home/suzumiyaharuhi/rl_deploy_v2/deploy/install/legged_system/include/ros2_plugin_proto/ros2_plugin_proto/srv
-- Installing: /home/suzumiyaharuhi/rl_deploy_v2/deploy/install/legged_system/include/ros2_plugin_proto/ros2_plugin_proto/srv/ros_rpc_wrapper.h
-- Installing: /home/suzumiyaharuhi/rl_deploy_v2/deploy/install/legged_system/include/ros2_plugin_proto/ros2_plugin_proto/srv/detail
-- Installing: /home/suzumiyaharuhi/rl_deploy_v2/deploy/install/legged_system/include/ros2_plugin_proto/ros2_plugin_proto/srv/detail/ros_rpc_wrapper__functions.c
-- Installing: /home/suzumiyaharuhi/rl_deploy_v2/deploy/install/legged_system/include/ros2_plugin_proto/ros2_plugin_proto/srv/detail/ros_rpc_wrapper__type_support.h
-- Installing: /home/suzumiyaharuhi/rl_deploy_v2/deploy/install/legged_system/include/ros2_plugin_proto/ros2_plugin_proto/srv/detail/ros_rpc_wrapper__struct.h
-- Installing: /home/suzumiyaharuhi/rl_deploy_v2/deploy/install/legged_system/include/ros2_plugin_proto/ros2_plugin_proto/srv/detail/ros_rpc_wrapper__functions.h
-- Installing: /home/suzumiyaharuhi/rl_deploy_v2/deploy/install/legged_system/include/ros2_plugin_proto/ros2_plugin_proto/msg
-- Installing: /home/suzumiyaharuhi/rl_deploy_v2/deploy/install/legged_system/include/ros2_plugin_proto/ros2_plugin_proto/msg/rosidl_generator_c__visibility_control.h
-- Installing: /home/suzumiyaharuhi/rl_deploy_v2/deploy/install/legged_system/include/ros2_plugin_proto/ros2_plugin_proto/msg/ros_msg_wrapper.h
-- Installing: /home/suzumiyaharuhi/rl_deploy_v2/deploy/install/legged_system/include/ros2_plugin_proto/ros2_plugin_proto/msg/detail
-- Installing: /home/suzumiyaharuhi/rl_deploy_v2/deploy/install/legged_system/include/ros2_plugin_proto/ros2_plugin_proto/msg/detail/ros_msg_wrapper__functions.c
-- Installing: /home/suzumiyaharuhi/rl_deploy_v2/deploy/install/legged_system/include/ros2_plugin_proto/ros2_plugin_proto/msg/detail/ros_msg_wrapper__struct.h
-- Installing: /home/suzumiyaharuhi/rl_deploy_v2/deploy/install/legged_system/include/ros2_plugin_proto/ros2_plugin_proto/msg/detail/ros_msg_wrapper__type_support.h
-- Installing: /home/suzumiyaharuhi/rl_deploy_v2/deploy/install/legged_system/include/ros2_plugin_proto/ros2_plugin_proto/msg/detail/ros_msg_wrapper__functions.h
-- Installing: /home/suzumiyaharuhi/rl_deploy_v2/deploy/install/legged_system/share/ros2_plugin_proto/environment/library_path.sh
-- Installing: /home/suzumiyaharuhi/rl_deploy_v2/deploy/install/legged_system/share/ros2_plugin_proto/environment/library_path.dsv
-- Installing: /home/suzumiyaharuhi/rl_deploy_v2/deploy/install/legged_system/lib/libros2_plugin_proto__rosidl_generator_c.so
-- Set runtime path of "/home/suzumiyaharuhi/rl_deploy_v2/deploy/install/legged_system/lib/libros2_plugin_proto__rosidl_generator_c.so" to ""
-- Up-to-date: /home/suzumiyaharuhi/rl_deploy_v2/deploy/install/legged_system/include/ros2_plugin_proto/ros2_plugin_proto
-- Up-to-date: /home/suzumiyaharuhi/rl_deploy_v2/deploy/install/legged_system/include/ros2_plugin_proto/ros2_plugin_proto/srv
-- Up-to-date: /home/suzumiyaharuhi/rl_deploy_v2/deploy/install/legged_system/include/ros2_plugin_proto/ros2_plugin_proto/srv/detail
-- Installing: /home/suzumiyaharuhi/rl_deploy_v2/deploy/install/legged_system/include/ros2_plugin_proto/ros2_plugin_proto/srv/detail/ros_rpc_wrapper__rosidl_typesupport_fastrtps_c.h
-- Up-to-date: /home/suzumiyaharuhi/rl_deploy_v2/deploy/install/legged_system/include/ros2_plugin_proto/ros2_plugin_proto/msg
-- Up-to-date: /home/suzumiyaharuhi/rl_deploy_v2/deploy/install/legged_system/include/ros2_plugin_proto/ros2_plugin_proto/msg/detail
-- Installing: /home/suzumiyaharuhi/rl_deploy_v2/deploy/install/legged_system/include/ros2_plugin_proto/ros2_plugin_proto/msg/detail/ros_msg_wrapper__rosidl_typesupport_fastrtps_c.h
-- Installing: /home/suzumiyaharuhi/rl_deploy_v2/deploy/install/legged_system/include/ros2_plugin_proto/ros2_plugin_proto/msg/rosidl_typesupport_fastrtps_c__visibility_control.h
-- Installing: /home/suzumiyaharuhi/rl_deploy_v2/deploy/install/legged_system/lib/libros2_plugin_proto__rosidl_typesupport_fastrtps_c.so
-- Set runtime path of "/home/suzumiyaharuhi/rl_deploy_v2/deploy/install/legged_system/lib/libros2_plugin_proto__rosidl_typesupport_fastrtps_c.so" to ""
-- Up-to-date: /home/suzumiyaharuhi/rl_deploy_v2/deploy/install/legged_system/include/ros2_plugin_proto/ros2_plugin_proto
-- Up-to-date: /home/suzumiyaharuhi/rl_deploy_v2/deploy/install/legged_system/include/ros2_plugin_proto/ros2_plugin_proto/srv
-- Installing: /home/suzumiyaharuhi/rl_deploy_v2/deploy/install/legged_system/include/ros2_plugin_proto/ros2_plugin_proto/srv/ros_rpc_wrapper.hpp
-- Up-to-date: /home/suzumiyaharuhi/rl_deploy_v2/deploy/install/legged_system/include/ros2_plugin_proto/ros2_plugin_proto/srv/detail
-- Installing: /home/suzumiyaharuhi/rl_deploy_v2/deploy/install/legged_system/include/ros2_plugin_proto/ros2_plugin_proto/srv/detail/ros_rpc_wrapper__type_support.hpp
-- Installing: /home/suzumiyaharuhi/rl_deploy_v2/deploy/install/legged_system/include/ros2_plugin_proto/ros2_plugin_proto/srv/detail/ros_rpc_wrapper__struct.hpp
-- Installing: /home/suzumiyaharuhi/rl_deploy_v2/deploy/install/legged_system/include/ros2_plugin_proto/ros2_plugin_proto/srv/detail/ros_rpc_wrapper__builder.hpp
-- Installing: /home/suzumiyaharuhi/rl_deploy_v2/deploy/install/legged_system/include/ros2_plugin_proto/ros2_plugin_proto/srv/detail/ros_rpc_wrapper__traits.hpp
-- Up-to-date: /home/suzumiyaharuhi/rl_deploy_v2/deploy/install/legged_system/include/ros2_plugin_proto/ros2_plugin_proto/msg
-- Installing: /home/suzumiyaharuhi/rl_deploy_v2/deploy/install/legged_system/include/ros2_plugin_proto/ros2_plugin_proto/msg/rosidl_generator_cpp__visibility_control.hpp
-- Up-to-date: /home/suzumiyaharuhi/rl_deploy_v2/deploy/install/legged_system/include/ros2_plugin_proto/ros2_plugin_proto/msg/detail
-- Installing: /home/suzumiyaharuhi/rl_deploy_v2/deploy/install/legged_system/include/ros2_plugin_proto/ros2_plugin_proto/msg/detail/ros_msg_wrapper__type_support.hpp
-- Installing: /home/suzumiyaharuhi/rl_deploy_v2/deploy/install/legged_system/include/ros2_plugin_proto/ros2_plugin_proto/msg/detail/ros_msg_wrapper__builder.hpp
-- Installing: /home/suzumiyaharuhi/rl_deploy_v2/deploy/install/legged_system/include/ros2_plugin_proto/ros2_plugin_proto/msg/detail/ros_msg_wrapper__struct.hpp
-- Installing: /home/suzumiyaharuhi/rl_deploy_v2/deploy/install/legged_system/include/ros2_plugin_proto/ros2_plugin_proto/msg/detail/ros_msg_wrapper__traits.hpp
-- Installing: /home/suzumiyaharuhi/rl_deploy_v2/deploy/install/legged_system/include/ros2_plugin_proto/ros2_plugin_proto/msg/ros_msg_wrapper.hpp
-- Up-to-date: /home/suzumiyaharuhi/rl_deploy_v2/deploy/install/legged_system/include/ros2_plugin_proto/ros2_plugin_proto
-- Up-to-date: /home/suzumiyaharuhi/rl_deploy_v2/deploy/install/legged_system/include/ros2_plugin_proto/ros2_plugin_proto/srv
-- Up-to-date: /home/suzumiyaharuhi/rl_deploy_v2/deploy/install/legged_system/include/ros2_plugin_proto/ros2_plugin_proto/srv/detail
-- Installing: /home/suzumiyaharuhi/rl_deploy_v2/deploy/install/legged_system/include/ros2_plugin_proto/ros2_plugin_proto/srv/detail/ros_rpc_wrapper__rosidl_typesupport_fastrtps_cpp.hpp
-- Installing: /home/suzumiyaharuhi/rl_deploy_v2/deploy/install/legged_system/include/ros2_plugin_proto/ros2_plugin_proto/srv/detail/dds_fastrtps
-- Up-to-date: /home/suzumiyaharuhi/rl_deploy_v2/deploy/install/legged_system/include/ros2_plugin_proto/ros2_plugin_proto/msg
-- Installing: /home/suzumiyaharuhi/rl_deploy_v2/deploy/install/legged_system/include/ros2_plugin_proto/ros2_plugin_proto/msg/rosidl_typesupport_fastrtps_cpp__visibility_control.h
-- Up-to-date: /home/suzumiyaharuhi/rl_deploy_v2/deploy/install/legged_system/include/ros2_plugin_proto/ros2_plugin_proto/msg/detail
-- Installing: /home/suzumiyaharuhi/rl_deploy_v2/deploy/install/legged_system/include/ros2_plugin_proto/ros2_plugin_proto/msg/detail/ros_msg_wrapper__rosidl_typesupport_fastrtps_cpp.hpp
-- Installing: /home/suzumiyaharuhi/rl_deploy_v2/deploy/install/legged_system/include/ros2_plugin_proto/ros2_plugin_proto/msg/detail/dds_fastrtps
-- Installing: /home/suzumiyaharuhi/rl_deploy_v2/deploy/install/legged_system/lib/libros2_plugin_proto__rosidl_typesupport_fastrtps_cpp.so
-- Set runtime path of "/home/suzumiyaharuhi/rl_deploy_v2/deploy/install/legged_system/lib/libros2_plugin_proto__rosidl_typesupport_fastrtps_cpp.so" to ""
-- Up-to-date: /home/suzumiyaharuhi/rl_deploy_v2/deploy/install/legged_system/include/ros2_plugin_proto/ros2_plugin_proto
-- Up-to-date: /home/suzumiyaharuhi/rl_deploy_v2/deploy/install/legged_system/include/ros2_plugin_proto/ros2_plugin_proto/srv
-- Up-to-date: /home/suzumiyaharuhi/rl_deploy_v2/deploy/install/legged_system/include/ros2_plugin_proto/ros2_plugin_proto/srv/detail
-- Installing: /home/suzumiyaharuhi/rl_deploy_v2/deploy/install/legged_system/include/ros2_plugin_proto/ros2_plugin_proto/srv/detail/ros_rpc_wrapper__type_support.c
-- Installing: /home/suzumiyaharuhi/rl_deploy_v2/deploy/install/legged_system/include/ros2_plugin_proto/ros2_plugin_proto/srv/detail/ros_rpc_wrapper__rosidl_typesupport_introspection_c.h
-- Up-to-date: /home/suzumiyaharuhi/rl_deploy_v2/deploy/install/legged_system/include/ros2_plugin_proto/ros2_plugin_proto/msg
-- Installing: /home/suzumiyaharuhi/rl_deploy_v2/deploy/install/legged_system/include/ros2_plugin_proto/ros2_plugin_proto/msg/rosidl_typesupport_introspection_c__visibility_control.h
-- Up-to-date: /home/suzumiyaharuhi/rl_deploy_v2/deploy/install/legged_system/include/ros2_plugin_proto/ros2_plugin_proto/msg/detail
-- Installing: /home/suzumiyaharuhi/rl_deploy_v2/deploy/install/legged_system/include/ros2_plugin_proto/ros2_plugin_proto/msg/detail/ros_msg_wrapper__rosidl_typesupport_introspection_c.h
-- Installing: /home/suzumiyaharuhi/rl_deploy_v2/deploy/install/legged_system/include/ros2_plugin_proto/ros2_plugin_proto/msg/detail/ros_msg_wrapper__type_support.c
-- Installing: /home/suzumiyaharuhi/rl_deploy_v2/deploy/install/legged_system/lib/libros2_plugin_proto__rosidl_typesupport_introspection_c.so
-- Set runtime path of "/home/suzumiyaharuhi/rl_deploy_v2/deploy/install/legged_system/lib/libros2_plugin_proto__rosidl_typesupport_introspection_c.so" to ""
-- Installing: /home/suzumiyaharuhi/rl_deploy_v2/deploy/install/legged_system/lib/libros2_plugin_proto__rosidl_typesupport_c.so
-- Set runtime path of "/home/suzumiyaharuhi/rl_deploy_v2/deploy/install/legged_system/lib/libros2_plugin_proto__rosidl_typesupport_c.so" to ""
-- Up-to-date: /home/suzumiyaharuhi/rl_deploy_v2/deploy/install/legged_system/include/ros2_plugin_proto/ros2_plugin_proto
-- Up-to-date: /home/suzumiyaharuhi/rl_deploy_v2/deploy/install/legged_system/include/ros2_plugin_proto/ros2_plugin_proto/srv
-- Up-to-date: /home/suzumiyaharuhi/rl_deploy_v2/deploy/install/legged_system/include/ros2_plugin_proto/ros2_plugin_proto/srv/detail
-- Installing: /home/suzumiyaharuhi/rl_deploy_v2/deploy/install/legged_system/include/ros2_plugin_proto/ros2_plugin_proto/srv/detail/ros_rpc_wrapper__rosidl_typesupport_introspection_cpp.hpp
-- Installing: /home/suzumiyaharuhi/rl_deploy_v2/deploy/install/legged_system/include/ros2_plugin_proto/ros2_plugin_proto/srv/detail/ros_rpc_wrapper__type_support.cpp
-- Up-to-date: /home/suzumiyaharuhi/rl_deploy_v2/deploy/install/legged_system/include/ros2_plugin_proto/ros2_plugin_proto/msg
-- Up-to-date: /home/suzumiyaharuhi/rl_deploy_v2/deploy/install/legged_system/include/ros2_plugin_proto/ros2_plugin_proto/msg/detail
-- Installing: /home/suzumiyaharuhi/rl_deploy_v2/deploy/install/legged_system/include/ros2_plugin_proto/ros2_plugin_proto/msg/detail/ros_msg_wrapper__type_support.cpp
-- Installing: /home/suzumiyaharuhi/rl_deploy_v2/deploy/install/legged_system/include/ros2_plugin_proto/ros2_plugin_proto/msg/detail/ros_msg_wrapper__rosidl_typesupport_introspection_cpp.hpp
-- Installing: /home/suzumiyaharuhi/rl_deploy_v2/deploy/install/legged_system/lib/libros2_plugin_proto__rosidl_typesupport_introspection_cpp.so
-- Set runtime path of "/home/suzumiyaharuhi/rl_deploy_v2/deploy/install/legged_system/lib/libros2_plugin_proto__rosidl_typesupport_introspection_cpp.so" to ""
-- Installing: /home/suzumiyaharuhi/rl_deploy_v2/deploy/install/legged_system/lib/libros2_plugin_proto__rosidl_typesupport_cpp.so
-- Set runtime path of "/home/suzumiyaharuhi/rl_deploy_v2/deploy/install/legged_system/lib/libros2_plugin_proto__rosidl_typesupport_cpp.so" to ""
-- Installing: /home/suzumiyaharuhi/rl_deploy_v2/deploy/install/legged_system/share/ros2_plugin_proto/environment/pythonpath.sh
-- Installing: /home/suzumiyaharuhi/rl_deploy_v2/deploy/install/legged_system/share/ros2_plugin_proto/environment/pythonpath.dsv
-- Installing: /home/suzumiyaharuhi/rl_deploy_v2/deploy/install/legged_system/local/lib/python3.10/dist-packages/ros2_plugin_proto-0.1.0-py3.10.egg-info
-- Installing: /home/suzumiyaharuhi/rl_deploy_v2/deploy/install/legged_system/local/lib/python3.10/dist-packages/ros2_plugin_proto-0.1.0-py3.10.egg-info/dependency_links.txt
-- Installing: /home/suzumiyaharuhi/rl_deploy_v2/deploy/install/legged_system/local/lib/python3.10/dist-packages/ros2_plugin_proto-0.1.0-py3.10.egg-info/PKG-INFO
-- Installing: /home/suzumiyaharuhi/rl_deploy_v2/deploy/install/legged_system/local/lib/python3.10/dist-packages/ros2_plugin_proto-0.1.0-py3.10.egg-info/SOURCES.txt
-- Installing: /home/suzumiyaharuhi/rl_deploy_v2/deploy/install/legged_system/local/lib/python3.10/dist-packages/ros2_plugin_proto-0.1.0-py3.10.egg-info/top_level.txt
-- Installing: /home/suzumiyaharuhi/rl_deploy_v2/deploy/install/legged_system/local/lib/python3.10/dist-packages/ros2_plugin_proto
-- Installing: /home/suzumiyaharuhi/rl_deploy_v2/deploy/install/legged_system/local/lib/python3.10/dist-packages/ros2_plugin_proto/ros2_plugin_proto_s__rosidl_typesupport_fastrtps_c.cpython-310-x86_64-linux-gnu.so
-- Installing: /home/suzumiyaharuhi/rl_deploy_v2/deploy/install/legged_system/local/lib/python3.10/dist-packages/ros2_plugin_proto/libros2_plugin_proto__rosidl_generator_py.so
-- Installing: /home/suzumiyaharuhi/rl_deploy_v2/deploy/install/legged_system/local/lib/python3.10/dist-packages/ros2_plugin_proto/srv
-- Installing: /home/suzumiyaharuhi/rl_deploy_v2/deploy/install/legged_system/local/lib/python3.10/dist-packages/ros2_plugin_proto/srv/_ros_rpc_wrapper.py
-- Installing: /home/suzumiyaharuhi/rl_deploy_v2/deploy/install/legged_system/local/lib/python3.10/dist-packages/ros2_plugin_proto/srv/_ros_rpc_wrapper_s.c
-- Installing: /home/suzumiyaharuhi/rl_deploy_v2/deploy/install/legged_system/local/lib/python3.10/dist-packages/ros2_plugin_proto/srv/__init__.py
-- Installing: /home/suzumiyaharuhi/rl_deploy_v2/deploy/install/legged_system/local/lib/python3.10/dist-packages/ros2_plugin_proto/_ros2_plugin_proto_s.ep.rosidl_typesupport_introspection_c.c
-- Installing: /home/suzumiyaharuhi/rl_deploy_v2/deploy/install/legged_system/local/lib/python3.10/dist-packages/ros2_plugin_proto/ros2_plugin_proto_s__rosidl_typesupport_c.cpython-310-x86_64-linux-gnu.so
-- Installing: /home/suzumiyaharuhi/rl_deploy_v2/deploy/install/legged_system/local/lib/python3.10/dist-packages/ros2_plugin_proto/ros2_plugin_proto_s__rosidl_typesupport_introspection_c.cpython-310-x86_64-linux-gnu.so
-- Installing: /home/suzumiyaharuhi/rl_deploy_v2/deploy/install/legged_system/local/lib/python3.10/dist-packages/ros2_plugin_proto/_ros2_plugin_proto_s.ep.rosidl_typesupport_c.c
-- Installing: /home/suzumiyaharuhi/rl_deploy_v2/deploy/install/legged_system/local/lib/python3.10/dist-packages/ros2_plugin_proto/_ros2_plugin_proto_s.ep.rosidl_typesupport_fastrtps_c.c
-- Installing: /home/suzumiyaharuhi/rl_deploy_v2/deploy/install/legged_system/local/lib/python3.10/dist-packages/ros2_plugin_proto/msg
-- Installing: /home/suzumiyaharuhi/rl_deploy_v2/deploy/install/legged_system/local/lib/python3.10/dist-packages/ros2_plugin_proto/msg/_ros_msg_wrapper_s.c
-- Installing: /home/suzumiyaharuhi/rl_deploy_v2/deploy/install/legged_system/local/lib/python3.10/dist-packages/ros2_plugin_proto/msg/_ros_msg_wrapper.py
-- Installing: /home/suzumiyaharuhi/rl_deploy_v2/deploy/install/legged_system/local/lib/python3.10/dist-packages/ros2_plugin_proto/msg/__init__.py
-- Installing: /home/suzumiyaharuhi/rl_deploy_v2/deploy/install/legged_system/local/lib/python3.10/dist-packages/ros2_plugin_proto/__init__.py
Listing '/home/suzumiyaharuhi/rl_deploy_v2/deploy/install/legged_system/local/lib/python3.10/dist-packages/ros2_plugin_proto'...
Compiling '/home/suzumiyaharuhi/rl_deploy_v2/deploy/install/legged_system/local/lib/python3.10/dist-packages/ros2_plugin_proto/__init__.py'...
Listing '/home/suzumiyaharuhi/rl_deploy_v2/deploy/install/legged_system/local/lib/python3.10/dist-packages/ros2_plugin_proto/msg'...
Compiling '/home/suzumiyaharuhi/rl_deploy_v2/deploy/install/legged_system/local/lib/python3.10/dist-packages/ros2_plugin_proto/msg/__init__.py'...
Compiling '/home/suzumiyaharuhi/rl_deploy_v2/deploy/install/legged_system/local/lib/python3.10/dist-packages/ros2_plugin_proto/msg/_ros_msg_wrapper.py'...
Listing '/home/suzumiyaharuhi/rl_deploy_v2/deploy/install/legged_system/local/lib/python3.10/dist-packages/ros2_plugin_proto/srv'...
Compiling '/home/suzumiyaharuhi/rl_deploy_v2/deploy/install/legged_system/local/lib/python3.10/dist-packages/ros2_plugin_proto/srv/__init__.py'...
Compiling '/home/suzumiyaharuhi/rl_deploy_v2/deploy/install/legged_system/local/lib/python3.10/dist-packages/ros2_plugin_proto/srv/_ros_rpc_wrapper.py'...
-- Installing: /home/suzumiyaharuhi/rl_deploy_v2/deploy/install/legged_system/local/lib/python3.10/dist-packages/ros2_plugin_proto/ros2_plugin_proto_s__rosidl_typesupport_fastrtps_c.cpython-310-x86_64-linux-gnu.so
-- Set runtime path of "/home/suzumiyaharuhi/rl_deploy_v2/deploy/install/legged_system/local/lib/python3.10/dist-packages/ros2_plugin_proto/ros2_plugin_proto_s__rosidl_typesupport_fastrtps_c.cpython-310-x86_64-linux-gnu.so" to ""
-- Installing: /home/suzumiyaharuhi/rl_deploy_v2/deploy/install/legged_system/local/lib/python3.10/dist-packages/ros2_plugin_proto/ros2_plugin_proto_s__rosidl_typesupport_introspection_c.cpython-310-x86_64-linux-gnu.so
-- Set runtime path of "/home/suzumiyaharuhi/rl_deploy_v2/deploy/install/legged_system/local/lib/python3.10/dist-packages/ros2_plugin_proto/ros2_plugin_proto_s__rosidl_typesupport_introspection_c.cpython-310-x86_64-linux-gnu.so" to ""
-- Installing: /home/suzumiyaharuhi/rl_deploy_v2/deploy/install/legged_system/local/lib/python3.10/dist-packages/ros2_plugin_proto/ros2_plugin_proto_s__rosidl_typesupport_c.cpython-310-x86_64-linux-gnu.so
-- Set runtime path of "/home/suzumiyaharuhi/rl_deploy_v2/deploy/install/legged_system/local/lib/python3.10/dist-packages/ros2_plugin_proto/ros2_plugin_proto_s__rosidl_typesupport_c.cpython-310-x86_64-linux-gnu.so" to ""
-- Installing: /home/suzumiyaharuhi/rl_deploy_v2/deploy/install/legged_system/lib/libros2_plugin_proto__rosidl_generator_py.so
-- Set runtime path of "/home/suzumiyaharuhi/rl_deploy_v2/deploy/install/legged_system/lib/libros2_plugin_proto__rosidl_generator_py.so" to ""
-- Installing: /home/suzumiyaharuhi/rl_deploy_v2/deploy/install/legged_system/share/ros2_plugin_proto/msg/RosMsgWrapper.idl
-- Installing: /home/suzumiyaharuhi/rl_deploy_v2/deploy/install/legged_system/share/ros2_plugin_proto/srv/RosRpcWrapper.idl
-- Installing: /home/suzumiyaharuhi/rl_deploy_v2/deploy/install/legged_system/share/ros2_plugin_proto/msg/RosMsgWrapper.msg
-- Installing: /home/suzumiyaharuhi/rl_deploy_v2/deploy/install/legged_system/share/ros2_plugin_proto/srv/RosRpcWrapper.srv
-- Installing: /home/suzumiyaharuhi/rl_deploy_v2/deploy/install/legged_system/share/ros2_plugin_proto/srv/RosRpcWrapper_Request.msg
-- Installing: /home/suzumiyaharuhi/rl_deploy_v2/deploy/install/legged_system/share/ros2_plugin_proto/srv/RosRpcWrapper_Response.msg
-- Installing: /home/suzumiyaharuhi/rl_deploy_v2/deploy/install/legged_system/share/ament_index/resource_index/package_run_dependencies/ros2_plugin_proto
-- Installing: /home/suzumiyaharuhi/rl_deploy_v2/deploy/install/legged_system/share/ament_index/resource_index/parent_prefix_path/ros2_plugin_proto
-- Installing: /home/suzumiyaharuhi/rl_deploy_v2/deploy/install/legged_system/share/ros2_plugin_proto/environment/ament_prefix_path.sh
-- Installing: /home/suzumiyaharuhi/rl_deploy_v2/deploy/install/legged_system/share/ros2_plugin_proto/environment/ament_prefix_path.dsv
-- Installing: /home/suzumiyaharuhi/rl_deploy_v2/deploy/install/legged_system/share/ros2_plugin_proto/environment/path.sh
-- Installing: /home/suzumiyaharuhi/rl_deploy_v2/deploy/install/legged_system/share/ros2_plugin_proto/environment/path.dsv
-- Installing: /home/suzumiyaharuhi/rl_deploy_v2/deploy/install/legged_system/share/ros2_plugin_proto/local_setup.bash
-- Installing: /home/suzumiyaharuhi/rl_deploy_v2/deploy/install/legged_system/share/ros2_plugin_proto/local_setup.sh
-- Installing: /home/suzumiyaharuhi/rl_deploy_v2/deploy/install/legged_system/share/ros2_plugin_proto/local_setup.zsh
-- Installing: /home/suzumiyaharuhi/rl_deploy_v2/deploy/install/legged_system/share/ros2_plugin_proto/local_setup.dsv
-- Installing: /home/suzumiyaharuhi/rl_deploy_v2/deploy/install/legged_system/share/ros2_plugin_proto/package.dsv
-- Installing: /home/suzumiyaharuhi/rl_deploy_v2/deploy/install/legged_system/share/ament_index/resource_index/packages/ros2_plugin_proto
-- Installing: /home/suzumiyaharuhi/rl_deploy_v2/deploy/install/legged_system/share/ros2_plugin_proto/cmake/export_ros2_plugin_proto__rosidl_generator_cExport.cmake
-- Installing: /home/suzumiyaharuhi/rl_deploy_v2/deploy/install/legged_system/share/ros2_plugin_proto/cmake/export_ros2_plugin_proto__rosidl_typesupport_fastrtps_cExport.cmake
-- Installing: /home/suzumiyaharuhi/rl_deploy_v2/deploy/install/legged_system/share/ros2_plugin_proto/cmake/export_ros2_plugin_proto__rosidl_generator_cppExport.cmake
-- Installing: /home/suzumiyaharuhi/rl_deploy_v2/deploy/install/legged_system/share/ros2_plugin_proto/cmake/export_ros2_plugin_proto__rosidl_typesupport_fastrtps_cppExport.cmake
-- Installing: /home/suzumiyaharuhi/rl_deploy_v2/deploy/install/legged_system/share/ros2_plugin_proto/cmake/ros2_plugin_proto__rosidl_typesupport_introspection_cExport.cmake
-- Installing: /home/suzumiyaharuhi/rl_deploy_v2/deploy/install/legged_system/share/ros2_plugin_proto/cmake/ros2_plugin_proto__rosidl_typesupport_cExport.cmake
-- Installing: /home/suzumiyaharuhi/rl_deploy_v2/deploy/install/legged_system/share/ros2_plugin_proto/cmake/ros2_plugin_proto__rosidl_typesupport_introspection_cppExport.cmake
-- Installing: /home/suzumiyaharuhi/rl_deploy_v2/deploy/install/legged_system/share/ros2_plugin_proto/cmake/ros2_plugin_proto__rosidl_typesupport_cppExport.cmake
-- Installing: /home/suzumiyaharuhi/rl_deploy_v2/deploy/install/legged_system/share/ros2_plugin_proto/cmake/export_ros2_plugin_proto__rosidl_generator_pyExport.cmake
-- Installing: /home/suzumiyaharuhi/rl_deploy_v2/deploy/install/legged_system/share/ros2_plugin_proto/cmake/rosidl_cmake-extras.cmake
-- Installing: /home/suzumiyaharuhi/rl_deploy_v2/deploy/install/legged_system/share/ros2_plugin_proto/cmake/ament_cmake_export_include_directories-extras.cmake
-- Installing: /home/suzumiyaharuhi/rl_deploy_v2/deploy/install/legged_system/share/ros2_plugin_proto/cmake/ament_cmake_export_libraries-extras.cmake
-- Installing: /home/suzumiyaharuhi/rl_deploy_v2/deploy/install/legged_system/share/ros2_plugin_proto/cmake/ament_cmake_export_targets-extras.cmake
-- Installing: /home/suzumiyaharuhi/rl_deploy_v2/deploy/install/legged_system/share/ros2_plugin_proto/cmake/rosidl_cmake_export_typesupport_targets-extras.cmake
-- Installing: /home/suzumiyaharuhi/rl_deploy_v2/deploy/install/legged_system/share/ros2_plugin_proto/cmake/ament_cmake_export_dependencies-extras.cmake
-- Installing: /home/suzumiyaharuhi/rl_deploy_v2/deploy/install/legged_system/share/ros2_plugin_proto/cmake/rosidl_cmake_export_typesupport_libraries-extras.cmake
-- Installing: /home/suzumiyaharuhi/rl_deploy_v2/deploy/install/legged_system/share/ros2_plugin_proto/cmake/ros2_plugin_protoConfig.cmake
-- Installing: /home/suzumiyaharuhi/rl_deploy_v2/deploy/install/legged_system/share/ros2_plugin_proto/cmake/ros2_plugin_protoConfig-version.cmake
-- Installing: /home/suzumiyaharuhi/rl_deploy_v2/deploy/install/legged_system/share/ros2_plugin_proto/package.xml
-- Installing: /home/suzumiyaharuhi/rl_deploy_v2/deploy/install/legged_system/lib/libaimrt_protocols_ros2_plugin_proto_aimrt_rpc_gencode.a
-- Installing: /home/suzumiyaharuhi/rl_deploy_v2/deploy/install/legged_system/include/aimrt_protocols_ros2_plugin_proto_aimrt_rpc_gencode/RosRpcWrapper.aimrt_rpc.srv.h
-- Installing: /home/suzumiyaharuhi/rl_deploy_v2/deploy/install/legged_system/bin/libros2_plugin_proto_ros2_ts.so
-- Set runtime path of "/home/suzumiyaharuhi/rl_deploy_v2/deploy/install/legged_system/bin/libros2_plugin_proto_ros2_ts.so" to ""
-- Installing: /home/suzumiyaharuhi/rl_deploy_v2/deploy/install/legged_system/bin/libaimrt_ros2_plugin.so
-- Set runtime path of "/home/suzumiyaharuhi/rl_deploy_v2/deploy/install/legged_system/bin/libaimrt_ros2_plugin.so" to ""
-- Installing: /home/suzumiyaharuhi/rl_deploy_v2/deploy/install/legged_system/bin/libaimrt_iceoryx_plugin.so
-- Set runtime path of "/home/suzumiyaharuhi/rl_deploy_v2/deploy/install/legged_system/bin/libaimrt_iceoryx_plugin.so" to ""
-- Up-to-date: /home/suzumiyaharuhi/rl_deploy_v2/deploy/install/legged_system/.//cmake
-- Installing: /home/suzumiyaharuhi/rl_deploy_v2/deploy/install/legged_system/.//cmake/GetStdexec.cmake
-- Installing: /home/suzumiyaharuhi/rl_deploy_v2/deploy/install/legged_system/.//cmake/PluginDetectTool.cmake
-- Installing: /home/suzumiyaharuhi/rl_deploy_v2/deploy/install/legged_system/.//cmake/GetGTest.cmake
-- Installing: /home/suzumiyaharuhi/rl_deploy_v2/deploy/install/legged_system/.//cmake/AddWerror.cmake
-- Installing: /home/suzumiyaharuhi/rl_deploy_v2/deploy/install/legged_system/.//cmake/GetJsonCpp.cmake
-- Installing: /home/suzumiyaharuhi/rl_deploy_v2/deploy/install/legged_system/.//cmake/GetBoost.cmake
-- Installing: /home/suzumiyaharuhi/rl_deploy_v2/deploy/install/legged_system/.//cmake/GetTBB.cmake
-- Installing: /home/suzumiyaharuhi/rl_deploy_v2/deploy/install/legged_system/.//cmake/GetPybind11.cmake
-- Installing: /home/suzumiyaharuhi/rl_deploy_v2/deploy/install/legged_system/.//cmake/GetIceoryx.cmake
-- Installing: /home/suzumiyaharuhi/rl_deploy_v2/deploy/install/legged_system/.//cmake/GetZenoh.cmake
-- Installing: /home/suzumiyaharuhi/rl_deploy_v2/deploy/install/legged_system/.//cmake/GetProtobuf.cmake
-- Installing: /home/suzumiyaharuhi/rl_deploy_v2/deploy/install/legged_system/.//cmake/GetNlohmannJson.cmake
-- Installing: /home/suzumiyaharuhi/rl_deploy_v2/deploy/install/legged_system/.//cmake/GetGFlags.cmake
-- Installing: /home/suzumiyaharuhi/rl_deploy_v2/deploy/install/legged_system/.//cmake/GetNghttp2.cmake
-- Installing: /home/suzumiyaharuhi/rl_deploy_v2/deploy/install/legged_system/.//cmake/GetOpenTelemetryCpp.cmake
-- Installing: /home/suzumiyaharuhi/rl_deploy_v2/deploy/install/legged_system/.//cmake/GetYamlCpp.cmake
-- Installing: /home/suzumiyaharuhi/rl_deploy_v2/deploy/install/legged_system/.//cmake/GetAsio.cmake
-- Installing: /home/suzumiyaharuhi/rl_deploy_v2/deploy/install/legged_system/.//cmake/GetFmt.cmake
-- Installing: /home/suzumiyaharuhi/rl_deploy_v2/deploy/install/legged_system/.//cmake/CheckPythonPackage.cmake
-- Installing: /home/suzumiyaharuhi/rl_deploy_v2/deploy/install/legged_system/.//cmake/GetLibUnifex.cmake
-- Installing: /home/suzumiyaharuhi/rl_deploy_v2/deploy/install/legged_system/.//cmake/GetCppToml.cmake
-- Installing: /home/suzumiyaharuhi/rl_deploy_v2/deploy/install/legged_system/.//cmake/GetMcap.cmake
-- Installing: /home/suzumiyaharuhi/rl_deploy_v2/deploy/install/legged_system/.//cmake/GetPahoMqttC.cmake
-- Installing: /home/suzumiyaharuhi/rl_deploy_v2/deploy/install/legged_system/.//cmake/GetOpenTelemetryProto.cmake
-- Installing: /home/suzumiyaharuhi/rl_deploy_v2/deploy/install/legged_system/.//cmake/NamespaceTool.cmake
-- Installing: /home/suzumiyaharuhi/rl_deploy_v2/deploy/install/legged_system/.//cmake/ProtobufGenCode.cmake
-- Installing: /home/suzumiyaharuhi/rl_deploy_v2/deploy/install/legged_system/lib/cmake/aimrt/aimrt-config.cmake
